x,y,f_true,interp
0.160906,-0.946403,0.37976046,0.37976033
-0.268696,0.406571,0.62654961,0.62654964
-0.098028,-0.100532,0.89694499,0.89694501
0.416381,0.813727,0.4656263,0.4656263
0.888221,0.383801,0.60688135,0.60688133
0.420150,0.601646,0.72595124,0.72595123
0.290318,0.458966,0.90201864,0.90201864
-0.160776,0.768474,0.51435511,0.51435509
0.105915,-0.567318,0.76456848,0.76456849
0.302615,-0.116452,1.1351853,1.1351853
0.409195,0.258106,1.0584289,1.0584288
-0.340930,0.673022,0.47332252,0.47332254
-0.533267,0.124632,0.40924612,0.40924611
0.087748,-0.562296,0.76371093,0.76371091
-0.497471,0.580272,0.3910585,0.39105852
-0.576989,0.939837,0.33821965,0.33821964
-0.399068,-0.732896,0.42517425,0.42517423
-0.027919,0.362547,0.85675467,0.85675467
0.944569,-0.596082,0.40477977,0.40477976
0.838730,-0.827917,0.27369964,0.27369963
-0.237556,0.342177,0.68083601,0.680836
-0.911379,0.661233,0.18264546,0.18264548
0.135601,0.214359,1.0455227,1.0455227
-0.605854,-0.858813,0.32262514,0.32262513
-0.431115,0.306087,0.49342879,0.4934288
0.605365,-0.107841,1.0280259,1.0280259
0.411893,-0.927963,0.32691966,0.32691956
0.315765,0.663029,0.67470042,0.67470042
-0.014802,0.144435,0.96662687,0.96662684
0.769119,-0.844781,0.28760107,0.28760106
-0.830207,-0.042282,0.19558754,0.19558751
-0.000092,-0.478482,0.79531963,0.79531962
0.325433,0.081785,1.1451242,1.1451242
-0.746633,0.567036,0.240168,0.24016801
-0.306409,0.461391,0.57215549,0.57215552
0.254769,-0.819876,0.498246,0.49824601
0.792731,-0.928111,0.19344594,0.19344595
0.334712,-0.355241,0.99655214,0.99655217
-0.821486,-0.311541,0.19963512,0.19963512
-0.125842,-0.570428,0.65484327,0.65484325
-0.521603,-0.099906,0.42206237,0.4220624
0.018055,0.642546,0.66789134,0.66789135
-0.093930,0.393145,0.78738179,0.78738178
0.853052,-0.737932,0.35133424,0.35133424
-0.072136,-0.464094,0.75993062,0.75993062
-0.803190,-0.602665,0.21672502,0.21672501
-0.356627,0.132450,0.60064184,0.60064183
0.882273,-0.760296,0.31418144,0.31418145
0.201190,0.308545,1.0164789,1.0164789
0.264948,-0.198043,1.0980689,1.0980689
0.317182,-0.936247,0.34790191,0.34790178
0.525841,0.260866,1.0104643,1.0104642
0.480323,0.282350,1.0182019,1.0182019
-0.357006,0.776501,0.43477489,0.43477491
-0.901640,-0.885524,0.2087635,0.20876351
0.441495,-0.573328,0.75272544,0.75272542
0.735586,0.216601,0.86759819,0.86759817
0.005773,-0.471346,0.80409453,0.80409453
-0.826209,-0.456550,0.20047663,0.2004766
-0.519602,0.042113,0.42585332,0.42585334
0.389211,-0.811298,0.4768882,0.47688819
-0.174152,0.868743,0.45505791,0.45505795
-0.369416,0.424979,0.52685193,0.52685192
0.617100,-0.926503,0.25575842,0.25575839
-0.733191,-0.121132,0.24562154,0.24562152
0.586026,-0.422973,0.84508716,0.84508714
-0.213483,0.618919,0.57287058,0.57287056
-0.521219,0.216928,0.41495073,0.41495073
0.411835,0.551421,0.78666521,0.78666521
0.855549,0.080230,0.76983395,0.76983391
-0.302675,0.940279,0.40608607,0.40608608
0.242462,0.035877,1.1406774,1.1406774
0.892001,-0.535643,0.49645185,0.49645184
0.310088,0.404235,0.95431329,0.95431327
-0.272941,0.286913,0.66292972,0.66292972
0.484933,0.318424,0.98960245,0.98960246
0.284848,-0.946798,0.34579777,0.3457976
0.500337,0.911462,0.31603876,0.31603876
-0.212703,-0.448993,0.65867198,0.65867197
-0.947285,-0.920047,0.19567595,0.19567588
0.841862,0.223917,0.74534909,0.74534907
-0.906963,0.464560,0.17407931,0.17407931
-0.267126,-0.088388,0.70987649,0.70987648
0.223595,0.600754,0.75031597,0.75031597
0.141168,0.044717,1.0988925,1.0988925
-0.716099,0.620458,0.25767136,0.25767137
0.862438,0.430275,0.6035036,0.60350358
-0.455422,0.057382,0.49389924,0.49389925
0.046304,0.500970,0.80145246,0.80145246
-0.605298,0.288818,0.33449888,0.33449892
0.311618,0.737254,0.58629652,0.58629652
0.625268,-0.081370,1.0181856,1.0181856
0.798296,-0.528106,0.58537654,0.58537654
-0.460934,-0.643264,0.40626201,0.40626199
0.421921,-0.016312,1.141005,1.141005
0.026329,-0.579688,0.72568594,0.72568593
-0.119609,0.232599,0.83967878,0.83967878
-0.708190,-0.428673,0.25805122,0.25805121
0.341966,0.131565,1.131081,1.131081
0.339077,-0.502679,0.85447902,0.85447904
0.467285,0.776815,0.49492299,0.49492299
0.481467,-0.508731,0.81126702,0.81126701
-0.524138,0.196328,0.41375864,0.41375862
0.655941,-0.208230,0.94767013,0.94767014
0.395171,0.186831,1.1019198,1.1019198
0.362748,-0.226552,1.0858902,1.0858902
-0.780729,-0.161256,0.21834008,0.21834005
-0.093368,0.255604,0.8560858,0.85608581
0.168285,0.722851,0.6145503,0.6145503
0.639372,0.208636,0.96163018,0.96163016
-0.373680,0.082699,0.58541581,0.58541585
0.250619,0.860427,0.45243833,0.45243832
-0.696543,-0.243374,0.26783728,0.2678373
0.585895,0.161901,1.0244495,1.0244495
-0.850975,-0.522559,0.19378427,0.19378426
0.949580,-0.639043,0.36902151,0.36902148
0.916974,-0.044970,0.69236936,0.69236934
0.935931,-0.692567,0.33789957,0.33789957
0.365350,0.267551,1.0601325,1.0601325
0.756775,0.450180,0.68944269,0.68944267
0.832523,-0.476421,0.59829261,0.5982926
-0.037740,-0.751828,0.56029626,0.56029628
0.651594,-0.218590,0.94623926,0.94623925
0.122584,-0.436840,0.8885455,0.88854549
0.223358,-0.051633,1.1334411,1.1334411
-0.344287,-0.462362,0.5385869,0.53858687
0.599803,0.124826,1.0273879,1.0273879
-0.472331,0.125468,0.47204015,0.47204017
-0.117187,-0.820994,0.49331124,0.49331123
0.461165,-0.660210,0.64217178,0.64217177
-0.483476,0.624148,0.39458859,0.39458863
-0.095411,0.554909,0.68355004,0.68355002
-0.447193,0.159626,0.49632232,0.49632231
-0.812448,-0.245715,0.20313944,0.20313941
0.896838,0.514216,0.50824971,0.50824971
-0.728416,-0.519321,0.24777802,0.247778
0.116030,-0.749252,0.58485009,0.5848501
-0.478909,-0.823339,0.37474195,0.37474197
-0.349206,-0.859775,0.41645046,0.41645047
-0.720007,-0.102771,0.25418021,0.25418021
0.394883,-0.845714,0.43262679,0.4326268
-0.366790,-0.829314,0.41776508,0.41776507
0.301627,-0.934522,0.35462244,0.35462233
-0.718851,0.005570,0.25538267,0.2553827
-0.366366,-0.292268,0.56274725,0.56274723
-0.811267,-0.185185,0.20360883,0.2036088
0.206164,-0.076147,1.1237401,1.12374
0.581287,-0.188401,1.0161844,1.0161845
0.335515,-0.267853,1.0623377,1.0623377
0.795270,-0.929113,0.19163713,0.19163711
0.436074,-0.563252,0.76609959,0.76609957
0.367101,0.481489,0.87304554,0.87304553
-0.291461,0.214652,0.66132348,0.66132348
-0.942696,-0.041762,0.16382965,0.16382971
0.691917,0.226900,0.9056291,0.90562908
0.293314,0.932404,0.35951228,0.35951227
0.298342,-0.663067,0.67688747,0.67688746
-0.612398,0.878201,0.32130568,0.3213057
0.908575,-0.807260,0.2597064,0.2597064
-0.396678,0.409723,0.50554862,0.50554866
0.066565,-0.104881,1.0416333,1.0416333
0.204468,0.367544,0.97296286,0.97296286
-0.302112,-0.217673,0.64878926,0.64878921
-0.003852,0.433096,0.82655983,0.82655983
-0.644804,-0.060379,0.30979023,0.30979026
0.225912,-0.935490,0.37492593,0.37492583
-0.426808,0.320377,0.49521193,0.49521194
0.595566,0.306431,0.93561837,0.93561834
0.122172,0.652379,0.68434557,0.6843456
-0.740814,-0.628764,0.24608608,0.24608606
-0.208548,-0.911666,0.42924544,0.42924537
0.344349,0.674757,0.65591251,0.65591254
0.140949,0.802964,0.52958551,0.52958551
-0.031587,0.752782,0.56092821,0.56092819
-0.097012,-0.185035,0.87785328,0.87785324
-0.166844,0.197959,0.80228633,0.80228633
0.157019,0.215376,1.055377,1.055377
0.362145,0.885892,0.39358003,0.39358005
-0.111115,0.501854,0.70840538,0.70840538
0.691362,-0.639269,0.5530177,0.55301772
0.661489,0.855964,0.32077531,0.32077528
-0.128239,0.816794,0.49372402,0.49372404
0.658923,-0.453062,0.76680668,0.76680668
0.480120,-0.355601,0.96146502,0.96146501
-0.144041,-0.398524,0.74269457,0.74269459
0.220981,0.793898,0.5330234,0.53302342
-0.415804,-0.691505,0.42482274,0.4248227
-0.151039,0.767214,0.51822763,0.51822761
-0.498032,0.473969,0.4052633,0.40526331
0.372372,0.407763,0.94564442,0.9456444
0.563880,0.739948,0.50259342,0.50259341
-0.349737,-0.016161,0.61625873,0.61625877
0.560336,-0.756214,0.48414801,0.48414803
-0.236150,-0.150869,0.73678106,0.73678106
-0.157180,-0.826580,0.48155362,0.48155364
-0.303259,-0.186227,0.65378705,0.65378707
-0.355996,0.569605,0.49576072,0.49576074
0.334995,0.555463,0.79708181,0.79708181
0.856616,0.430853,0.60905203,0.60905201
0.751078,-0.369255,0.75897518,0.75897519
0.552902,-0.000956,1.0804033,1.0804033
0.561826,0.015061,1.0741987,1.0741987
0.503075,-0.731952,0.53781281,0.53781285
0.554344,-0.223970,1.0159023,1.0159022
-0.359685,0.577157,0.49075331,0.49075333
0.414866,-0.945427,0.30504746,0.30504729
-0.273443,-0.720298,0.49246508,0.4924651
-0.008425,0.251491,0.93201516,0.93201515
-0.476128,0.811267,0.37693396,0.37693397
-0.812080,-0.021013,0.20340826,0.20340825
0.256290,0.311931,1.0267035,1.0267035
-0.752295,-0.022093,0.23448518,0.23448521
0.865687,0.734946,0.34658635,0.34658635
-0.087468,0.846074,0.4814226,0.48142258
-0.860001,-0.050246,0.18438365,0.18438364
-0.048523,0.322353,0.86376352,0.86376354
0.940396,0.505809,0.47235236,0.47235237
0.198771,-0.004180,1.1280933,1.1280933
0.558402,-0.949594,0.24956874,0.2495686
-0.371743,-0.850835,0.41125243,0.41125242
0.345496,0.347236,1.0024656,1.0024656
-0.417149,0.589296,0.44614138,0.44614143
-0.483025,-0.216467,0.45301303,0.45301305
0.050118,0.877972,0.46104852,0.46104852
-0.914049,0.949235,0.21246121,0.21246104
0.042434,-0.349548,0.91335699,0.91335699
0.294065,0.733935,0.59320126,0.59320125
0.777002,-0.440911,0.67884572,0.67884571
0.352630,-0.749111,0.56340846,0.56340847
-0.149523,0.421395,0.7260176,0.7260176
0.236993,0.647498,0.69868774,0.69868777
-0.016116,0.688700,0.61757041,0.61757042
0.197936,-0.519712,0.83261114,0.83261111
-0.013450,0.766924,0.55301511,0.55301514
-0.566383,0.696206,0.33886641,0.33886643
0.667120,-0.652662,0.5528982,0.5528982
-0.291839,0.848498,0.4368896,0.43688963
0.189890,0.234864,1.0587157,1.0587157
-0.685206,-0.715667,0.27806687,0.27806686
-0.676264,-0.037108,0.28538458,0.28538458
0.778938,-0.275490,0.79155627,0.79155626
-0.030398,0.873107,0.46617486,0.46617491
0.129389,-0.645429,0.69259912,0.69259912
-0.121908,0.061355,0.87716012,0.87716013
0.884296,-0.397133,0.60276573,0.60276573
0.184868,-0.552498,0.79721834,0.7972183
-0.210038,0.924297,0.42348702,0.42348702
-0.042788,-0.391862,0.82763253,0.82763256
0.446883,-0.216730,1.0723642,1.0723642
0.312024,-0.800583,0.50977833,0.50977834
0.845727,-0.203297,0.7489956,0.7489956
-0.034086,0.218871,0.92461093,0.92461093
0.810415,0.349261,0.71323033,0.7132303
-0.160437,0.754478,0.52272396,0.52272397
-0.396965,-0.805002,0.41120949,0.41120946
0.489435,0.476284,0.84265736,0.84265735
0.611681,-0.285242,0.93872826,0.93872825
-0.717919,0.713611,0.26255136,0.26255137
0.274134,-0.710674,0.62346438,0.62346437
0.501980,0.784446,0.4726749,0.4726749
0.494227,-0.568377,0.73916046,0.73916048
-0.234635,0.239777,0.71758913,0.71758912
0.753400,0.944067,0.18981311,0.18981311
-0.178856,-0.484037,0.66878485,0.66878487
0.336349,0.630635,0.71006729,0.7100673
0.401943,0.754548,0.54381477,0.54381477
0.764023,0.444855,0.68743419,0.68743416
-0.172836,0.381533,0.72574563,0.72574566
0.764475,-0.727965,0.41308864,0.41308863
0.144574,-0.075593,1.0963569,1.096357
0.539891,0.508112,0.78548702,0.78548704
-0.679206,-0.851584,0.29211263,0.29211263
0.943709,-0.134300,0.64262982,0.6426298
0.597659,0.048887,1.0455871,1.0455871
0.693256,0.205561,0.91484562,0.91484559
-0.279326,0.926367,0.41384122,0.41384122
-0.795131,0.348907,0.21155336,0.21155335
-0.778162,-0.287741,0.21940725,0.21940723
-0.554403,-0.218776,0.38330738,0.38330736
0.414027,-0.080011,1.134941,1.134941
0.087985,-0.867139,0.46857926,0.46857926
0.456126,-0.440963,0.89167238,0.89167239
0.358463,0.174691,1.1129104,1.1129104
-0.180446,0.597448,0.60485511,0.60485511
-0.333580,-0.658282,0.48250659,0.48250659
0.078723,0.233737,1.0034538,1.0034538
-0.518542,0.554503,0.3793746,0.3793746
-0.480107,0.141900,0.46264077,0.46264078
0.880134,0.035821,0.74259812,0.74259811
-0.598617,-0.310593,0.33867299,0.33867298
-0.105758,0.071245,0.89315785,0.89315785
0.716614,0.727618,0.4405609,0.44056086
-0.128337,-0.824590,0.48882722,0.48882721
-0.556772,0.458710,0.36074241,0.3607424
-0.771188,0.496203,0.22571778,0.2257178
0.835136,-0.522711,0.55805217,0.55805216
0.043602,0.380246,0.89323653,0.89323657
-0.296451,-0.679318,0.49673636,0.49673633
0.928149,-0.346583,0.58265334,0.58265333
-0.167474,0.154806,0.81251053,0.81251053
0.731684,-0.841338,0.30752734,0.30752734
-0.013380,-0.408747,0.83730841,0.8373084
-0.577778,0.493933,0.34234638,0.34234639
0.317990,0.133712,1.1304553,1.1304553
0.022659,-0.165966,0.99127038,0.99127033
-0.287505,-0.801710,0.45477771,0.45477771
-0.586674,-0.168953,0.35671887,0.35671885
0.916723,0.859195,0.21263772,0.21263769
0.558831,-0.281587,0.97737672,0.97737669
0.049474,0.334383,0.92761741,0.92761742
-0.660163,0.777884,0.29389559,0.2938956
0.000825,-0.661430,0.64592283,0.64592282
0.882519,0.708366,0.3599562,0.35995621
-0.232605,-0.302977,0.69988079,0.69988076
-0.551210,-0.439726,0.36682178,0.36682178
-0.726528,0.405885,0.2474259,0.2474259
-0.297758,-0.380365,0.60819353,0.60819349
-0.134616,0.016374,0.86625104,0.86625108
-0.667530,-0.822650,0.29419863,0.29419863
-0.275593,0.577123,0.55143252,0.55143251
-0.708397,-0.875043,0.28299538,0.28299537
0.443378,0.900409,0.34955889,0.34955888
-0.586819,-0.898162,0.33227549,0.33227548
0.938972,-0.855705,0.20672934,0.20672936
0.537935,-0.671225,0.59814218,0.59814217
-0.501028,0.724149,0.37269764,0.37269764
-0.627842,-0.291027,0.31641054,0.31641054
-0.474135,-0.062496,0.47328972,0.47328973
-0.050492,0.306786,0.87034457,0.87034456
0.903938,0.703601,0.35018503,0.35018502
0.748747,0.088144,0.89649428,0.89649426
0.732323,0.710518,0.45037757,0.45037755
-0.325156,0.893613,0.41441988,0.41441991
0.423021,-0.936435,0.312972,0.31297187
0.526414,0.716863,0.54713579,0.54713578
-0.802452,0.905658,0.25011164,0.25011165
-0.743200,-0.249792,0.23847772,0.23847772
0.854282,-0.650386,0.43090013,0.43090011
0.781506,0.087004,0.85952055,0.85952056
0.245313,-0.794809,0.52876274,0.52876276
-0.773194,0.286539,0.22193385,0.22193387
-0.450074,0.632423,0.41507188,0.41507187
-0.131823,0.537496,0.67191647,0.67191648
-0.736824,-0.275811,0.24199987,0.24199984
-0.554139,0.013108,0.39156973,0.39156975
-0.833716,0.825612,0.22661623,0.22661624
0.848470,0.160430,0.76039294,0.76039293
0.205702,-0.466694,0.88586571,0.88586568
-0.875264,0.775073,0.20503876,0.20503875
0.080201,-0.584042,0.74103267,0.74103266
0.695976,0.192568,0.918136,0.91813599
0.343628,-0.895422,0.38772054,0.38772051
0.625261,0.498254,0.74612743,0.7461274
0.091866,-0.863837,0.47143904,0.47143901
-0.356591,0.208882,0.58972071,0.58972072
0.584053,0.879281,0.32401751,0.32401748
-0.513527,0.391288,0.40333132,0.40333132
0.261253,-0.092737,1.1357562,1.1357562
0.799346,0.805438,0.31435528,0.31435528
-0.629971,0.146441,0.3202515,0.32025147
-0.609188,0.612410,0.31633742,0.31633743
-0.946624,0.362653,0.163304,0.16330385
0.502434,0.383032,0.92768144,0.92768141
-0.386948,-0.319588,0.53554464,0.53554462
-0.176245,-0.551627,0.63354587,0.63354588
0.323228,0.651999,0.68673511,0.68673515
0.742040,-0.881279,0.2599896,0.25998959
0.168662,0.588973,0.75706802,0.75706802
0.181691,-0.839749,0.48707139,0.4870714
-0.254634,0.319554,0.6716607,0.67166067
0.583331,0.379035,0.88628439,0.88628436
0.380468,0.132709,1.1269713,1.1269713
-0.644667,-0.493507,0.29672502,0.29672501
-0.891651,-0.512350,0.18007499,0.18007497
0.271847,-0.811729,0.50463883,0.50463884
-0.757762,0.155071,0.23078315,0.23078315
-0.885710,-0.140436,0.17633777,0.17633776
0.572992,-0.437875,0.83893048,0.83893049
-0.243759,-0.735975,0.49942697,0.49942697
-0.823309,0.494216,0.20295565,0.20295562
-0.195821,0.587846,0.60046479,0.60046481
-0.412946,0.321223,0.5089178,0.50891779
0.814533,0.063809,0.82366437,0.82366435
0.803141,-0.637377,0.47980743,0.47980744
-0.593542,0.456700,0.3333641,0.33336413
0.146543,0.337622,0.97623856,0.97623854
-0.170826,-0.565739,0.62914364,0.62914365
-0.587040,-0.379625,0.34343127,0.34343125
-0.314743,-0.907512,0.413004,0.413004
0.929080,-0.132607,0.66285016,0.66285014
0.507686,-0.022234,1.1063466,1.1063465
-0.664907,0.344286,0.28712291,0.2871229
-0.093120,0.623211,0.63724157,0.63724157
0.090074,-0.525723,0.79808574,0.79808569
-0.745400,0.677151,0.2471934,0.2471934
0.488237,0.276574,1.0187361,1.018736
-0.536377,0.806085,0.3508716,0.35087162
-0.541232,0.601996,0.35928305,0.35928305
0.048894,-0.141495,1.0191371,1.0191371
0.205802,0.708623,0.63025192,0.63025194
0.569218,0.091853,1.058633,1.058633
0.818827,-0.908487,0.20402045,0.20402043
0.045656,0.482413,0.81647819,0.81647818
0.827355,-0.797408,0.30856997,0.30856998
-0.439107,-0.696737,0.4104775,0.41047751
0.213044,0.078356,1.1257373,1.1257373
0.369565,-0.156962,1.1193239,1.1193239
0.590489,-0.413643,0.85088762,0.85088762
0.668765,0.467316,0.74606418,0.74606415
-0.000609,-0.243220,0.94207729,0.94207726
0.203492,0.811430,0.515423,0.51542301
0.478295,0.798908,0.46331205,0.46331206
-0.557128,0.407173,0.36512906,0.36512905
0.844866,0.735447,0.35850133,0.35850131
0.849426,0.673455,0.41333576,0.41333577
0.695975,-0.898801,0.25843372,0.25843372
-0.825649,-0.820984,0.22912859,0.22912859
-0.615176,0.499716,0.31598809,0.31598809
-0.259937,0.519345,0.58792004,0.58792007
0.531669,0.044536,1.0910147,1.0910147
-0.564458,-0.581755,0.3455915,0.34559149
-0.197490,-0.720703,0.52730894,0.5273089
0.266396,-0.379764,0.97404773,0.97404771
-0.454997,0.488861,0.43777306,0.43777307
-0.051633,0.787362,0.52965414,0.52965414
0.555364,-0.861697,0.35639908,0.35639908
-0.099621,0.649561,0.61558326,0.61558324
0.880701,0.880534,0.20803819,0.20803819
0.783453,-0.073568,0.85953735,0.85953738
0.226678,0.836280,0.48431102,0.48431102
0.780299,-0.111545,0.85574994,0.85574993
-0.068776,-0.425268,0.78744174,0.78744175
-0.212664,-0.441645,0.66214843,0.66214841
0.468936,0.208501,1.0685834,1.0685834
0.798916,-0.284370,0.76498211,0.76498211
-0.841360,0.924396,0.23766965,0.23766965
-0.494838,0.155877,0.44625812,0.44625809
0.791658,-0.367506,0.72029882,0.7202988
0.838332,-0.154800,0.77464786,0.77464786
0.240029,-0.649028,0.69692452,0.69692451
0.275613,0.684145,0.65448202,0.65448203
0.041428,-0.753750,0.5732935,0.57329352
0.594701,-0.351682,0.90161388,0.90161388
0.122309,0.851437,0.4811843,0.48118429
-0.284543,-0.587404,0.54087074,0.54087074
-0.844431,0.666211,0.20546909,0.20546911
0.125167,-0.844567,0.48785763,0.48785761
0.095180,0.693687,0.63858741,0.63858739
0.579520,0.213736,1.0048227,1.0048227
-0.461412,-0.655765,0.40397749,0.40397747
0.206237,-0.514548,0.83912815,0.83912813
0.214475,0.170456,1.0981443,1.0981442
-0.771076,-0.508156,0.22616693,0.2261669
0.185466,-0.753305,0.58116005,0.58116005
-0.648958,-0.712267,0.29563747,0.29563743
0.288848,-0.145173,1.1242556,1.1242556
-0.120642,-0.578046,0.65302294,0.65302294
0.364736,-0.929673,0.34051883,0.3405187
-0.618241,-0.451771,0.31593311,0.31593308
-0.367115,-0.194679,0.5803159,0.58031588
0.756989,-0.268765,0.81846632,0.81846628
-0.429954,-0.386761,0.47953049,0.47953048
-0.048585,0.274791,0.88775942,0.88775944
-0.620868,-0.001945,0.33018668,0.33018673
-0.919121,0.328868,0.1685944,0.16859436
-0.118394,0.724120,0.55672829,0.55672829
-0.674841,-0.694708,0.28193767,0.28193766
-0.561285,-0.794179,0.33979266,0.33979266
0.520122,0.549298,0.74966687,0.74966686
-0.681031,0.807151,0.28699738,0.2869974
0.875100,-0.602875,0.45652075,0.45652075
-0.730575,-0.051273,0.24768399,0.24768403
0.006917,-0.157355,0.98130794,0.98130792
-0.145427,-0.173259,0.83165984,0.83165986
0.740034,0.065987,0.90986226,0.90986226
0.769011,-0.434169,0.69169975,0.69169975
0.289080,0.193248,1.1037415,1.1037415
-0.839830,0.540070,0.19868628,0.19868628
-0.776992,0.278214,0.21999227,0.21999227
0.941688,-0.124740,0.64737187,0.64737187
0.441023,0.364299,0.96847927,0.96847927
-0.302236,0.071538,0.67002835,0.67002834
-0.162546,-0.449775,0.70012235,0.70012229
0.511997,-0.450839,0.8587114,0.85871141
0.858960,0.111098,0.75985732,0.75985731
0.639417,0.503790,0.73108408,0.73108405
0.477056,0.642198,0.65839049,0.65839049
-0.277982,-0.938847,0.41002433,0.41002425
-0.062137,0.752558,0.55379338,0.5537934
-0.658208,0.612890,0.28804157,0.28804159
-0.929775,0.831447,0.19210567,0.19210563
-0.121860,0.743536,0.54264739,0.54264743
0.304704,-0.412564,0.94666479,0.94666477
0.766695,0.554635,0.58678851,0.58678849
0.440542,0.484294,0.8522708,0.85227078
-0.823503,0.713226,0.21767112,0.21767111
0.800498,-0.139706,0.824757,0.82475701
0.745452,-0.394734,0.7449135,0.74491348
-0.443663,0.222708,0.49306127,0.49306129
0.203308,0.290119,1.0296835,1.0296835
0.544921,0.694150,0.56710941,0.56710941
0.178726,0.588562,0.75900357,0.75900358
0.573678,0.424156,0.8515837,0.85158367
-0.069614,-0.918706,0.4329165,0.43291642
0.552608,0.157179,1.0489485,1.0489485
-0.332469,-0.297647,0.59711993,0.59711991
-0.308235,0.082888,0.66205167,0.66205169
0.918496,-0.238065,0.64463841,0.6446384
-0.670036,0.130576,0.28898101,0.28898099
-0.128317,-0.935470,0.42246133,0.4224612
0.678496,-0.439948,0.76394798,0.76394796
0.806726,-0.265091,0.76671637,0.76671634
0.552851,-0.021339,1.0798489,1.0798488
-0.069766,0.867069,0.4686115,0.4686115
-0.160841,0.359752,0.74692067,0.74692067
0.478249,0.100916,1.1077859,1.1077859
-0.564990,-0.290329,0.36848296,0.36848293
-0.764400,-0.814293,0.25265346,0.25265347
0.344965,0.849234,0.44283132,0.4428313
-0.941121,-0.618658,0.17164552,0.17164556
0.287335,0.866744,0.43684733,0.43684733
0.289516,-0.883321,0.41699569,0.41699567
-0.160509,0.150359,0.82104987,0.82104988
0.632710,-0.701782,0.51545995,0.51545996
-0.371251,0.405832,0.53026302,0.53026304
-0.422386,0.590629,0.44213138,0.44213139
-0.025321,-0.833445,0.49737702,0.49737704
-0.591119,-0.712575,0.32531841,0.3253184
-0.465535,-0.612452,0.40821812,0.40821812
0.914282,0.902785,0.17754798,0.177548
0.755972,-0.717253,0.42934073,0.42934074
-0.844860,0.480455,0.19422171,0.1942217
0.462103,-0.293919,1.0173084,1.0173084
-0.760338,-0.314643,0.22867108,0.22867106
0.506277,0.717030,0.55510782,0.55510781
-0.187480,-0.191105,0.78199642,0.78199644
-0.323572,0.209198,0.62653272,0.62653273
0.827887,-0.207949,0.76862046,0.76862046
0.792745,0.322195,0.74920649,0.7492065
-0.881420,0.904680,0.21909403,0.21909402
-0.892397,-0.075422,0.17449242,0.17449244
-0.670614,0.517662,0.28030121,0.28030121
0.360468,-0.720886,0.59629009,0.59629008
-0.638241,0.575130,0.29944991,0.29944989
-0.402670,-0.817177,0.40659185,0.40659184
-0.281603,-0.169830,0.6814554,0.68145539
0.931150,-0.357762,0.57315597,0.57315596
-0.407718,-0.368796,0.50435608,0.50435608
-0.729031,0.547090,0.24823493,0.24823491
0.669347,-0.519900,0.69408512,0.69408511
-0.598940,0.609251,0.32257833,0.32257833
0.490745,0.629082,0.66898643,0.66898642
-0.079816,-0.536892,0.70538804,0.70538803
-0.420919,0.019716,0.53350365,0.53350366
-0.236794,0.693658,0.52251729,0.52251733
0.915149,-0.574102,0.44631752,0.4463175
-0.940912,-0.444060,0.16552296,0.16552297
0.168893,0.693349,0.64643659,0.64643659
-0.694794,-0.341584,0.26716936,0.26716933
0.191264,0.502233,0.84874981,0.8487498
0.400978,-0.353312,0.98886202,0.98886203
-0.482427,-0.059538,0.46445739,0.46445743
-0.666061,0.246918,0.28915264,0.28915264
-0.544623,-0.895526,0.34742815,0.34742818
-0.632628,0.198596,0.31640092,0.31640092
0.356217,-0.376988,0.97595187,0.97595188
-0.860284,0.386898,0.186143,0.18614299
-0.666529,-0.724656,0.2875892,0.28758915
0.533755,-0.936494,0.27387875,0.27387866
-0.220711,0.204448,0.74227679,0.74227679
-0.432569,-0.774619,0.40090347,0.40090347
0.406970,-0.660086,0.6592546,0.65925463
0.475613,-0.257779,1.0367385,1.0367385
-0.916784,-0.328168,0.16912174,0.16912173
-0.532783,0.359029,0.39033185,0.39033186
-0.415326,-0.770618,0.40962955,0.40962956
0.534072,0.418170,0.87960783,0.87960783
0.306211,0.179664,1.1115252,1.1115252
0.816663,-0.301324,0.73587357,0.73587357
-0.292639,0.871700,0.42893708,0.4289371
0.042172,-0.805551,0.52612365,0.52612362
0.566043,-0.815897,0.40830085,0.40830086
-0.095640,-0.581337,0.66523304,0.66523304
-0.121997,0.332982,0.79504615,0.79504616
-0.234928,-0.926208,0.41996063,0.41996054
-0.404854,-0.271565,0.52644404,0.52644404
-0.294064,-0.200711,0.66135397,0.66135395
-0.058199,-0.335954,0.84850517,0.84850517
0.386584,-0.305407,1.0300644,1.0300644
0.424662,-0.847619,0.42083252,0.42083254
-0.924045,-0.806563,0.19145055,0.19145058
-0.025985,0.373588,0.85137217,0.85137221
0.401839,0.005212,1.1462332,1.1462332
-0.316569,0.272404,0.62030515,0.62030518
-0.563512,-0.081385,0.38141147,0.38141145
0.512164,-0.236160,1.0330434,1.0330434
-0.930640,0.027832,0.16588429,0.16588426
-0.600896,0.592337,0.32188211,0.32188208
-0.330577,-0.949543,0.39939701,0.39939693
-0.377487,-0.482746,0.50393862,0.50393863
-0.892832,0.813852,0.20316462,0.20316462
-0.635041,-0.452080,0.30428753,0.30428751
-0.909071,-0.671727,0.1841233,0.18412327
-0.539776,0.433774,0.37652367,0.37652368
-0.375780,-0.272733,0.55689745,0.55689747
-0.021112,-0.341870,0.87422238,0.87422236
0.016933,-0.115984,1.0008454,1.0008454
-0.875395,-0.321121,0.18021399,0.18021398
0.606220,-0.921708,0.26529226,0.26529224
-0.272308,0.398842,0.62605878,0.6260588
-0.119149,-0.116968,0.87205442,0.87205446
-0.058600,-0.156756,0.92331117,0.92331115
-0.228863,-0.178084,0.73949327,0.73949331
-0.437158,-0.271404,0.49295251,0.49295249
0.147177,-0.294597,1.0058297,1.0058296
0.130031,-0.243457,1.0278711,1.0278712
-0.935693,-0.896847,0.19735117,0.19735117
0.347551,-0.744018,0.57082169,0.57082169
0.604689,-0.850738,0.35020358,0.35020359
0.717499,0.196593,0.89514867,0.89514863
-0.105956,-0.067221,0.89341709,0.89341709
-0.631711,-0.178187,0.31784346,0.31784346
0.384916,-0.689567,0.62891984,0.62891982
0.307832,0.223919,1.0891346,1.0891345
0.636994,0.285881,0.91876882,0.91876879
0.268256,-0.593737,0.75878687,0.75878683
0.702708,0.546501,0.64326632,0.64326629
-0.327568,0.452999,0.55634519,0.55634519
-0.684415,0.887838,0.29406145,0.2940615
0.763480,0.841601,0.29339635,0.29339635
0.408444,-0.701855,0.60746709,0.60746707
0.666081,-0.030086,0.98903149,0.98903148
0.758046,-0.002157,0.89466008,0.8946601
0.386463,0.790453,0.5035419,0.50354189
0.297705,-0.123462,1.1326111,1.132611
0.876885,-0.686451,0.38295014,0.38295015
-0.809645,0.247041,0.20438183,0.20438184
0.264974,-0.294642,1.0403748,1.0403748
-0.049093,0.572846,0.69650141,0.6965014
-0.586346,0.281544,0.35070719,0.35070721
0.239044,-0.225132,1.0787675,1.0787674
0.738459,0.621832,0.54072405,0.54072405
-0.429509,0.909281,0.38401933,0.38401934
0.078016,0.391809,0.9041345,0.90413451
0.737352,0.265614,0.84033301,0.84033298
0.365872,0.551096,0.79731396,0.79731397
-0.687678,0.455573,0.27024482,0.27024481
-0.214047,0.474315,0.64548864,0.64548867
0.186168,-0.047187,1.1203001,1.1203002
0.347929,0.475780,0.88174653,0.88174653
0.411910,-0.650375,0.66972095,0.66972092
-0.450486,-0.167545,0.49201608,0.49201609
0.525678,-0.492522,0.80915615,0.80915615
-0.548452,0.691295,0.34899363,0.34899362
0.040081,-0.320921,0.93001852,0.93001851
-0.019610,0.690046,0.61538644,0.61538644
0.094330,-0.186205,1.0345907,1.0345906
0.674224,0.244720,0.91232666,0.91232666
0.453819,0.088973,1.1206159,1.1206159
0.851604,0.612538,0.46670624,0.46670622
-0.019616,0.649227,0.64909689,0.64909689
0.540847,-0.137304,1.0637275,1.0637274
-0.223456,-0.387431,0.67650158,0.67650154
0.804028,-0.629125,0.48711486,0.48711486
-0.423561,-0.227490,0.51370614,0.51370609
0.350587,-0.556364,0.7939105,0.79391053
0.325889,0.018025,1.1534527,1.1534527
-0.839857,0.181534,0.19172204,0.19172203
0.456838,0.132999,1.1066559,1.1066559
-0.411300,-0.144241,0.53728805,0.53728804
0.696918,-0.816219,0.35101152,0.35101149
0.429658,0.081094,1.1304238,1.1304238
-0.431709,0.432802,0.46861988,0.46861989
0.099860,0.196957,1.033501,1.033501
0.430379,-0.760426,0.52785044,0.52785045
0.209896,-0.376019,0.96742589,0.96742586
0.692597,0.685103,0.5015438,0.5015438
-0.771848,-0.025825,0.22342707,0.2234271
-0.420309,-0.588134,0.44415337,0.44415335
0.627020,0.233503,0.95864663,0.95864663
0.370171,0.055079,1.1475401,1.1475401
0.592527,-0.633588,0.616605,0.61660502
0.231176,0.425393,0.92888259,0.92888258
0.710583,0.522324,0.66146375,0.66146373
0.215515,-0.486382,0.86855471,0.8685547
0.689954,-0.705405,0.48026809,0.48026808
-0.373959,0.134908,0.58048415,0.58048413
0.933389,0.764778,0.2819762,0.28197617
0.246156,-0.354558,0.99229886,0.99229885
0.265684,-0.089518,1.1373665,1.1373665
-0.518373,-0.372628,0.40138366,0.40138366
0.601171,0.754887,0.46753227,0.46753227
0.015682,0.746815,0.57544626,0.57544629
-0.499078,0.743925,0.37198292,0.37198292
0.288154,-0.758081,0.56531505,0.56531508
0.773077,0.811666,0.3205309,0.32053089
-0.076751,-0.690057,0.59595817,0.59595818
-0.740951,0.598251,0.24436795,0.24436797
-0.328327,-0.627633,0.49616081,0.4961608
-0.560234,-0.240592,0.37643085,0.37643086
0.591446,-0.316311,0.93125146,0.93125147
0.630969,-0.848448,0.34218951,0.3421895
-0.752405,-0.676439,0.24398061,0.24398061
-0.733957,0.421223,0.24332861,0.24332862
-0.835458,0.479088,0.19766658,0.19766661
-0.551830,-0.480050,0.36256619,0.36256618
0.204491,-0.534495,0.81863636,0.81863634
-0.794771,-0.326890,0.2115274,0.21152739
-0.258571,0.284146,0.67893818,0.67893816
-0.135535,-0.120602,0.85401476,0.85401475
0.537648,-0.613726,0.66716606,0.66716606
0.304255,0.741104,0.58294646,0.58294647
0.281459,-0.733698,0.59532998,0.59533001
0.536578,0.824262,0.40975633,0.40975633
0.149284,0.893095,0.43578157,0.43578158
-0.265414,0.439052,0.61689892,0.61689892
-0.912083,0.097546,0.16962396,0.16962396
-0.238005,0.257121,0.70893515,0.70893514
-0.559601,0.497813,0.35523173,0.35523177
0.835889,0.042479,0.79936506,0.79936505
-0.697526,-0.853724,0.28484303,0.28484303
-0.053790,0.380016,0.82666221,0.82666222
-0.802825,-0.771106,0.23196859,0.23196857
-0.651621,-0.020468,0.3045817,0.3045817
0.566310,-0.913222,0.28993561,0.28993559
0.132515,0.909647,0.42197725,0.42197725
0.943404,-0.687008,0.33713668,0.33713667
-0.740278,-0.771590,0.25788352,0.25788351
0.818724,-0.827463,0.28322982,0.28322983
-0.814929,-0.055140,0.20210976,0.20210975
-0.533721,-0.638357,0.3611062,0.3611062
-0.205686,-0.927422,0.42252764,0.42252755
0.397861,0.807977,0.47845785,0.47845786
0.047218,-0.817152,0.51583784,0.51583785
0.818080,0.237272,0.76743813,0.76743811
0.622503,0.423726,0.82020593,0.82020595
0.512772,0.875447,0.35556199,0.355562
0.597478,0.190624,1.0034333,1.0034332
-0.571435,-0.513586,0.34548987,0.34548988
-0.015474,-0.787791,0.53542506,0.53542506
-0.552938,0.451548,0.36435693,0.36435695
-0.345638,0.632328,0.48334289,0.4833429
0.547974,-0.532118,0.7552945,0.7552945
0.470039,-0.412311,0.91444355,0.91444356
0.209421,-0.610292,0.73907679,0.7390768
0.911294,-0.488592,0.51288879,0.51288878
0.923746,-0.092319,0.6776256,0.67762559
-0.791555,0.932503,0.25853277,0.25853279
0.470361,-0.697427,0.59302554,0.59302554
0.143315,-0.449911,0.88478739,0.88478737
-0.882240,0.846004,0.21093839,0.21093841
-0.136807,0.093079,0.85724978,0.85724983
-0.240057,-0.186555,0.72508707,0.72508707
-0.061947,-0.659161,0.62487199,0.62487196
0.692479,0.255592,0.889509,0.88950896
-0.270044,0.833846,0.44856461,0.44856462
-0.717885,-0.376098,0.25249952,0.25249949
0.444383,-0.799475,0.47436483,0.47436485
-0.210014,-0.313072,0.71920834,0.71920833
0.823245,-0.374227,0.68311974,0.68311973
-0.081405,-0.463769,0.75365965,0.75365963
0.846750,-0.033570,0.7862248,0.78622479
-0.274475,0.228175,0.67706629,0.67706627
0.707210,0.119119,0.93325374,0.93325374
-0.826415,0.625812,0.20905956,0.20905958
0.314195,-0.614987,0.73141471,0.73141469
0.268073,-0.101419,1.1349175,1.1349175
0.585734,-0.772449,0.45315964,0.45315965
-0.241607,0.252156,0.70652902,0.70652903
-0.041216,-0.154397,0.94016706,0.94016706
0.595471,0.086599,1.0408145,1.0408145
-0.182649,0.236921,0.77389521,0.77389524
-0.192698,-0.810300,0.48154875,0.48154876
-0.445385,0.854255,0.38489208,0.38489207
-0.942369,0.617599,0.17126957,0.17126953
-0.162938,-0.815939,0.48628749,0.4862875
-0.849954,0.469186,0.19197804,0.19197805
-0.007524,0.841881,0.49185959,0.4918596
-0.482408,-0.917445,0.36782185,0.36782186
-0.073499,-0.522321,0.71942098,0.71942097
0.902800,0.331838,0.62036126,0.62036126
-0.716211,-0.689841,0.261617,0.26161701
0.442016,0.809832,0.46219304,0.46219305
-0.502746,-0.905598,0.36175085,0.36175087
0.262842,-0.450309,0.90927912,0.90927912
-0.910255,0.557545,0.176764,0.17676401
0.551792,-0.627968,0.6436724,0.64367242
0.205111,0.327548,1.0039809,1.0039809
-0.706157,-0.880399,0.28455804,0.28455801
0.872390,-0.166847,0.72834566,0.72834566
0.840816,0.849620,0.252104,0.25210398
-0.890791,-0.298138,0.17545884,0.17545885
-0.408914,0.264873,0.52335024,0.52335024
0.551762,0.192913,1.0336931,1.0336931
0.350800,-0.869742,0.41640062,0.41640061
-0.904111,0.892397,0.20872151,0.20872149
0.010142,0.683284,0.62985957,0.62985957
0.843394,-0.179021,0.76065326,0.76065325
0.452646,0.834397,0.42792338,0.42792337
-0.426572,-0.376964,0.48465792,0.48465794
-0.319157,-0.735699,0.46450423,0.46450422
-0.584739,0.676225,0.32921303,0.32921306
0.383814,-0.910124,0.35764031,0.35764028
-0.350609,0.099323,0.61095377,0.61095377
-0.460348,-0.886760,0.3766266,0.37662659
0.110978,0.754130,0.57962216,0.57962216
0.343941,-0.261196,1.0662783,1.0662783
-0.083304,0.472684,0.74652494,0.74652494
0.253935,-0.587248,0.76609367,0.76609366
0.017741,-0.086735,1.0075224,1.0075224
-0.590341,0.851608,0.32852585,0.32852588
0.802735,-0.097712,0.83235383,0.83235383
0.140995,0.210156,1.0502518,1.0502518
-0.405276,0.242257,0.53097249,0.53097249
0.558125,-0.887869,0.32350292,0.32350291
0.089557,-0.934372,0.40572531,0.4057252
0.600632,0.611672,0.63761759,0.63761757
-0.780675,-0.056943,0.21867632,0.21867633
-0.036150,0.362719,0.85048593,0.85048591
0.624044,-0.820698,0.37811547,0.37811547
0.764490,0.165276,0.85781664,0.85781665
0.315286,-0.329083,1.0183506,1.0183506
0.342777,0.344400,1.0050163,1.0050163
0.907169,-0.221874,0.66526175,0.66526175
0.492319,0.153084,1.0840991,1.0840991
0.122762,-0.023518,1.0901412,1.0901412
0.611325,0.079405,1.0299642,1.0299643
-0.751889,-0.358904,0.23326035,0.23326034
0.778257,0.550691,0.58131734,0.58131734
-0.687776,-0.367884,0.27125204,0.271252
-0.022490,-0.335097,0.87713564,0.87713563
0.033744,0.828349,0.50528136,0.50528136
-0.261327,0.849993,0.44481173,0.44481174
0.599133,-0.389041,0.86722819,0.86722818
-0.166004,0.301054,0.76762498,0.76762496
0.624268,0.541235,0.70190143,0.70190143
0.797278,-0.748813,0.37286923,0.37286925
-0.761729,-0.836749,0.25656654,0.25656654
-0.290223,-0.485279,0.57721488,0.57721487
0.502164,-0.228914,1.0423283,1.0423283
0.904151,0.609655,0.42758881,0.42758881
-0.602226,0.118428,0.34477041,0.34477043
-0.936558,-0.176428,0.16465618,0.16465622
-0.548422,-0.258985,0.3857911,0.38579108
-0.086607,-0.010734,0.91723609,0.91723611
0.019829,0.713879,0.60537581,0.6053758
-0.348007,0.089606,0.61480607,0.61480609
-0.214800,-0.052255,0.77404999,0.77405003
-0.696610,-0.581124,0.26631866,0.26631865
0.549764,-0.648940,0.6196494,0.61964939
-0.268538,0.490477,0.59324761,0.59324762
0.780029,-0.037444,0.86782173,0.86782172
-0.541435,-0.103635,0.40209403,0.40209401
0.941582,-0.915249,0.1593113,0.15931131
0.061411,0.871496,0.46624906,0.46624906
0.839316,0.350801,0.68124541,0.6812454
-0.581513,0.493339,0.33971148,0.33971148
0.103109,0.245644,1.0121313,1.0121313
0.401901,0.479226,0.86840928,0.86840927
-0.617062,-0.479606,0.31553442,0.3155344
0.303036,-0.024802,1.1519692,1.1519692
0.405389,0.416653,0.9305809,0.93058089
-0.251619,-0.807672,0.4648398,0.46483978
0.149655,0.323381,0.98760726,0.98760728
-0.601856,-0.277827,0.33794357,0.33794358
0.746220,0.091643,0.89858217,0.89858217
0.006982,-0.296370,0.92112695,0.92112693
-0.036633,0.358406,0.85269739,0.85269741
-0.047967,-0.614172,0.66541124,0.66541123
0.113337,0.079405,1.0778823,1.0778823
-0.700078,0.382686,0.26325157,0.26325157
0.216595,-0.741884,0.59236687,0.59236684
0.903459,0.239418,0.66315249,0.66315245
0.122105,-0.256502,1.016644,1.016644
-0.004787,0.053709,0.99292813,0.9929281
-0.678481,-0.946727,0.30368353,0.30368346
0.537688,-0.463409,0.83332244,0.83332244
-0.908372,-0.239060,0.17057092,0.17057095
-0.718538,0.478314,0.25237627,0.25237627
-0.059015,-0.121337,0.93173059,0.93173059
0.750241,-0.423516,0.71751486,0.71751485
-0.239736,0.187454,0.72524487,0.72524483
-0.843121,-0.778666,0.21724999,0.21724996
0.789418,0.596631,0.52911541,0.5291154
-0.646530,0.910073,0.31111087,0.31111089
0.563082,-0.723965,0.52253685,0.52253685
0.468124,-0.683398,0.61119043,0.61119043
-0.463625,0.432291,0.44065077,0.44065078
-0.655194,-0.281127,0.29606402,0.29606402
-0.332392,0.085703,0.63341019,0.63341022
-0.082285,-0.506057,0.72501842,0.72501843
0.108841,-0.545417,0.78620105,0.78620105
-0.943599,0.422710,0.16459534,0.16459527
0.047779,-0.620831,0.69687117,0.6968712
-0.865774,0.853847,0.21812704,0.21812704
-0.751209,0.335178,0.23359774,0.23359774
0.635123,0.372037,0.85607461,0.85607459
0.160312,0.507327,0.83692069,0.83692067
0.797247,-0.314023,0.74947593,0.7494759
-0.550588,-0.132181,0.39196159,0.39196156
0.706771,-0.847628,0.31128659,0.31128656
-0.574196,0.790991,0.33387007,0.33387011
-0.362694,-0.677622,0.45913938,0.45913935
-0.667534,0.297107,0.28664366,0.28664369
-0.944260,0.092056,0.16352102,0.16352099
-0.452938,0.027032,0.49740937,0.49740939
0.178511,-0.347788,0.98069911,0.98069909
0.805748,-0.693430,0.42323907,0.42323908
-0.618202,-0.440611,0.3164716,0.3164716
-0.219475,0.112794,0.76212541,0.76212543
0.095247,0.176613,1.0389548,1.0389549
0.814242,-0.404510,0.67105924,0.67105922
0.551106,-0.128840,1.0602218,1.0602218
-0.356103,-0.667891,0.46588067,0.46588067
0.449422,0.479184,0.85475776,0.85475776
-0.120393,-0.897710,0.44494143,0.44494141
0.013726,-0.411655,0.85282059,0.85282057
0.701545,0.523363,0.66723955,0.66723953
-0.328303,0.674894,0.48009868,0.48009872
-0.121614,-0.379441,0.77191931,0.77191931
-0.121435,-0.457456,0.72818544,0.72818545
0.154691,0.502357,0.84020789,0.8402079
0.360806,0.021675,1.1519175,1.1519175
-0.416794,-0.135508,0.53199302,0.53199299
-0.013916,-0.374490,0.85946784,0.85946783
-0.825247,0.435861,0.20024959,0.20024958
-0.104724,-0.191932,0.86808217,0.86808215
-0.558364,0.540944,0.35262345,0.35262348
-0.029832,0.910797,0.4376456,0.43764562
0.938666,-0.071266,0.66001272,0.66001269
-0.316130,-0.445513,0.56905936,0.56905935
0.106779,-0.028737,1.0800494,1.0800494
-0.281786,0.017078,0.69683531,0.69683532
0.159815,-0.103763,1.098123,1.098123
0.079925,0.199270,1.0199987,1.0199987
-0.722020,-0.692663,0.25909289,0.2590929
-0.258500,0.287874,0.67787186,0.67787187
-0.913269,0.680594,0.18351321,0.18351322
0.943652,0.252646,0.60675873,0.60675872
0.918689,0.659902,0.37600182,0.37600181
-0.164729,0.782234,0.50510245,0.50510247
-0.162842,0.133468,0.82203369,0.82203369
-0.304547,0.206364,0.64842219,0.6484222
-0.193440,-0.918739,0.42764237,0.42764227
-0.575207,0.351727,0.35503412,0.35503411
0.749853,-0.359637,0.7671674,0.76716741
0.857564,-0.584856,0.48607878,0.48607877
-0.116255,0.231647,0.84332704,0.84332703
-0.065735,-0.081568,0.93244224,0.93244221
-0.656476,0.618937,0.28909571,0.28909574
-0.558649,0.674021,0.34404336,0.34404334
0.711043,0.767723,0.39886695,0.39886694
0.757926,0.257424,0.82371554,0.82371552
-0.091814,-0.729625,0.56201526,0.56201525
0.110621,0.602078,0.73219838,0.7321984
-0.026369,0.905459,0.44154885,0.44154885
-0.641464,-0.641212,0.29771826,0.29771824
-0.649409,0.892835,0.30824611,0.30824612
-0.296620,0.145928,0.66818839,0.66818841
0.283666,-0.915190,0.38187249,0.38187241
0.463991,-0.624825,0.68414259,0.6841426
0.676869,0.895883,0.26892367,0.26892368
0.698436,-0.041734,0.95656386,0.95656385
0.207032,0.638693,0.70791815,0.70791815
-0.055989,-0.291586,0.87335912,0.87335913
0.463868,-0.361388,0.96298694,0.96298695
0.857813,-0.149592,0.75186443,0.75186442
-0.466583,0.451213,0.4348427,0.43484273
0.232900,0.834002,0.48584371,0.4858437
0.162099,-0.916573,0.40957528,0.40957524
-0.201828,0.823659,0.47226079,0.47226079
0.350782,0.866328,0.42052655,0.42052653
0.282782,0.587120,0.76574923,0.76574921
-0.224908,-0.894295,0.43452944,0.43452937
0.305236,0.397901,0.96010497,0.96010494
0.544502,0.428129,0.8645432,0.86454319
-0.173409,0.446846,0.6927624,0.69276242
0.354123,0.464839,0.8922231,0.89222309
-0.727368,-0.728619,0.25947492,0.25947494
-0.460346,-0.491143,0.43300223,0.43300224
0.809499,0.741530,0.37324112,0.3732411
-0.310508,-0.342462,0.60750931,0.6075093
-0.829902,0.880174,0.23558054,0.23558056
-0.894234,-0.672577,0.18884797,0.18884795
-0.699967,0.244716,0.26551721,0.26551719
-0.019128,0.210267,0.94085426,0.94085428
-0.075220,0.639336,0.63405168,0.63405169
0.420929,-0.735726,0.56167274,0.56167274
0.796942,-0.562984,0.55488406,0.55488405
-0.133162,-0.633060,0.61022108,0.61022106
0.937595,-0.348870,0.57029047,0.57029046
0.494371,0.147254,1.0853877,1.0853877
0.369257,0.716061,0.60016239,0.60016241
0.148410,0.015687,1.1048237,1.1048237
-0.310394,0.933901,0.40661279,0.40661279
-0.629094,-0.467354,0.30779604,0.30779602
-0.928727,-0.208162,0.16609522,0.16609524
0.825701,0.525166,0.56429841,0.56429842
0.937454,-0.850352,0.21157043,0.21157046
-0.252563,0.886700,0.43262314,0.43262318
0.770627,-0.413801,0.70649321,0.7064932
-0.690199,0.132878,0.27418647,0.27418645
0.174038,-0.398926,0.93852644,0.93852644
-0.167080,0.715354,0.54328548,0.54328551
-0.570210,0.948830,0.34096514,0.34096519
0.920466,0.120302,0.6770662,0.6770662
0.116613,0.450376,0.87469586,0.87469587
-0.820297,0.022680,0.19977286,0.19977286
-0.006915,0.574807,0.71550945,0.71550947
0.224039,-0.736207,0.59832677,0.59832676
-0.100298,0.248121,0.85255495,0.85255495
0.564847,0.101915,1.0591309,1.0591309
0.304783,0.473829,0.88697361,0.88697364
-0.569566,-0.746598,0.33613682,0.3361368
0.629668,0.286220,0.92433842,0.92433837
-0.799244,-0.574881,0.21668052,0.21668053
0.121959,-0.621349,0.71560938,0.71560939
-0.654115,-0.469215,0.29114457,0.29114453
0.406648,-0.185918,1.0998963,1.0998962
-0.200966,0.563060,0.61033718,0.61033719
0.861399,0.908946,0.1893498,0.18934981
0.287416,0.587265,0.76536832,0.76536831
-0.069581,-0.474316,0.75487128,0.75487127
-0.486625,-0.448642,0.41835038,0.41835039
-0.325512,0.191409,0.627645,0.62764501
-0.043101,0.089856,0.9529678,0.95296779
-0.702969,0.867862,0.28429217,0.28429217
-0.637718,0.363050,0.30581708,0.30581707
0.597500,-0.346283,0.90403332,0.90403333
0.357562,-0.369794,0.98210504,0.98210504
-0.607662,-0.745974,0.31722209,0.31722207
-0.529699,-0.726002,0.357334,0.35733399
0.851284,0.078250,0.77559818,0.77559816
0.221988,-0.007603,1.1362649,1.1362649
0.740860,0.026794,0.91303269,0.91303272
0.484730,0.437189,0.88440732,0.88440732
0.717640,0.847859,0.30639778,0.30639777
0.523157,0.805140,0.43872282,0.43872282
0.387954,0.214106,1.0892372,1.0892372
0.542400,0.514617,0.77720736,0.77720734
-0.397853,-0.687116,0.43615889,0.43615888
0.422299,0.486482,0.85542749,0.85542749
-0.759266,0.706959,0.24347134,0.24347134
-0.376099,-0.595011,0.47379722,0.47379718
0.424635,0.773505,0.51329306,0.51329306
-0.191498,-0.302167,0.7419081,0.74190807
-0.732048,-0.880336,0.27425239,0.27425238
-0.331835,0.178152,0.62273177,0.62273176
-0.169035,0.698405,0.55240882,0.55240881
-0.525929,-0.042830,0.41937699,0.41937699
-0.184938,0.620449,0.58913372,0.5891337
-0.234109,-0.200807,0.72839843,0.72839846
0.714967,0.329609,0.82144532,0.82144527
0.459250,0.306034,1.0094231,1.0094231
0.547549,0.800774,0.43446517,0.43446515
-0.408458,0.434567,0.48898865,0.48898862
-0.328930,0.707263,0.4689826,0.46898262
-0.614883,-0.143377,0.33301535,0.33301537
-0.907576,0.052124,0.17068345,0.17068346
0.586112,0.329607,0.92481957,0.92481955
0.013337,0.828360,0.50433571,0.50433575
-0.229002,0.151955,0.74468925,0.74468928
-0.795292,0.235092,0.21097698,0.21097699
0.503100,0.091902,1.0982975,1.0982975
-0.088780,0.524191,0.70855725,0.70855726
-0.780816,0.037830,0.21863298,0.21863298
0.779189,-0.299485,0.77741531,0.77741529
-0.750112,0.076311,0.23562353,0.23562358
0.463436,-0.440318,0.88966948,0.88966948
-0.542883,-0.795029,0.34817752,0.34817752
0.254418,-0.350907,0.99652129,0.99652128
0.300029,-0.572534,0.78120289,0.78120286
-0.241363,-0.403208,0.65329497,0.65329493
-0.762095,0.032653,0.22882353,0.22882352
0.622558,-0.386160,0.85344704,0.85344702
0.269196,0.287017,1.0462392,1.0462392
-0.152584,0.087436,0.84085976,0.84085977
0.102427,-0.431239,0.88489077,0.88489075
-0.671466,-0.478356,0.28002194,0.28002193
-0.503514,-0.152106,0.43761565,0.43761565
-0.395110,-0.462375,0.49410668,0.49410667
-0.418306,-0.227247,0.51935013,0.51935005
-0.821595,0.580685,0.20792112,0.20792113
0.722150,0.840493,0.31260088,0.31260087
-0.337422,0.266700,0.59921746,0.59921748
-0.574174,-0.243468,0.3637406,0.36374058
-0.900452,0.142114,0.17238544,0.17238542
0.052844,-0.520248,0.7880738,0.78807379
0.573247,-0.021753,1.0660041,1.0660041
-0.634258,-0.942034,0.31893472,0.31893468
-0.259069,0.393750,0.64047866,0.64047869
0.586603,0.627022,0.62737055,0.62737055
-0.825873,0.734639,0.21893151,0.21893151
0.091543,0.060795,1.0669241,1.0669241
0.615737,0.775017,0.436564,0.436564
0.639852,-0.217369,0.95681095,0.95681093
0.909901,-0.009936,0.70367263,0.70367261
-0.838109,0.701132,0.210942,0.21094201
0.200530,-0.170531,1.0933967,1.0933967
-0.571477,-0.197163,0.36899721,0.36899719
0.308540,0.535100,0.82211084,0.82211083
0.654168,0.024135,1.0004136,1.0004136
-0.879894,0.513273,0.18369505,0.18369505
0.773342,-0.683076,0.45436971,0.45436971
-0.599387,-0.726148,0.3210719,0.32107186
-0.018352,0.396590,0.84204141,0.84204149
0.332988,0.670123,0.66353628,0.66353629
-0.853473,0.510939,0.1923754,0.19237543
0.302995,0.853031,0.44916375,0.44916376
0.066131,-0.923695,0.41890157,0.41890151
0.353010,0.427285,0.92974508,0.92974507
-0.006152,-0.577830,0.71338251,0.71338248
0.000227,-0.744443,0.57457997,0.57457997
0.669925,0.112538,0.97135071,0.9713507
0.751031,-0.583237,0.57092929,0.57092932
0.125216,0.746078,0.58856705,0.58856707
-0.176094,0.439610,0.69425951,0.69425952
-0.230216,0.145177,0.74456796,0.744568
0.018106,0.191143,0.97871709,0.97871711
-0.432248,0.175348,0.51092468,0.51092471
0.164706,-0.598247,0.74684502,0.74684498
-0.139216,0.933936,0.42313066,0.42313068
-0.298380,0.915696,0.41390972,0.41390975
0.588904,0.585669,0.67370113,0.67370112
-0.937198,-0.440098,0.16622541,0.16622543
-0.893680,0.247347,0.174346,0.17434601
-0.600222,-0.230952,0.34186154,0.34186153
-0.839662,0.529629,0.19823139,0.19823138
-0.375119,-0.488427,0.50437864,0.50437866
-0.490619,0.811737,0.37066278,0.37066278
-0.842239,0.608308,0.20185394,0.20185395
0.702190,0.011382,0.95464487,0.95464486
0.646188,-0.061908,1.0036151,1.0036151
0.916697,0.830358,0.23657504,0.23657501
-0.003730,0.849021,0.48619952,0.48619954
-0.152874,-0.677306,0.57251595,0.57251592
0.658184,0.417731,0.7995211,0.7995211
0.395096,0.322397,1.015363,1.015363
0.621480,0.158969,0.99836917,0.99836918
-0.571144,0.403320,0.35423901,0.354239
0.429955,-0.921424,0.32863958,0.3286395
-0.779146,-0.405546,0.21981025,0.21981024
-0.085729,0.827296,0.49461794,0.49461795
0.233799,-0.877157,0.43708315,0.43708313
0.759637,0.944606,0.1872976,0.1872976
-0.250747,-0.309464,0.67902621,0.6790262
0.440820,-0.076784,1.1278221,1.1278221
0.386636,-0.809378,0.48001603,0.480016
0.409007,0.732446,0.56931128,0.56931127
-0.703248,0.253576,0.26318735,0.26318737
-0.356921,-0.561135,0.4976671,0.49766714
-0.847196,0.014478,0.18895643,0.18895642
0.335145,0.695768,0.63221753,0.63221752
-0.477647,-0.939324,0.36835967,0.36835966
0.340046,-0.470698,0.88787485,0.88787486
0.507243,-0.296821,0.99546767,0.99546764
0.465456,0.759351,0.51746434,0.51746434
-0.518318,-0.845330,0.35753138,0.35753138
0.105986,0.663343,0.67055001,0.67055005
0.120346,-0.634204,0.70238615,0.70238612
-0.140449,-0.865980,0.46172785,0.46172784
0.238086,0.329801,1.0101746,1.0101746
0.312689,-0.197666,1.103237,1.1032369
0.662493,0.611548,0.60150997,0.60150993
0.282562,0.008816,1.1503486,1.1503486
-0.427262,-0.239277,0.50808118,0.50808119
0.602397,0.383997,0.8693974,0.86939739
0.490277,0.641627,0.65403136,0.65403136
0.601912,-0.147827,1.0179751,1.0179751
-0.042602,-0.066617,0.9568273,0.95682727
0.292638,-0.158273,1.119614,1.1196139
-0.249308,0.102176,0.72913029,0.7291303
0.564666,0.887057,0.32202139,0.32202139
0.503976,-0.715539,0.55786727,0.55786729
-0.456864,-0.628369,0.41133946,0.41133944
0.120517,-0.611943,0.72470902,0.72470899
0.755583,-0.408307,0.72487138,0.72487138
-0.627093,0.140088,0.32281816,0.32281818
-0.580372,0.088928,0.36535847,0.36535847
0.005912,-0.095447,0.99599342,0.99599342
0.502047,-0.719660,0.55350667,0.55350665
-0.838590,-0.251808,0.19239589,0.19239588
0.949800,-0.894947,0.1723867,0.17238672
-0.166042,-0.302487,0.76700796,0.76700797
0.558206,-0.784034,0.45076412,0.45076412
0.649973,-0.949985,0.21733655,0.21733653
0.102600,0.800307,0.53304635,0.53304634
-0.070178,-0.441504,0.77605891,0.7760589
-0.912726,0.331890,0.17010979,0.1701098
0.821534,0.692385,0.41409912,0.41409909
-0.125794,-0.877746,0.45653461,0.45653458
0.344485,0.081757,1.1448361,1.144836
0.874923,-0.022515,0.75020151,0.7502015
0.831020,-0.225091,0.75775156,0.75775154
-0.584791,-0.693950,0.32886851,0.32886851
-0.035487,0.498767,0.7594486,0.7594486
0.532865,-0.315362,0.96828605,0.96828603
0.885341,-0.785967,0.28975906,0.28975907
-0.862374,0.511782,0.18934049,0.1893405
-0.681775,0.022062,0.28133886,0.28133884
0.625745,-0.836239,0.35886099,0.35886097
0.668897,0.032244,0.98622368,0.98622368
0.201880,0.062859,1.1244362,1.1244362
0.582264,-0.365976,0.89808033,0.89808035
0.131231,-0.648545,0.68970599,0.68970597
0.649018,0.581797,0.64255574,0.64255571
0.443188,0.725236,0.56773063,0.5677306
0.018688,-0.888442,0.45352671,0.45352671
0.923511,-0.806983,0.25276122,0.25276125
0.089390,-0.554296,0.77167538,0.77167538
-0.499755,0.186499,0.43882153,0.43882153
0.433370,0.025600,1.1371498,1.1371498
0.734250,-0.839185,0.30875964,0.30875965
-0.786530,-0.461731,0.21755082,0.21755079
0.878277,-0.557624,0.49128945,0.49128945
-0.423261,0.351346,0.49288086,0.49288085
-0.529876,0.903938,0.35267844,0.35267844
-0.065323,0.546391,0.70720871,0.7072087
0.315635,0.145597,1.126107,1.126107
-0.254029,-0.332054,0.66799649,0.66799649
0.555756,0.502748,0.78294159,0.7829416
0.143857,0.868704,0.46142514,0.46142515
-0.792790,0.003875,0.21255516,0.21255519
0.587049,-0.098088,1.0444277,1.0444277
0.062265,0.337503,0.93344006,0.93344007
0.263792,0.943376,0.35584579,0.35584579
0.829332,0.109765,0.79742472,0.79742471
-0.504079,0.884185,0.36182458,0.3618246
0.226879,0.591395,0.76069038,0.76069039
0.388653,-0.411051,0.9396017,0.93960171
0.900185,-0.929091,0.15997986,0.15997985
-0.820974,-0.832845,0.2324968,0.23249679
0.650110,0.045116,1.0023086,1.0023086
-0.689545,-0.078751,0.27531029,0.27531032
-0.947855,-0.400711,0.16346471,0.16346477
-0.028037,0.439913,0.80618255,0.80618256
0.147462,-0.580910,0.76146744,0.76146744
-0.739446,0.775234,0.25861848,0.25861848
-0.147520,0.824600,0.48482614,0.48482618
-0.539117,0.062879,0.4056797,0.4056797
0.889345,-0.611823,0.43766217,0.43766219
-0.647029,0.138764,0.30662085,0.30662082
-0.474873,-0.079454,0.47184318,0.4718432
-0.091191,0.699598,0.58364973,0.58364974
0.586672,0.253277,0.97730887,0.97730885
-0.043405,-0.006526,0.9601734,0.9601734
-0.159996,0.225434,0.80120256,0.80120253
0.315219,0.373351,0.98179436,0.98179438
-0.232398,-0.644525,0.54867649,0.54867646
0.109871,0.604021,0.73011336,0.73011335
-0.365660,-0.104926,0.59298183,0.59298182
-0.405658,-0.089456,0.54819048,0.54819048
-0.162495,0.528960,0.65602744,0.65602744
0.550233,0.793191,0.44275161,0.4427516
0.560202,-0.398988,0.88285873,0.88285874
-0.942571,0.862579,0.19095224,0.19095214
-0.267939,-0.545419,0.5705104,0.57051042
0.693826,-0.934784,0.21936069,0.21936068
-0.408221,-0.821947,0.40354593,0.40354595
-0.605302,-0.725387,0.31804861,0.31804862
-0.575762,0.000414,0.37086151,0.37086151
-0.930379,0.230847,0.16578792,0.16578789
0.870378,-0.556053,0.49943114,0.49943113
-0.162701,-0.509983,0.66673499,0.66673494
0.686061,0.886492,0.2760156,0.27601559
-0.742802,0.836235,0.26420477,0.26420479
-0.853607,0.618298,0.19843641,0.19843641
0.063356,-0.835955,0.49882481,0.4988248
-0.574003,0.544267,0.34162811,0.34162813
-0.838877,-0.938605,0.24084488,0.24084488
0.670173,-0.880106,0.28947197,0.28947197
0.482424,-0.398022,0.92286447,0.92286444
0.444827,0.139322,1.1087026,1.1087026
0.577974,0.401959,0.86943204,0.86943202
-0.026566,-0.678096,0.62298548,0.62298546
0.668450,0.610418,0.59902798,0.59902797
0.170612,0.918800,0.40555969,0.40555969
0.008017,-0.109043,0.99499671,0.9949967
0.846505,-0.092081,0.77941011,0.77941008
0.529310,0.534962,0.76139023,0.76139022
-0.686576,0.403772,0.27145423,0.27145424
-0.304002,-0.804403,0.44780874,0.44780872
-0.495246,-0.118292,0.44828185,0.44828186
0.365213,0.738520,0.57345947,0.57345947
0.733892,0.120694,0.90506516,0.90506516
0.485136,-0.727169,0.55061215,0.55061218
-0.222386,-0.040064,0.76598421,0.76598422
0.322884,-0.813036,0.49228695,0.49228696
0.804769,0.322151,0.73644799,0.73644799
0.153102,0.437818,0.89862438,0.89862439
0.245148,0.760196,0.56882974,0.56882974
-0.407216,0.406342,0.49655915,0.49655913
-0.837360,0.825144,0.22515689,0.22515691
0.253848,-0.404128,0.95129928,0.95129927
-0.170261,-0.073140,0.82297515,0.82297518
-0.530308,0.046634,0.41486738,0.41486736
0.297643,-0.610818,0.73785866,0.73785865
0.535631,0.195589,1.042167,1.042167
0.035733,0.804264,0.52686412,0.52686414
-0.593706,-0.725685,0.3239758,0.32397578
0.120543,0.442372,0.88305826,0.88305826
-0.030950,-0.424272,0.81492418,0.81492414
-0.691015,-0.324576,0.26993632,0.26993629
-0.033656,0.720501,0.58641372,0.58641372
-0.673178,-0.878267,0.29740568,0.29740568
0.129969,-0.149367,1.0692742,1.0692742
0.935099,0.124266,0.65644932,0.6564493
-0.844193,0.683221,0.20703344,0.20703346
-0.220758,0.836101,0.46133882,0.46133886
-0.703228,0.536430,0.26170993,0.26170994
0.114009,0.647828,0.68751883,0.68751884
0.761907,0.609130,0.53718231,0.5371823
-0.517129,-0.719817,0.36443085,0.36443086
-0.291807,0.678079,0.49982896,0.49982899
-0.131960,0.061091,0.86637982,0.86637983
0.642500,-0.621900,0.60209929,0.6020993
0.134803,-0.674889,0.66306267,0.66306265
0.552977,0.140946,1.0548629,1.0548629
-0.904753,-0.124711,0.17132435,0.17132437
0.522885,0.488556,0.81469488,0.81469485
-0.821990,0.546508,0.20584984,0.20584983
-0.835998,0.764355,0.21829965,0.21829966
-0.118033,0.198296,0.85276852,0.85276854
0.327738,0.721945,0.60186293,0.60186292
0.678145,0.203618,0.92993959,0.92993956
0.833697,-0.614716,0.47852831,0.4785283
-0.115764,-0.354865,0.7897489,0.78974889
0.192606,-0.649809,0.69498691,0.69498691
0.535091,-0.219200,1.0301602,1.0301602
0.695614,-0.022549,0.96084875,0.96084875
-0.167148,0.571385,0.628275,0.62827501
0.305005,-0.445428,0.91531878,0.91531878
0.832116,0.371222,0.67578804,0.67578801
0.151457,0.143488,1.0824952,1.0824952
-0.020740,0.215453,0.93743836,0.93743838
-0.036250,-0.374510,0.84324638,0.84324638
-0.508383,0.031504,0.43763205,0.43763212
-0.078632,0.471476,0.7505622,0.7505622
-0.943263,-0.090323,0.16367919,0.16367927
-0.362661,0.532746,0.50181131,0.50181131
0.793561,0.053147,0.85031936,0.85031935
-0.235698,0.720247,0.51039715,0.51039718
-0.615359,0.535173,0.3145575,0.3145575
-0.004737,-0.181185,0.96375726,0.96375723
0.605223,-0.229290,0.97786763,0.97786762
-0.676193,0.548953,0.27711345,0.27711346
-0.092296,-0.466734,0.74401228,0.74401225
-0.059087,-0.042587,0.94334666,0.94334665
-0.626917,-0.176299,0.32183244,0.32183245
-0.816015,0.190116,0.20151276,0.20151278
0.909791,-0.832213,0.23806049,0.23806051
0.014093,-0.072912,1.0067232,1.0067231
-0.780738,0.403007,0.21900767,0.21900769
-0.036386,-0.924241,0.42799891,0.42799881
0.183276,0.790242,0.54073283,0.54073283
-0.867529,-0.416619,0.18440167,0.18440165
-0.089492,0.326680,0.82699725,0.82699727
0.385421,-0.932428,0.33046683,0.3304667
-0.463205,0.947920,0.37183131,0.37183133
0.538595,0.316607,0.96414014,0.96414013
0.932130,-0.573731,0.4318602,0.43186018
-0.643302,0.351691,0.30221032,0.30221034
-0.578960,0.293564,0.35618016,0.35618013
-0.739840,-0.243095,0.24049584,0.24049582
0.820340,0.390774,0.67470214,0.67470213
-0.582532,0.766561,0.32975036,0.32975038
0.176644,0.777785,0.55474808,0.55474808
0.889074,0.088029,0.72488149,0.72488147
0.376179,0.316220,1.0236038,1.0236038
0.629911,0.629246,0.60109675,0.60109676
-0.449287,0.533639,0.43387723,0.43387728
-0.816617,0.250707,0.20134123,0.20134122
0.346047,-0.508603,0.84729067,0.84729065
0.722717,0.461109,0.70919443,0.70919439
0.460462,0.020795,1.1280029,1.1280029
-0.734378,0.412307,0.24304382,0.24304382
-0.332282,-0.697334,0.47041741,0.47041739
-0.511741,-0.582770,0.38088832,0.38088833
0.091710,-0.548435,0.77787276,0.7778728
0.906750,0.752502,0.30710003,0.30710002
-0.524894,0.745824,0.35869525,0.35869528
0.750734,0.638223,0.51542287,0.51542286
0.515814,-0.246447,1.02493,1.02493
0.676589,0.759645,0.4254839,0.42548388
-0.232048,-0.765996,0.49036971,0.49036971
-0.126832,0.025226,0.87440149,0.87440145
0.058700,-0.743097,0.5855338,0.58553377
-0.796291,0.546030,0.21641429,0.21641432
-0.463786,0.380613,0.44928429,0.4492843
-0.693237,-0.141786,0.27190523,0.27190523
0.810905,-0.130954,0.81477843,0.8147784
0.139640,0.203935,1.0524822,1.0524822
0.542015,0.610020,0.66948459,0.66948456
-0.894529,0.406637,0.17598505,0.17598502
-0.170609,-0.336774,0.74816855,0.74816855
0.757289,-0.352780,0.76486357,0.76486357
0.156770,0.268234,1.0263927,1.0263927
0.905698,0.159270,0.68745661,0.68745658
-0.318411,0.511498,0.5441962,0.54419621
-0.500552,0.226935,0.43434319,0.43434318
0.159752,-0.002728,1.1108897,1.1108897
-0.874229,0.402493,0.18192046,0.18192044
-0.188671,0.545821,0.62814189,0.62814191
-0.004208,0.612196,0.68576183,0.68576183
0.002090,0.899446,0.44521168,0.44521169
0.564841,0.880271,0.33016843,0.33016842
0.527276,-0.604321,0.68299614,0.68299615
0.348999,-0.533901,0.81926683,0.81926682
0.063865,0.947464,0.39838237,0.39838235
-0.784992,-0.373694,0.2165783,0.21657829
0.082782,-0.946857,0.39561739,0.39561723
0.180129,0.281690,1.0273995,1.0273995
-0.044681,0.348137,0.85248868,0.8524887
-0.013920,-0.363969,0.8661004,0.86610037
-0.099876,0.940019,0.4196351,0.41963508
-0.171186,-0.624205,0.59492687,0.59492686
0.704114,0.410174,0.76900675,0.76900674
-0.648626,-0.547611,0.29341453,0.29341454
-0.415055,-0.590747,0.44729965,0.44729964
-0.653951,-0.270526,0.2973406,0.29734058
0.799622,0.261661,0.77642165,0.77642166
0.578786,0.548365,0.72099048,0.72099048
-0.887136,-0.847725,0.20934173,0.20934172
0.276850,-0.407498,0.95042783,0.95042783
-0.558046,-0.390988,0.36584962,0.36584961
0.278162,-0.567019,0.78830887,0.78830883
-0.695524,-0.273039,0.26794984,0.26794981
0.427823,-0.065484,1.1339938,1.1339938
-0.056138,0.345520,0.84488299,0.84488299
0.432486,0.167944,1.1012194,1.1012194
-0.165763,-0.334474,0.75377546,0.75377544
0.711179,-0.018729,0.94514909,0.94514906
0.533461,-0.211030,1.0355147,1.0355147
-0.605542,-0.273170,0.33516318,0.33516316
0.604119,-0.776229,0.44037478,0.44037479
0.283820,-0.501091,0.85913169,0.85913168
0.136975,0.736427,0.59912099,0.59912099
0.524681,-0.219788,1.0357272,1.0357272
0.412526,-0.000126,1.1438061,1.1438061
-0.526361,-0.857315,0.35411836,0.35411836
-0.075548,-0.463393,0.75801719,0.75801721
0.814427,-0.770417,0.34179824,0.34179823
0.269011,-0.264214,1.0613095,1.0613095
-0.402832,-0.563360,0.46266724,0.46266723
-0.840552,-0.166118,0.19144208,0.19144205
0.023135,0.651708,0.66143705,0.66143705
-0.846533,-0.261829,0.18946171,0.18946167
-0.502679,-0.304941,0.42376506,0.42376506
0.805187,-0.894329,0.22267234,0.22267232
-0.135109,0.076737,0.86126582,0.86126582
0.554659,-0.560933,0.71980988,0.71980986
0.399868,0.439014,0.91004029,0.91004026
-0.283885,0.686648,0.50080889,0.50080893
0.762625,0.598792,0.54695578,0.54695577
0.800470,-0.763872,0.35586906,0.35586906
0.181381,-0.528721,0.82063097,0.82063092
0.824191,-0.888255,0.22165313,0.22165312
0.018718,0.636977,0.6729894,0.67298941
-0.106931,-0.126826,0.88280023,0.88280021
-0.894223,-0.169165,0.17401231,0.17401234
-0.833611,-0.213519,0.19421295,0.19421295
0.060632,0.191342,1.0102593,1.0102593
-0.639890,0.554325,0.2986658,0.29866581
0.466373,-0.334316,0.98464044,0.98464043
-0.487954,-0.348423,0.4319027,0.43190268
-0.062755,-0.059164,0.93821291,0.93821294
-0.340559,-0.458894,0.5429494,0.54294939
-0.418451,0.379127,0.49191312,0.49191314
-0.061844,-0.754295,0.55255509,0.55255508
-0.076864,-0.812601,0.50642917,0.50642912
0.689868,0.351895,0.82772136,0.82772134
-0.421801,0.070165,0.53094682,0.53094684
0.566029,0.938533,0.25992417,0.25992415
-0.000668,-0.325082,0.89922638,0.89922638
0.837482,0.238138,0.74435874,0.74435872
-0.037155,0.708849,0.59476662,0.59476664
-0.075639,0.749407,0.55255868,0.55255867
0.234577,-0.266206,1.0535866,1.0535866
-0.447997,-0.723922,0.40109658,0.40109656
0.648207,0.287012,0.90893388,0.90893386
0.758033,-0.240507,0.83243666,0.83243666
-0.209361,-0.188125,0.75882831,0.75882829
0.663887,-0.876997,0.29551773,0.29551772
0.833921,-0.032714,0.80257499,0.80257499
0.067463,-0.155940,1.0279956,1.0279956
0.186464,-0.564512,0.78511611,0.78511609
0.789517,-0.066594,0.85343145,0.85343142
-0.823387,-0.313054,0.19886298,0.19886298
-0.458675,0.654362,0.40590052,0.40590052
0.047963,0.498297,0.8044588,0.80445882
-0.562335,0.385648,0.3628157,0.36281573
0.782320,-0.308125,0.76889207,0.76889206
0.108095,-0.803907,0.52944547,0.52944544
0.695325,-0.113167,0.94675465,0.94675461
0.346516,0.129839,1.1314561,1.1314561
0.243456,-0.170069,1.1063927,1.1063926
-0.028774,-0.110099,0.96247055,0.96247055
-0.167043,0.316029,0.76045257,0.76045257
-0.030412,0.728427,0.58087983,0.58087983
0.039563,0.462003,0.82981559,0.82981561
0.251857,-0.609257,0.74160521,0.74160518
0.450608,0.446144,0.88840016,0.88840013
-0.781237,-0.833019,0.24822159,0.2482216
0.039061,0.308876,0.93660413,0.93660415
0.440447,-0.778219,0.50230332,0.50230332
0.889778,0.093099,0.72312431,0.72312431
-0.221775,-0.700235,0.52675536,0.52675533
-0.027544,0.511938,0.754305,0.75430498
-0.559445,0.884007,0.34176415,0.34176415
0.394617,0.443740,0.90650319,0.90650317
0.100159,-0.567522,0.76268231,0.76268233
-0.948189,-0.831668,0.18579181,0.18579191
-0.854830,-0.646573,0.20010696,0.20010695
0.237679,-0.360591,0.98594435,0.98594436
0.452382,-0.140298,1.1056909,1.1056908
-0.746849,-0.531370,0.23870001,0.23869999
0.263022,-0.524240,0.83445909,0.83445909
-0.096199,-0.069225,0.90333308,0.90333304
0.239134,0.644364,0.70220596,0.70220596
0.267823,-0.181700,1.1062641,1.106264
0.069887,-0.037479,1.0544333,1.0544333
-0.593116,0.339052,0.34133368,0.34133368
-0.136468,0.419539,0.73786187,0.73786191
0.662267,0.779426,0.40955933,0.40955933
-0.802047,0.560172,0.21469324,0.21469325
0.192996,-0.248431,1.0522009,1.0522009
0.348936,-0.101921,1.1397591,1.1397591
0.854466,-0.497453,0.56099182,0.56099181
0.420562,0.733432,0.56464597,0.56464595
0.273373,0.696553,0.64014796,0.64014793
-0.689534,-0.129772,0.27470504,0.27470502
0.317545,0.803206,0.50539414,0.50539415
-0.651188,0.618196,0.29203145,0.29203144
-0.418591,0.503359,0.46452909,0.46452909
0.777508,0.039645,0.87058634,0.87058631
-0.462022,0.571110,0.41757638,0.41757637
-0.868384,-0.308586,0.18229536,0.18229531
-0.416052,0.108820,0.53506061,0.53506056
-0.769041,-0.898801,0.26222939,0.26222939
0.732193,-0.078647,0.91629563,0.91629562
-0.394948,0.829208,0.40734679,0.40734682
0.289938,-0.415794,0.9434491,0.94344909
0.722655,-0.621951,0.55132235,0.55132237
-0.637822,-0.058188,0.31553185,0.31553186
-0.373423,-0.764521,0.43042548,0.43042548
-0.467583,-0.855575,0.3765852,0.37658521
0.057610,0.064872,1.0423935,1.0423935
0.890348,-0.379683,0.60706516,0.60706516
-0.388793,0.303073,0.5371224,0.5371224
0.204142,-0.625897,0.72175652,0.72175652
0.541320,0.211119,1.0308554,1.0308554
0.700975,-0.255628,0.88152918,0.88152918
0.443687,-0.271237,1.0398132,1.0398132
0.546090,0.612775,0.6643159,0.66431589
-0.038943,0.798407,0.52330188,0.52330192
-0.878125,-0.029853,0.17856421,0.17856422
0.066943,-0.378826,0.90770382,0.90770379
-0.724178,-0.941134,0.28589949,0.28589943
0.167081,-0.709094,0.62937712,0.62937712
-0.930331,0.631286,0.17521856,0.17521857
-0.924943,0.437212,0.16889184,0.16889178
0.680211,0.876580,0.28953061,0.28953061
0.108728,0.305912,0.98004117,0.98004119
0.366737,-0.894961,0.38126273,0.3812627
0.087720,0.841541,0.49302255,0.49302255
-0.408910,0.521809,0.4680422,0.46804222
0.255182,-0.468296,0.89112441,0.89112442
0.851881,0.285866,0.70432376,0.70432376
-0.712777,-0.039579,0.25936671,0.25936673
-0.056082,0.651499,0.63311387,0.63311386
-0.546899,-0.330861,0.38083927,0.38083926
0.651297,0.197248,0.95696207,0.95696206
0.757461,0.209638,0.8477505,0.84775048
-0.168654,0.173446,0.80683853,0.80683852
-0.483591,0.252824,0.44844028,0.44844031
0.095309,0.618723,0.71222903,0.71222902
-0.639449,-0.520679,0.29948632,0.29948629
0.349540,-0.465892,0.89172997,0.89172996
0.594393,0.319607,0.926768,0.92676798
-0.607273,-0.636663,0.3170597,0.31705969
-0.198987,-0.679866,0.54862568,0.5486257
-0.146522,-0.208077,0.82061922,0.8206192
0.197125,0.030026,1.1263654,1.1263654
-0.886920,-0.383079,0.17768057,0.17768054
-0.758215,-0.417370,0.23037791,0.2303779
0.013611,-0.728249,0.59135258,0.59135256
-0.227510,0.619204,0.56410045,0.56410043
0.651003,-0.212199,0.94998748,0.9499875
0.630950,-0.190560,0.97725046,0.97725044
0.701043,0.132030,0.93571665,0.93571665
-0.086728,-0.363643,0.80983701,0.80983698
-0.786860,-0.287234,0.21509949,0.21509949
0.081128,-0.040362,1.0621384,1.0621384
-0.153202,-0.288209,0.78535485,0.78535486
0.354108,0.082886,1.1440313,1.1440313
-0.106139,-0.865382,0.46639254,0.4663925
-0.203306,-0.382475,0.69739449,0.69739448
0.914084,0.630495,0.40304067,0.40304066
-0.801829,-0.195457,0.20791152,0.2079115
0.639108,0.264617,0.93065272,0.9306527
0.380218,-0.432006,0.92101586,0.92101587
0.664453,-0.846599,0.33039057,0.33039055
-0.109294,0.340676,0.80261022,0.80261025
-0.313182,0.379743,0.59341181,0.59341181
-0.414410,0.440872,0.48224356,0.48224355
0.002859,0.108460,0.99075112,0.99075115
-0.136089,-0.000514,0.86485619,0.86485625
0.447046,0.715845,0.57817112,0.57817112
-0.603341,0.790961,0.32052242,0.32052246
0.575349,0.378652,0.8916799,0.8916799
-0.753225,0.460052,0.2336148,0.23361478
-0.722689,-0.657583,0.25644852,0.2564485
0.132460,0.342700,0.9665485,0.96654853
0.715866,0.388113,0.77686952,0.77686951
0.266852,0.815647,0.50097842,0.50097841
-0.624998,0.420757,0.31253219,0.31253223
0.478857,-0.949398,0.27795583,0.27795567
0.550395,-0.627266,0.64517012,0.64517014
-0.698969,-0.164450,0.26757212,0.2675721
0.342193,0.857296,0.43384724,0.43384724
0.245286,0.219919,1.0830008,1.0830008
-0.823814,0.837274,0.23198201,0.23198203
0.915251,-0.646818,0.38906563,0.38906563
0.383578,0.519198,0.82945348,0.82945349
0.115778,-0.712995,0.62178892,0.62178892
-0.694698,0.829836,0.28339948,0.28339952
-0.679104,-0.697484,0.27997459,0.27997456
-0.482104,-0.535888,0.40852173,0.40852173
-0.105987,0.274554,0.83634186,0.83634189
-0.201489,0.435157,0.6748535,0.6748535
0.447203,0.169388,1.0957954,1.0957954
0.113490,-0.292166,0.99116793,0.99116794
0.454242,0.770484,0.50738178,0.50738176
0.317876,-0.850247,0.44876463,0.44876461
-0.645294,0.711207,0.29743351,0.29743348
0.065058,0.066215,1.047693,1.0476929
-0.712038,0.754017,0.26855132,0.26855133
-0.453060,0.181081,0.48790904,0.48790906
-0.534701,0.471460,0.3765427,0.37654271
-0.689820,-0.228932,0.27271081,0.27271077
-0.084840,0.451832,0.75886464,0.75886468
-0.889244,-0.228984,0.17549092,0.17549091
-0.303909,-0.401480,0.59523353,0.59523351
0.425825,0.621266,0.70089236,0.70089234
-0.343350,-0.830830,0.42574696,0.42574694
-0.712438,-0.238127,0.25744966,0.25744966
0.402641,-0.222812,1.0814429,1.0814429
-0.546749,0.138261,0.39537776,0.39537774
-0.507531,0.420925,0.40466589,0.40466588
0.854596,-0.883485,0.21496118,0.21496115
0.301833,0.442956,0.91776866,0.91776867
0.057186,-0.872956,0.46515751,0.46515748
-0.067861,0.191580,0.90391879,0.90391883
0.459091,-0.556558,0.76615864,0.76615863
0.185186,0.493196,0.85630451,0.85630451
0.904371,-0.376111,0.59352384,0.59352383
-0.828327,0.190904,0.19630913,0.19630911
0.018304,0.732099,0.58891393,0.58891394
-0.239583,0.312929,0.68929775,0.68929776
0.752201,-0.352114,0.77028626,0.77028625
-0.800542,-0.099854,0.2086754,0.20867538
0.113294,-0.537754,0.79478497,0.79478495
0.365142,-0.840863,0.44739123,0.44739123
0.046366,0.133032,1.0196731,1.0196731
-0.189756,-0.100142,0.79771953,0.79771953
-0.635557,-0.539786,0.3015676,0.30156759
0.849096,0.629756,0.45327339,0.45327339
0.790202,-0.931472,0.19091656,0.19091655
0.797148,-0.323466,0.74375541,0.74375541
-0.034658,-0.734860,0.5746015,0.57460149
-0.804428,0.539324,0.21263795,0.21263797
0.133331,0.843435,0.48833646,0.48833646
0.077565,0.815030,0.51854431,0.51854431
0.420896,-0.743019,0.55257662,0.55257662
0.901892,-0.345756,0.61380794,0.61380793
-0.366161,0.694966,0.45228368,0.45228372
0.054521,0.922983,0.42103655,0.42103657
-0.520764,-0.920912,0.35578356,0.35578353
0.579821,0.739780,0.49565994,0.49565992
-0.100904,0.317608,0.82142167,0.82142166
0.071908,0.929406,0.41300398,0.41300398
0.652620,0.761008,0.43577004,0.43577001
-0.393470,0.855130,0.40307926,0.40307927
0.058493,-0.446882,0.85154704,0.85154705
-0.256592,0.398698,0.64089925,0.64089924
-0.386703,-0.945754,0.38983623,0.38983619
-0.691501,-0.903646,0.29323154,0.2932315
-0.812642,-0.883601,0.24282929,0.24282931
0.195244,-0.703368,0.63617898,0.63617896
-0.019280,-0.721701,0.58926687,0.58926687
-0.811334,0.025228,0.20374421,0.20374418
0.042871,-0.009528,1.0355076,1.0355076
0.745468,0.778868,0.36905552,0.3690555
-0.092977,-0.106083,0.90113963,0.90113961
0.300864,-0.356851,0.99570489,0.99570489
-0.563630,0.704872,0.34009938,0.34009937
-0.753922,0.719739,0.24694178,0.24694179
-0.067142,0.120415,0.92406607,0.92406606
-0.949818,0.862997,0.18841613,0.18841601
-0.575306,-0.944251,0.33904762,0.33904757
0.060279,-0.497681,0.81060734,0.8106073
0.009428,-0.860457,0.47706843,0.47706839
0.165953,0.135412,1.0920683,1.0920683
0.730094,0.693002,0.47066674,0.47066675
0.508328,-0.539332,0.76616712,0.76616714
0.657928,0.624654,0.58977927,0.58977926
-0.697880,0.262562,0.26657936,0.26657936
-0.341318,-0.130570,0.61852867,0.61852868
-0.935321,-0.092299,0.16499059,0.16499062
0.470012,0.214673,1.0648102,1.0648102
0.775233,0.032373,0.87379867,0.87379867
0.075419,0.253404,0.99137997,0.99137998
-0.689706,-0.247722,0.27239701,0.27239702
0.008821,0.566774,0.72923647,0.72923647
0.458113,0.297010,1.0165466,1.0165466
0.285832,0.846446,0.46097138,0.46097136
0.317174,-0.464596,0.89585237,0.89585237
0.800245,-0.632148,0.48693426,0.48693426
0.748641,0.746633,0.4021435,0.40214348
0.507759,0.722413,0.54783743,0.5478374
-0.663074,-0.881867,0.30178723,0.30178721
0.726836,-0.632745,0.53715763,0.53715763
0.741755,0.530936,0.6290376,0.62903758
0.014969,0.323822,0.91118074,0.91118075
0.077527,0.469408,0.84218234,0.84218237
-0.477897,-0.015962,0.470207,0.47020703
0.731188,-0.558705,0.61005924,0.61005924
0.319317,-0.641890,0.69925933,0.69925933
-0.307286,-0.546049,0.54041979,0.54041974
0.598692,-0.889005,0.30676473,0.30676471
-0.735516,0.908113,0.27673477,0.27673481
0.100349,-0.711631,0.62144626,0.62144625
-0.125202,-0.386058,0.76535307,0.76535305
-0.536945,-0.812199,0.35049378,0.35049377
0.675142,0.082242,0.97345951,0.9734595
-0.805748,0.814897,0.23612222,0.23612224
-0.147689,0.749228,0.5303005,0.53030054
-0.509220,-0.556252,0.3858167,0.3858167
-0.828026,-0.592002,0.20612351,0.20612348
-0.288815,0.725624,0.48286933,0.48286936
0.548868,0.001825,1.0830026,1.0830026
-0.769304,-0.318531,0.22397365,0.22397363
-0.777741,0.671606,0.23249316,0.23249313
-0.210691,-0.264550,0.73554794,0.73554792
0.739233,-0.383971,0.75900258,0.75900254
-0.646967,0.687825,0.29578253,0.29578253
-0.126475,-0.810198,0.49826197,0.49826196
-0.455186,0.338452,0.46431914,0.46431918
-0.145472,0.814319,0.49140356,0.49140358
-0.912479,0.338554,0.17023826,0.17023822
0.046466,0.108855,1.0258796,1.0258796
-0.228536,0.017200,0.75965641,0.75965637
-0.362970,-0.673484,0.46015623,0.46015624
-0.696683,-0.915835,0.29281088,0.29281085
-0.318389,-0.165938,0.64003848,0.64003851
-0.450515,-0.132216,0.4950808,0.49508079
0.016831,-0.113786,1.0012715,1.0012715
0.722164,-0.576897,0.5983563,0.5983563
0.428420,0.609167,0.71458555,0.71458553
0.525443,0.661195,0.61579435,0.61579434
-0.347375,0.661616,0.47305277,0.4730528
-0.796355,-0.783864,0.23603615,0.23603616
0.775522,-0.471380,0.65473389,0.65473386
0.463249,0.478848,0.85024785,0.85024785
0.573516,-0.180160,1.0253638,1.0253638
0.877432,0.597403,0.45924027,0.45924029
0.228984,-0.882959,0.43164359,0.43164359
0.576014,0.523074,0.75009064,0.75009063
-0.052964,0.349475,0.8451882,0.84518821
-0.431142,-0.231429,0.50510366,0.50510366
0.800187,-0.767262,0.35259403,0.35259404
-0.832870,-0.920431,0.24040634,0.24040633
-0.810562,0.537952,0.21002532,0.21002532
-0.093052,0.563269,0.67920632,0.6792063
-0.902911,-0.463437,0.17513567,0.17513566
0.267296,-0.478520,0.88176994,0.88176994
0.456658,0.720789,0.56876403,0.56876403
0.123379,-0.860793,0.47172293,0.47172293
0.743691,0.064022,0.90614183,0.90614183
0.846131,0.288896,0.70940487,0.70940488
0.285091,-0.602206,0.74857879,0.74857878
-0.565756,0.092197,0.37896743,0.37896743
0.205254,0.693917,0.64668775,0.64668777
0.568212,0.480290,0.79950042,0.79950041
0.539901,-0.878431,0.341827,0.341827
0.488520,-0.912016,0.31958928,0.31958922
-0.766881,-0.876278,0.25983858,0.25983857
0.392683,0.267788,1.0556393,1.0556393
0.502516,-0.452932,0.86096863,0.86096862
-0.274484,-0.227085,0.67732005,0.67732003
0.737550,0.821375,0.32670418,0.32670416
-0.623368,-0.704346,0.30842403,0.30842401
0.688533,-0.274490,0.88194002,0.88194001
-0.770553,0.572371,0.22913804,0.22913802
0.283176,0.768743,0.5534443,0.55344428
-0.524470,-0.369489,0.39642103,0.39642106
-0.858155,-0.247644,0.18525126,0.18525122
0.146695,-0.298641,1.0030023,1.0030023
-0.841268,0.937892,0.23978664,0.23978666
-0.372808,-0.931607,0.39511402,0.39511399
0.403988,0.860812,0.4111872,0.4111872
0.335230,-0.931002,0.34836277,0.34836268
-0.419094,0.127100,0.53017378,0.53017377
0.381132,-0.155963,1.1181168,1.1181168
-0.746804,0.336696,0.23601815,0.23601815
-0.795088,0.883426,0.24970625,0.24970627
0.130715,-0.556778,0.78151506,0.78151504
-0.065160,0.156952,0.91702024,0.91702019
-0.387539,0.572719,0.47160769,0.47160773
0.711156,-0.626283,0.55436748,0.55436749
-0.047875,0.520516,0.73616697,0.73616695
-0.130112,0.916921,0.43304859,0.43304861
-0.396418,-0.564086,0.46727001,0.46727001
0.898953,-0.005298,0.7185726,0.71857256
0.336728,0.163893,1.1189163,1.1189163
-0.553038,0.245713,0.38261006,0.38261005
-0.633219,0.216278,0.31528269,0.3152827
0.722124,-0.617396,0.55646817,0.55646818
-0.723237,-0.668020,0.2568415,0.25684148
-0.120723,0.794561,0.50961164,0.50961166
-0.724133,0.465010,0.24913069,0.24913068
-0.501614,-0.380655,0.41513564,0.41513565
-0.656378,0.293238,0.2947917,0.29479166
-0.758366,0.265575,0.22983718,0.22983718
0.576999,0.187219,1.0197302,1.0197302
-0.831591,0.864667,0.23271745,0.23271746
-0.745586,-0.811829,0.26010262,0.26010259
0.833597,-0.943918,0.16577051,0.16577051
0.033300,0.394218,0.8771963,0.87719632
0.460928,-0.845588,0.41113149,0.41113149
0.680999,0.825098,0.34804007,0.34804009
-0.638684,-0.283206,0.30838051,0.3083805
-0.260986,-0.795733,0.46660515,0.46660513
0.844936,-0.016005,0.78939287,0.78939286
-0.677453,0.347978,0.27845907,0.27845909
0.428005,-0.800561,0.47837115,0.47837117
-0.676697,-0.924120,0.30143747,0.30143741
0.269105,-0.664431,0.67801482,0.67801484
0.831354,0.452010,0.61851362,0.61851362
-0.628702,-0.893775,0.31627273,0.31627273
0.148170,-0.245908,1.0353734,1.0353734
0.416328,-0.563056,0.77212342,0.77212339
-0.457671,0.609215,0.41406198,0.41406199
-0.557584,-0.647528,0.34598218,0.34598216
0.624990,0.453263,0.79080079,0.79080077
0.104824,0.906997,0.42886861,0.4288686
-0.261993,-0.827966,0.453267,0.45326698
0.333946,0.176301,1.113568,1.113568
-0.948548,0.286349,0.16261722,0.1626171
-0.761387,-0.550722,0.23238568,0.23238568
0.659645,-0.407974,0.80694438,0.80694435
-0.509103,-0.195774,0.42865255,0.4286525
-0.244628,-0.196284,0.71777183,0.71777186
0.514977,0.791824,0.4584853,0.45848528
0.621144,0.439684,0.80632942,0.80632937
0.227823,0.484886,0.87180018,0.87180019
-0.715286,0.116774,0.25715715,0.25715718
0.433487,-0.410242,0.92905793,0.9290579
-0.771667,0.465312,0.22461105,0.22461108
-0.843694,0.428618,0.19298984,0.19298984
0.269445,0.120290,1.1298493,1.1298493
0.782196,0.076675,0.86051327,0.86051329
0.305296,-0.655452,0.68504878,0.68504879
0.923444,-0.518038,0.48023122,0.48023123
-0.417311,-0.274997,0.51285705,0.51285703
0.709080,-0.418728,0.75758597,0.75758597
-0.168148,-0.361909,0.73919734,0.7391973
-0.284511,0.860876,0.43468014,0.43468018
0.739034,0.250980,0.84670807,0.84670806
-0.571504,0.681390,0.33648566,0.33648564
-0.502933,-0.595636,0.38536093,0.38536093
-0.541345,-0.389384,0.37983758,0.37983759
-0.316424,0.362484,0.59556719,0.59556722
-0.281065,0.749176,0.47729014,0.47729018
0.207290,0.178225,1.0925146,1.0925147
0.873577,-0.532768,0.5154023,0.51540231
-0.256781,-0.012615,0.7265292,0.72652924
0.052219,0.229208,0.98797509,0.98797511
0.689485,-0.590241,0.60714625,0.60714627
0.260835,-0.848202,0.46433906,0.46433908
-0.014065,0.922952,0.42765683,0.42765684
0.877083,-0.269556,0.68251091,0.6825109
0.805745,-0.383234,0.69493692,0.69493691
0.674807,0.438886,0.76778445,0.76778442
-0.712062,0.854159,0.27896227,0.2789623
-0.665142,0.144985,0.2924025,0.29240249
-0.278991,0.042109,0.69932194,0.69932195
-0.375406,0.811021,0.41865664,0.41865664
-0.939616,-0.047330,0.16431765,0.16431765
-0.930479,-0.511867,0.16965885,0.16965885
-0.477544,0.651436,0.39459379,0.39459382
0.830349,-0.639837,0.45788888,0.45788888
-0.444965,0.270299,0.48512719,0.48512719
-0.378076,-0.258882,0.55715301,0.55715304
0.288062,0.291137,1.0454222,1.0454222
-0.650956,-0.410331,0.29477518,0.29477515
0.588788,-0.861856,0.3431712,0.3431712
0.795610,-0.858324,0.26243429,0.26243428
0.304445,0.447670,0.91313067,0.91313063
0.327543,-0.467701,0.89205157,0.89205156
0.152794,0.134795,1.0859801,1.0859801
-0.638491,-0.326738,0.30674289,0.30674287
-0.221064,-0.272191,0.72218244,0.72218241
0.748306,-0.263754,0.83023426,0.83023421
0.045806,0.048959,1.0353526,1.0353526
-0.452715,0.444206,0.44797843,0.44797843
0.399825,0.471259,0.87723556,0.87723557
-0.903811,-0.045252,0.1715841,0.1715841
-0.811882,0.388154,0.2046748,0.20467481
-0.391486,-0.204446,0.55180707,0.55180707
-0.150011,0.847524,0.47093261,0.47093261
0.859932,0.289302,0.69315048,0.69315046
-0.115196,0.854141,0.47245332,0.47245335
0.346754,0.347648,1.0020188,1.0020188
0.521840,-0.065189,1.0937338,1.0937337
-0.545473,-0.749659,0.34814205,0.34814202
-0.234961,-0.119090,0.74343335,0.74343335
0.361558,-0.894625,0.383261,0.38326095
-0.395298,0.634244,0.45043591,0.45043595
-0.350649,-0.602709,0.48931982,0.48931981
-0.764070,0.810097,0.25227591,0.2522759
0.019192,-0.934188,0.41580951,0.41580944
0.120067,-0.713602,0.62158522,0.62158524
-0.133062,0.839738,0.47858928,0.4785893
0.527958,0.023398,1.0950633,1.0950633
0.614461,-0.429974,0.81997033,0.8199703
0.777530,0.383122,0.72318693,0.72318692
-0.759377,0.612524,0.23646881,0.23646881
-0.645866,0.855008,0.30610183,0.30610185
-0.240765,0.873014,0.44050269,0.44050268
0.450296,0.432957,0.901641,0.90164098
-0.005112,0.274663,0.92337387,0.92337387
0.946167,0.372320,0.54779555,0.54779553
-0.472456,0.740566,0.38598816,0.38598819
-0.482152,-0.781977,0.3768805,0.37688052
0.435531,-0.865863,0.39465728,0.39465729
0.885012,-0.217360,0.6950195,0.6950195
-0.887910,0.875860,0.21268433,0.21268433
-0.562488,0.892439,0.34091134,0.34091135
0.096516,-0.501021,0.82265912,0.82265907
-0.258233,0.421429,0.63041786,0.63041786
-0.904638,0.148909,0.17134997,0.17134997
-0.518153,-0.908354,0.35663375,0.35663377
0.661523,-0.404052,0.80887566,0.80887565
0.319774,0.061608,1.1487742,1.1487742
0.619507,0.184086,0.98945595,0.98945596
-0.444057,-0.469017,0.45064156,0.45064154
-0.916640,-0.334361,0.16921413,0.16921413
0.148590,-0.307365,0.99807668,0.99807665
-0.030302,-0.456261,0.79327371,0.79327373
-0.256640,-0.218757,0.69907184,0.69907181
-0.709034,-0.030823,0.2619323,0.26193231
0.758695,0.284013,0.80795658,0.80795658
0.403551,0.458896,0.88911885,0.88911884
0.305210,-0.759735,0.56036073,0.56036073
-0.694315,-0.772257,0.27806242,0.27806239
-0.223505,0.048432,0.76419997,0.76420001
-0.378954,-0.864326,0.40611757,0.40611756
0.584733,0.451577,0.81853462,0.81853462
0.920251,0.208375,0.65325625,0.65325624
-0.873424,0.361006,0.18137723,0.18137726
-0.779083,-0.500568,0.22217407,0.22217408
0.725988,-0.501818,0.66915818,0.66915817
-0.863096,-0.324135,0.18420263,0.18420261
-0.197954,-0.778277,0.49660846,0.49660848
-0.277243,0.487208,0.58734327,0.5873433
-0.268878,0.325594,0.65510968,0.65510968
0.358307,0.637481,0.69805332,0.6980533
0.455258,-0.226521,1.063855,1.063855
-0.308459,0.932344,0.40736116,0.4073612
0.706580,-0.485009,0.70034062,0.70034063
0.530480,0.293813,0.98548945,0.98548944
0.908235,0.181914,0.67753211,0.67753209
0.509602,0.106861,1.0910551,1.0910551
0.561071,-0.085854,1.0655269,1.0655269
-0.722426,0.294969,0.250445,0.25044501
0.653403,-0.257887,0.92286992,0.92286991
0.397782,0.914554,0.347751,0.347751
-0.183135,0.162523,0.79367883,0.79367881
0.817987,0.338729,0.71192648,0.71192648
0.687124,0.211734,0.91770619,0.91770621
0.440079,-0.478316,0.85873695,0.85873696
-0.629563,0.883235,0.31502929,0.31502933
-0.018907,-0.436550,0.81449845,0.81449843
-0.224251,-0.446278,0.6500105,0.65001048
0.236403,0.273964,1.0490512,1.0490512
-0.370313,0.438200,0.52243559,0.52243563
0.374488,-0.504645,0.84709935,0.84709933
0.817068,0.508563,0.58604197,0.58604197
-0.767518,0.816573,0.25166353,0.25166357
0.340478,-0.616004,0.72666211,0.72666208
0.781547,-0.792733,0.33614944,0.33614943
-0.363347,-0.862728,0.41137616,0.41137615
-0.202691,0.114377,0.78100038,0.78100042
0.141781,-0.728505,0.60764526,0.60764526
-0.452103,-0.495432,0.43890014,0.43890014
0.208199,-0.887759,0.43068286,0.43068284
-0.325104,0.085864,0.64195595,0.64195593
0.306691,0.913546,0.37724388,0.37724386
-0.228767,-0.826083,0.46376131,0.46376133
-0.693872,-0.540806,0.26697741,0.26697739
-0.618696,-0.744971,0.31178374,0.31178372
0.542899,-0.704379,0.55547563,0.5554756
-0.106106,-0.100740,0.88856707,0.88856706
0.847483,0.543890,0.52941569,0.52941567
0.438369,-0.522259,0.81175225,0.81175223
-0.677305,-0.784619,0.28669015,0.28669016
0.253598,-0.625897,0.72286975,0.72286972
0.626436,0.537604,0.70440774,0.70440772
0.652396,0.270407,0.91608804,0.91608804
0.373994,0.749042,0.55826838,0.55826839
-0.706807,-0.777014,0.27295365,0.27295363
-0.566150,0.914769,0.340506,0.34050602
-0.805874,0.661725,0.21997099,0.21997101
-0.799454,-0.326432,0.2093656,0.20936555
-0.634366,-0.640032,0.30164559,0.30164558
-0.393704,0.677613,0.44083953,0.44083953
-0.824955,0.861429,0.23484411,0.23484413
-0.338539,0.272305,0.5967423,0.59674233
-0.334229,0.215352,0.61344894,0.61344893
-0.267706,0.725952,0.49286084,0.49286088
0.540524,-0.419394,0.8750188,0.87501881
0.083897,-0.677409,0.65264433,0.65264434
0.396580,-0.888453,0.37972586,0.37972583
-0.263468,-0.203997,0.69496972,0.69496971
-0.381433,0.023447,0.57895386,0.57895383
0.384297,0.139401,1.1239832,1.1239832
0.749769,0.047984,0.90141524,0.90141524
-0.114981,-0.908642,0.43862816,0.43862811
0.313058,0.427016,0.93294014,0.93294013
0.164187,0.300357,1.0091769,1.0091769
0.717214,-0.651846,0.52305131,0.52305131
-0.882710,-0.834317,0.20929843,0.20929842
0.812650,-0.698573,0.41377889,0.41377888
0.770705,-0.338997,0.76103912,0.76103912
-0.902298,-0.259402,0.17214645,0.17214646
0.665153,-0.907634,0.25997024,0.25997022
0.194074,-0.439123,0.90898178,0.90898176
-0.525618,-0.718451,0.35996815,0.35996813
0.276001,-0.224993,1.0856782,1.0856782
0.677009,-0.080319,0.97205116,0.97205115
0.704209,-0.712906,0.46384259,0.46384261
0.942472,0.842476,0.21573863,0.2157386
-0.285698,-0.799170,0.4563669,0.45636687
0.380822,0.267694,1.0578335,1.0578335
0.836914,0.002182,0.79984753,0.79984752
-0.150564,0.474027,0.69625578,0.69625578
-0.772653,-0.345028,0.22237197,0.22237192
0.425702,0.756154,0.53467064,0.53467061
0.071420,-0.102466,1.0456279,1.0456278
0.898080,0.156872,0.69809666,0.69809664
-0.841822,0.082139,0.19096307,0.19096307
-0.513851,-0.241983,0.41984823,0.41984821
-0.512165,-0.144840,0.42928564,0.42928561
0.936088,0.413463,0.53585322,0.53585322
-0.487588,-0.225115,0.44749316,0.44749311
0.793178,-0.922690,0.19868888,0.19868887
0.697722,0.776748,0.39539021,0.39539021
0.185327,0.378638,0.95865907,0.95865906
0.429582,-0.614550,0.70781057,0.70781056
0.034682,-0.655524,0.6614616,0.66146163
0.366736,0.066073,1.1461759,1.1461759
-0.568063,-0.475964,0.35076796,0.35076795
-0.659098,0.545886,0.28712466,0.28712468
0.323655,-0.030070,1.1526547,1.1526547
-0.730383,-0.735932,0.25876553,0.25876551
0.576625,0.579397,0.68745836,0.68745834
0.132314,0.424390,0.90277638,0.90277634
-0.937904,-0.582244,0.17065457,0.17065456
0.227717,0.048536,1.1351757,1.1351757
0.232890,0.836393,0.48313592,0.48313592
0.784015,-0.662020,0.46876532,0.46876531
0.447002,-0.089655,1.122895,1.122895
0.695964,-0.019571,0.96064511,0.96064509
-0.685064,0.654325,0.27491272,0.27491271
-0.224264,0.583274,0.58409568,0.58409572
0.543355,0.247402,1.008929,1.008929
0.165882,-0.468667,0.8747592,0.8747592
0.610019,-0.224753,0.97672667,0.97672667
-0.305550,-0.596238,0.52280163,0.52280157
0.005375,0.885861,0.45610897,0.45610899
0.322211,0.597309,0.75095577,0.75095576
0.138745,-0.468444,0.86679101,0.86679098
0.539659,-0.328643,0.95424916,0.95424913
0.530882,0.111498,1.0779269,1.0779268
0.761280,-0.817409,0.32001473,0.3200147
-0.390757,0.172826,0.55699121,0.5569912
-0.898107,-0.060533,0.17300037,0.17300038
0.819370,-0.673643,0.43358496,0.43358497
0.583144,0.611488,0.64723089,0.64723087
-0.034409,0.343985,0.86286689,0.86286684
-0.795494,0.504886,0.21496695,0.21496694
0.470753,-0.314578,0.99848837,0.99848838
0.835284,-0.351408,0.68524471,0.6852447
0.877647,0.419777,0.59495015,0.59495013
-0.806432,-0.897563,0.24733005,0.24733005
-0.105668,-0.330622,0.81082174,0.81082175
0.631709,-0.249394,0.94580412,0.94580411
0.058148,0.197326,1.0060996,1.0060996
-0.857897,-0.225250,0.18524544,0.18524541
-0.088068,-0.831284,0.49149895,0.49149895
-0.421920,-0.806496,0.4005515,0.40055149
-0.104475,-0.464058,0.73686653,0.73686651
0.093479,0.725356,0.60697968,0.60697967
-0.892231,0.043558,0.17454567,0.17454566
-0.118463,-0.895978,0.44612393,0.4461239
0.094771,-0.303666,0.97393889,0.97393889
0.799144,-0.238198,0.78861907,0.78861904
-0.235003,0.586033,0.57550768,0.57550773
-0.708155,-0.539306,0.25907191,0.2590719
-0.674560,0.438320,0.27857869,0.27857869
0.179969,-0.291544,1.0209717,1.0209717
-0.586158,-0.685428,0.328255,0.32825499
0.038850,0.146688,1.0100005,1.0100005
0.130091,0.481542,0.85211942,0.85211943
-0.065345,0.830143,0.49551768,0.4955177
-0.213254,-0.025863,0.77721259,0.7772126
0.699742,-0.782337,0.38806418,0.3880642
-0.502934,-0.299241,0.42419817,0.42419817
-0.378252,0.253013,0.55807031,0.5580703
-0.555729,-0.012628,0.39002125,0.39002127
0.543200,0.140637,1.0611044,1.0611044
0.485429,0.487434,0.83257067,0.83257065
0.512538,0.017408,1.1040188,1.1040188
0.268320,0.374075,0.97910375,0.97910376
-0.521795,-0.356500,0.40025378,0.40025378
-0.844134,0.164089,0.19008037,0.19008039
-0.085201,0.041100,0.91730537,0.91730536
0.309725,0.383771,0.97273048,0.97273048
0.176230,-0.373082,0.96030681,0.96030681
-0.395857,0.276540,0.53497252,0.53497254
0.621560,-0.214386,0.97323131,0.9732313
0.167969,-0.819119,0.51072918,0.51072918
0.171862,0.385629,0.94879584,0.94879582
-0.321071,0.738317,0.46270469,0.46270471
-0.772155,0.429570,0.22359975,0.22359977
0.360570,-0.862199,0.42270058,0.42270058
0.761896,-0.807119,0.3306517,0.3306517
-0.043000,-0.846474,0.48577768,0.48577767
0.931189,-0.257538,0.62072594,0.62072594
0.616698,0.206125,0.98125446,0.98125442
0.784483,-0.652900,0.4775778,0.4775778
-0.518554,0.689531,0.36598547,0.36598548
-0.600065,0.014862,0.34846557,0.34846558
0.265459,-0.392401,0.96297471,0.96297469
-0.516902,-0.753884,0.36224424,0.36224421
-0.376788,0.264879,0.55737479,0.5573748
0.614645,-0.268386,0.94750833,0.9475083
0.215378,-0.614471,0.73489139,0.73489139
-0.895900,0.576007,0.18186392,0.18186396
0.523245,-0.755668,0.50028967,0.50028967
-0.929367,0.625029,0.17511304,0.17511306
0.705636,-0.735809,0.43744891,0.43744891
0.363177,0.853658,0.43233267,0.43233266
-0.833971,-0.797465,0.22296658,0.22296657
-0.070518,-0.925657,0.42824133,0.42824121
-0.581972,0.882894,0.33327088,0.33327088
-0.883387,0.634636,0.18948044,0.18948045
-0.727430,0.617004,0.25189135,0.25189137
0.426887,-0.548125,0.78619717,0.78619717
-0.115988,0.003008,0.8865561,0.88655609
0.770448,0.814292,0.31901631,0.31901628
0.485787,-0.366089,0.95006544,0.95006543
-0.496058,-0.644922,0.38388318,0.38388319
0.891680,0.342256,0.62757294,0.62757295
-0.039402,0.396566,0.82713479,0.82713479
-0.189297,0.834899,0.46968278,0.46968281
-0.522101,0.863271,0.3556694,0.3556694
0.276047,0.200552,1.0985569,1.0985568
0.324588,-0.720243,0.60451612,0.60451609
0.257407,0.728626,0.60421522,0.60421523
0.944212,0.390425,0.54008116,0.54008113
-0.657829,0.458617,0.28895883,0.28895883
0.642615,-0.205151,0.96061982,0.96061978
-0.539134,0.482203,0.37199672,0.37199673
0.717860,0.388154,0.77507288,0.77507286
0.209868,0.387916,0.9575197,0.9575197
-0.420461,-0.008401,0.53413452,0.53413448
-0.474565,-0.376734,0.44003774,0.44003774
-0.763829,0.934913,0.26972855,0.26972856
-0.402032,-0.926429,0.38918085,0.38918083
0.273081,0.094534,1.1375051,1.1375051
0.188103,-0.604007,0.74391813,0.74391811
0.362814,-0.727935,0.58707495,0.58707496
-0.761806,0.364956,0.22804013,0.22804012
0.776566,-0.350832,0.74709393,0.74709391
-0.679952,0.936268,0.30177514,0.30177518
-0.632821,0.901836,0.31544354,0.31544356
0.844434,-0.150551,0.76834584,0.76834584
0.298183,-0.307840,1.0340873,1.0340873
-0.774675,0.810490,0.24800083,0.24800085
-0.180570,-0.430118,0.69527442,0.69527436
0.927327,0.457104,0.51798337,0.51798337
-0.221264,-0.328288,0.70223266,0.70223266
0.111348,-0.790352,0.54304532,0.5430453
-0.159332,-0.475816,0.68847344,0.68847342
0.787069,0.062187,0.85692364,0.85692364
-0.053224,-0.384890,0.82414204,0.82414202
-0.255165,0.299220,0.67779814,0.67779816
-0.119018,-0.632202,0.61806431,0.61806431
0.066486,0.447409,0.85509954,0.85509953
-0.587790,-0.592075,0.33006806,0.33006802
-0.029866,0.358100,0.85799183,0.85799182
-0.051948,-0.131916,0.93604493,0.93604491
0.505381,0.131044,1.0857722,1.0857722
-0.900202,0.937919,0.21640935,0.21640928
0.377154,0.250509,1.0695769,1.0695769
-0.835848,0.637086,0.20631413,0.20631413
-0.105957,-0.818698,0.496974,0.49697397
0.857244,-0.819082,0.27351407,0.27351406
-0.318157,0.308143,0.60939118,0.60939118
0.001317,0.206526,0.95931579,0.95931579
-0.120158,0.941742,0.41887865,0.41887864
-0.585158,-0.525386,0.33516209,0.3351621
0.133966,0.817195,0.51517757,0.51517759
0.563551,0.841442,0.3779795,0.37797949
-0.118652,0.219001,0.8453874,0.84538737
0.861384,0.693488,0.38700306,0.38700305
-0.337787,0.258370,0.60068121,0.60068125
0.402300,-0.639330,0.68572602,0.68572602
-0.781332,0.847169,0.25006438,0.25006438
-0.714721,0.793680,0.27113781,0.27113778
-0.127538,-0.352535,0.78052657,0.78052656
0.734159,0.394091,0.7557542,0.75575419
0.551212,-0.182283,1.0390563,1.0390563
0.044301,-0.406507,0.87480347,0.87480346
-0.011045,0.550164,0.73344531,0.73344534
-0.336126,0.526802,0.5247016,0.52470161
0.200999,0.629893,0.71720365,0.71720366
-0.651346,-0.402972,0.29473414,0.29473413
-0.763431,-0.005052,0.22809469,0.22809471
0.242149,-0.194674,1.0950494,1.0950494
0.468409,-0.265623,1.0345397,1.0345396
-0.226195,-0.585459,0.58171226,0.58171225
-0.038453,0.571558,0.70292042,0.70292044
0.647450,-0.615313,0.60653374,0.60653376
0.549072,0.430590,0.85967722,0.85967718
0.583629,0.731046,0.50454705,0.50454703
0.911665,-0.701541,0.34684075,0.34684076
-0.163995,-0.127950,0.82183092,0.82183092
-0.372690,0.684653,0.45136332,0.45136334
0.308434,-0.272256,1.059505,1.059505
0.221838,-0.169312,1.1008933,1.1008933
0.048051,0.869508,0.46867522,0.46867521
0.787203,0.659582,0.46906132,0.46906131
0.266467,0.370630,0.98182455,0.98182455
-0.522543,0.930997,0.35528779,0.35528781
-0.459254,-0.584419,0.41724937,0.41724936
-0.447741,-0.357007,0.46829919,0.46829917
0.265383,0.107766,1.1327368,1.1327368
-0.187334,-0.411001,0.69875745,0.6987574
-0.929957,-0.425874,0.16751909,0.1675191
-0.336364,0.197423,0.61434776,0.61434777
0.186697,-0.470474,0.8783007,0.87830069
0.383671,-0.458861,0.8934853,0.89348529
0.500317,-0.906038,0.32264436,0.32264432
0.911211,-0.616082,0.4167942,0.41679418
-0.774612,0.024032,0.22193576,0.22193576
-0.884840,-0.605875,0.1870626,0.18706259
-0.773828,0.337703,0.22174038,0.22174039
-0.306739,-0.685472,0.48866167,0.48866168
-0.379200,0.098021,0.57791213,0.57791212
0.240354,-0.779680,0.54689345,0.54689344
0.549491,-0.116054,1.0652545,1.0652545
-0.524801,0.628661,0.36751426,0.36751427
-0.282438,-0.115281,0.68890663,0.68890663
-0.084285,-0.763253,0.54019217,0.54019215
0.394425,-0.232958,1.0772793,1.0772793
0.688528,0.296574,0.86794705,0.86794705
-0.944458,-0.012994,0.16357387,0.16357387
-0.621516,-0.490243,0.31208205,0.31208203
0.406076,0.182546,1.101634,1.101634
-0.725366,-0.370249,0.24812908,0.24812906
0.733282,-0.391075,0.75892609,0.75892609
-0.651729,-0.752992,0.29624378,0.29624377
-0.261235,-0.355533,0.65253423,0.65253422
-0.735500,-0.209935,0.24338968,0.24338969
0.276977,0.853765,0.45440576,0.45440575
0.285406,-0.802403,0.51306967,0.51306966
-0.535061,-0.774754,0.3523768,0.35237682
-0.221218,0.048571,0.76685126,0.7668513
0.230755,-0.024773,1.1382697,1.1382697
-0.727879,0.748749,0.26103578,0.26103578
-0.525507,-0.795772,0.35606016,0.35606016
-0.592436,-0.579530,0.32765001,0.32765002
0.566800,-0.760917,0.47556741,0.47556741
-0.104544,-0.080498,0.89325139,0.89325138
0.396979,-0.162485,1.1125733,1.1125733
-0.270580,-0.680292,0.51071357,0.51071356
0.619776,0.331207,0.89984635,0.89984633
0.380853,-0.767834,0.53317257,0.53317257
0.127213,0.612937,0.72511117,0.72511116
-0.470416,-0.195377,0.46815744,0.46815744
0.050497,-0.698465,0.62597162,0.62597162
-0.546095,0.784032,0.34691691,0.34691691
0.945979,-0.574260,0.41937921,0.4193792
0.513615,0.586927,0.7094354,0.70943538
-0.041223,0.447394,0.79226042,0.79226046
-0.767671,-0.159074,0.2252644,0.22526441
0.442900,0.148821,1.1057778,1.1057778
0.854383,-0.594732,0.48012862,0.4801286
0.224856,-0.721640,0.61486667,0.61486666
-0.893759,0.522468,0.17987968,0.17987968
0.926606,-0.024023,0.68038045,0.68038044
0.208910,-0.228180,1.0688058,1.0688058
0.464901,0.911843,0.32814987,0.32814986
0.017257,-0.580070,0.72165438,0.72165437
0.533567,0.341254,0.94758456,0.94758453
-0.057813,-0.382219,0.82225193,0.82225193
0.309113,0.482120,0.87833752,0.8783375
0.160460,-0.535444,0.80960888,0.80960887
0.316028,0.256982,1.069631,1.069631
-0.446544,0.277237,0.48248695,0.48248698
0.385701,0.749690,0.55438694,0.55438692
-0.709410,-0.382347,0.2575371,0.25753706
0.141436,-0.713806,0.62307071,0.62307069
-0.035608,-0.797259,0.52472438,0.52472436
0.313884,-0.417306,0.94211042,0.9421104
-0.107175,-0.491903,0.71746448,0.71746445
0.601141,-0.885927,0.30949546,0.30949544
-0.385269,0.918086,0.39455591,0.39455593
-0.193130,-0.560997,0.61681361,0.61681362
0.001524,-0.479977,0.79509767,0.79509767
0.436962,0.146194,1.1087273,1.1087273
0.437856,-0.171306,1.0980612,1.0980611
0.785944,0.146246,0.83981114,0.83981112
-0.898617,0.241666,0.17301453,0.17301455
0.365760,0.250674,1.0710239,1.0710239
0.171375,-0.896612,0.42835426,0.42835423
-0.549556,0.845632,0.3449455,0.34494553
-0.148590,0.557043,0.64886071,0.64886073
0.863905,0.620825,0.44992198,0.44992195
0.929557,-0.386260,0.55910898,0.55910899
-0.365087,-0.518906,0.50396174,0.50396173
0.657339,-0.811692,0.37413616,0.37413614
-0.688164,-0.409894,0.2703715,0.27037147
-0.410253,0.846276,0.39871488,0.39871488
-0.187520,0.169125,0.78735921,0.7873592
0.903397,-0.497720,0.51410543,0.51410546
-0.450015,-0.368466,0.46414492,0.46414491
-0.223493,-0.062699,0.76318688,0.76318686
0.403156,0.610098,0.72055809,0.72055808
-0.940726,0.455992,0.16580868,0.16580861
0.734165,-0.942200,0.19791838,0.19791839
0.394759,-0.026215,1.1467997,1.1467997
-0.421870,-0.806776,0.4005277,0.40052771
0.263160,-0.577513,0.77688741,0.77688739
0.386728,-0.308995,1.0273339,1.0273339
-0.201981,-0.298122,0.73286332,0.73286332
-0.317925,-0.351157,0.59746185,0.59746182
-0.207776,0.787032,0.48884025,0.48884027
-0.130172,0.776863,0.51849584,0.51849585
0.199657,0.708414,0.63056453,0.63056451
0.819654,0.229273,0.76924597,0.76924595
-0.225264,-0.744858,0.50316292,0.50316287
0.885065,0.312712,0.65140664,0.65140662
0.277107,-0.421994,0.93710795,0.93710796
-0.819015,0.101078,0.20026881,0.20026881
0.935201,0.604408,0.40639408,0.40639406
0.663326,0.252896,0.91729038,0.91729038
-0.931591,0.477161,0.16833931,0.16833923
-0.619089,-0.639800,0.31025102,0.31025102
-0.397855,0.938612,0.38846673,0.38846677
-0.572221,-0.359901,0.35685221,0.35685219
-0.614124,0.865179,0.31971776,0.31971778
0.574802,-0.426121,0.84905224,0.84905224
-0.807885,-0.176926,0.20513829,0.20513825
-0.123667,0.270541,0.82120195,0.82120195
-0.360147,0.483360,0.51851766,0.51851766
0.895711,0.227709,0.67756186,0.67756184
-0.358470,-0.226098,0.58458152,0.58458152
-0.635374,-0.566323,0.30127042,0.3012704
-0.177690,0.095679,0.81189995,0.81189998
-0.364735,-0.865675,0.4102969,0.41029688
0.262993,-0.740558,0.5896256,0.58962563
-0.569870,0.469470,0.34993432,0.34993434
0.402000,-0.271583,1.0511365,1.0511365
0.322198,-0.495818,0.86332133,0.86332131
-0.536280,0.207365,0.40118353,0.40118352
0.355782,0.196050,1.1029824,1.1029824
0.674347,-0.242852,0.91325775,0.91325778
0.452777,-0.878199,0.37356829,0.3735683
-0.109268,0.306346,0.8191868,0.81918679
0.445077,-0.818857,0.44988573,0.44988572
-0.233686,0.066353,0.75102975,0.75102973
-0.523368,-0.002544,0.42237467,0.42237465
0.268450,-0.322393,1.0206383,1.0206383
0.680759,-0.072669,0.96983897,0.96983898
-0.857738,-0.291181,0.18568301,0.18568295
0.188297,0.294413,1.0219975,1.0219976
0.806468,-0.497026,0.60528005,0.60528004
-0.834434,-0.692577,0.21152455,0.21152452
0.424144,-0.745390,0.54861541,0.54861541
-0.310577,-0.826245,0.43833203,0.43833203
-0.241905,0.506490,0.60788223,0.60788226
-0.387021,-0.707245,0.43749768,0.43749768
0.596111,-0.461056,0.80216912,0.80216912
0.182745,-0.108844,1.1072087,1.1072087
0.147868,0.515877,0.8255107,0.82551069
0.918625,0.601694,0.4221076,0.4221076
0.147566,-0.864844,0.46491394,0.46491393
0.871837,-0.291812,0.67786025,0.67786025
-0.219901,0.718741,0.51837163,0.51837163
0.921956,0.042582,0.68572995,0.6857299
0.693103,0.241338,0.89688057,0.89688061
-0.350433,0.356177,0.56357151,0.56357153
0.573150,-0.285017,0.96587113,0.96587112
-0.052975,0.835848,0.49280576,0.49280579
-0.043122,0.568027,0.70324812,0.70324813
0.604941,0.946629,0.23668987,0.23668984
-0.013244,-0.497282,0.77353132,0.77353129
0.624429,0.279630,0.93276606,0.93276607
-0.648605,0.086167,0.30638394,0.30638392
-0.103953,0.893355,0.44870145,0.44870148
0.434435,0.009078,1.1375812,1.1375812
0.382997,0.370972,0.97727519,0.9772752
0.239490,-0.414489,0.94005983,0.9400598
0.269800,0.076230,1.1409299,1.1409298
0.307928,-0.023371,1.1524268,1.1524268
-0.378180,0.862242,0.40678,0.40678001
0.891186,0.867577,0.21544383,0.21544384
-0.436491,-0.321612,0.48538394,0.48538393
-0.421097,-0.925241,0.38453139,0.3845314
-0.229717,-0.208050,0.73145747,0.73145744
0.208891,0.740861,0.5939694,0.59396939
-0.386113,-0.303768,0.53974384,0.53974381
0.077296,-0.144761,1.0383736,1.0383736
0.153434,0.561395,0.78230162,0.78230165
-0.866645,-0.300034,0.18277651,0.18277651
0.525769,-0.376612,0.92188654,0.92188653
0.125196,0.249770,1.0219672,1.0219672
0.891984,0.159524,0.70530339,0.70530338
0.206876,0.072058,1.1247435,1.1247435
-0.476993,0.923545,0.36918641,0.36918643
0.520919,-0.179235,1.0582922,1.0582921
-0.084172,0.744172,0.55395012,0.55395013
0.746595,0.271077,0.82785866,0.82785865
0.728533,0.570597,0.60012382,0.60012379
0.755024,0.274128,0.81746721,0.81746718
0.036098,0.407785,0.8691196,0.86911961
-0.419899,-0.921835,0.38523526,0.38523526
-0.679074,0.906988,0.29842777,0.29842779
0.028410,-0.253625,0.95923745,0.95923745
0.098785,0.237392,1.0138921,1.0138921
0.395263,-0.231206,1.0781455,1.0781455
0.673166,0.625602,0.579383,0.579383
0.776681,0.457617,0.66533618,0.66533617
0.056286,-0.145565,1.0233494,1.0233494
-0.633112,-0.121721,0.31830509,0.31830508
-0.631150,-0.928442,0.31863313,0.31863309
0.823545,0.029216,0.81578982,0.81578981
0.232828,0.720114,0.61613277,0.61613279
-0.588307,0.856486,0.32956625,0.32956625
-0.701418,0.801495,0.27765121,0.2776512
0.284842,-0.499445,0.86084811,0.86084808
-0.793106,0.857515,0.24680243,0.24680245
-0.188104,-0.472527,0.66747973,0.66747971
-0.866869,-0.665451,0.19739741,0.19739741
0.023679,-0.739659,0.58321404,0.58321403
-0.173783,-0.768765,0.50990752,0.50990754
-0.712656,0.635436,0.26011421,0.26011422
0.544011,0.802085,0.43426998,0.43426999
-0.246142,0.778040,0.47954877,0.47954883
-0.472310,-0.353287,0.44573951,0.44573948
0.780605,-0.890840,0.23524409,0.23524407
0.661222,-0.490856,0.7288486,0.72884861
0.371001,0.422897,0.93145826,0.93145823
0.828278,-0.682295,0.41934827,0.41934827
0.234302,-0.893740,0.41851103,0.41851099
-0.065842,0.901228,0.44490264,0.44490266
-0.859214,0.758874,0.20905218,0.20905219
0.102518,-0.517940,0.80959227,0.80959226
0.909712,-0.614406,0.41932667,0.41932667
0.247921,-0.676803,0.66500236,0.66500237
-0.640169,-0.764212,0.30229172,0.3022917
0.657781,0.343175,0.86124049,0.86124046
0.290834,-0.359155,0.9933883,0.99338828
0.526338,0.562913,0.73137041,0.7313704
-0.375362,0.921125,0.39640644,0.39640645
-0.145701,0.694652,0.56497546,0.56497548
0.162209,-0.220559,1.0551183,1.0551183
-0.800839,0.687936,0.22426284,0.22426286
-0.042090,0.767435,0.54700234,0.54700234
0.469120,0.021653,1.1244822,1.1244822
0.181421,-0.191590,1.0770751,1.0770751
0.213648,-0.334704,1.000939,1.000939
-0.783269,-0.320153,0.21697004,0.21697001
0.913024,0.120591,0.68700946,0.68700943
0.137549,-0.882225,0.44854026,0.44854022
-0.698528,0.181108,0.26760796,0.26760797
-0.480348,-0.189735,0.45839957,0.45839954
-0.794855,0.022443,0.21152899,0.21152898
0.551028,0.777919,0.46130678,0.46130678
-0.914145,0.126538,0.1691466,0.16914658
-0.489875,-0.518843,0.40519219,0.40519216
-0.638897,-0.671081,0.29959483,0.29959482
0.251877,0.376924,0.97469639,0.9746964
-0.717392,0.671065,0.25981995,0.25981997
-0.287788,-0.446711,0.59397676,0.59397674
0.317863,-0.496672,0.86272446,0.86272447
0.359667,0.715151,0.60351442,0.60351441
-0.048607,0.308231,0.87115893,0.87115893
-0.392033,0.727289,0.4300805,0.43008053
0.947763,0.741284,0.29230895,0.2923089
-0.546495,0.100784,0.39723841,0.3972384
0.891530,0.934085,0.15819517,0.15819517
-0.070529,-0.177183,0.9059877,0.90598769
-0.464792,-0.484974,0.43047889,0.43047887
0.907102,-0.457814,0.53843687,0.53843686
0.188806,-0.311885,1.0102481,1.0102481
0.644608,0.720085,0.48780462,0.48780462
-0.879397,0.796830,0.20601538,0.20601539
-0.102051,-0.936179,0.42202958,0.42202944
0.663613,-0.246445,0.92074764,0.92074765
0.533126,-0.715407,0.54611613,0.54611613
-0.433229,0.042269,0.51909811,0.51909813
-0.102860,-0.676633,0.59523408,0.59523408
-0.293260,0.350332,0.62243414,0.62243415
0.069713,-0.727971,0.60141452,0.6014145
0.621271,0.924208,0.25692308,0.25692307
0.433453,-0.281945,1.0356873,1.0356873
-0.274630,0.484882,0.59046736,0.59046733
0.294637,-0.701402,0.63192182,0.63192183
-0.638312,-0.571608,0.29943769,0.29943766
0.054326,0.759461,0.56963784,0.56963782
-0.546666,0.441931,0.3701972,0.37019722
0.657311,0.258985,0.91888989,0.91888987
-0.552901,0.012278,0.39278362,0.39278363
-0.007666,-0.230636,0.94200386,0.94200384
-0.725430,-0.424911,0.24810373,0.24810373
0.812938,-0.901920,0.21243835,0.21243832
-0.276824,-0.908103,0.42028568,0.42028564
-0.266478,-0.397303,0.63213412,0.63213409
-0.115628,-0.155162,0.86734169,0.86734169
-0.774962,0.834440,0.25092652,0.25092654
0.163510,-0.402443,0.93222519,0.9322252
-0.475901,-0.790817,0.37892212,0.3789221
0.857256,0.619256,0.45641273,0.45641273
-0.040729,0.481708,0.76857859,0.76857859
-0.357072,0.374674,0.55210554,0.55210557
-0.435327,-0.264765,0.4958545,0.4958545
0.678313,0.614534,0.58828932,0.5882893
0.538791,-0.819371,0.41494288,0.41494289
-0.238262,0.639268,0.54777228,0.54777226
0.284899,0.388341,0.96805815,0.96805817
0.294781,-0.433832,0.92655806,0.92655806
-0.871144,0.693112,0.19828996,0.19828995
0.663670,0.598767,0.61479115,0.61479113
0.883055,-0.148094,0.72001117,0.72001118
-0.791425,0.023266,0.21322689,0.21322691
0.392379,0.735833,0.56978434,0.56978435
-0.290099,-0.074365,0.68413186,0.68413186
0.782855,0.777243,0.3515377,0.35153768
-0.160672,-0.819223,0.48496349,0.48496348
0.499346,0.618146,0.67863851,0.6786385
0.159557,-0.340828,0.97909911,0.97909908
-0.780891,-0.098986,0.21846169,0.21846169
-0.274029,0.756841,0.47730745,0.47730748
-0.579677,0.662451,0.33242302,0.33242302
0.692453,0.302092,0.86077748,0.86077747
0.710940,-0.499317,0.68339559,0.6833956
0.358821,0.700014,0.62224704,0.62224703
-0.750541,-0.526946,0.23672088,0.23672086
0.197069,-0.634673,0.71174489,0.71174489
0.116669,-0.604386,0.73135248,0.73135249
-0.099415,0.858216,0.47182263,0.47182264
-0.214171,0.810408,0.47531155,0.47531156
-0.252419,-0.584074,0.5645634,0.56456339
0.880325,0.148740,0.72336702,0.72336701
0.085093,-0.058460,1.0628854,1.0628854
0.269850,-0.602930,0.74841492,0.74841492
0.719531,0.435450,0.73441645,0.73441642
0.060004,-0.631899,0.69034696,0.69034699
-0.742644,0.640390,0.24593144,0.24593146
0.425030,0.006151,1.1404407,1.1404406
-0.124817,-0.160974,0.85638523,0.85638524
-0.513979,0.375413,0.40490034,0.40490035
0.603365,0.608973,0.63920145,0.63920145
-0.703921,0.271127,0.26244739,0.26244737
-0.511866,-0.550689,0.38459667,0.38459666
0.215254,0.790630,0.53737044,0.53737046
0.277244,0.467684,0.89304735,0.89304733
-0.034340,-0.651333,0.641857,0.64185699
0.018443,0.177383,0.98401205,0.984012
0.179028,0.198511,1.0729403,1.0729403
-0.825018,-0.444622,0.20058786,0.20058786
0.798653,0.239375,0.78861101,0.788611
-0.426630,0.537430,0.45057955,0.45057956
0.948187,0.152713,0.63234326,0.63234326
0.780508,-0.528932,0.59956308,0.59956311
-0.229930,0.180730,0.73771439,0.73771437
0.267780,0.702412,0.63383287,0.63383287
-0.301703,-0.130958,0.66443698,0.66443696
-0.661073,0.068626,0.29675591,0.29675592
0.810960,0.003277,0.8321971,0.83219711
-0.812773,0.253602,0.20301836,0.20301837
0.872285,-0.631344,0.43438836,0.43438836
0.884235,0.696768,0.36899505,0.36899504
-0.791843,0.618258,0.22250724,0.22250722
0.926154,-0.600472,0.41684077,0.41684075
-0.244497,-0.552614,0.58466673,0.58466671
-0.649593,-0.471704,0.29402551,0.29402547
0.862163,-0.912712,0.18570305,0.18570306
-0.285111,0.390692,0.61684209,0.61684211
0.396998,0.002976,1.1472605,1.1472605
0.013505,0.447667,0.82643141,0.82643141
-0.273382,-0.333994,0.64776859,0.6477686
0.755928,0.603772,0.54685277,0.54685277
0.306438,0.736209,0.58845994,0.58845993
-0.728624,0.236218,0.24730042,0.24730045
-0.662166,-0.835374,0.29760888,0.29760887
0.853069,-0.413017,0.62529809,0.62529807
0.574193,-0.355433,0.91200813,0.91200812
0.200933,0.752162,0.5817275,0.5817275
-0.557166,-0.524858,0.35475246,0.35475244
0.011359,-0.782634,0.54351923,0.54351923
-0.496497,0.134459,0.44600877,0.44600878
-0.379998,-0.191480,0.56643152,0.56643151
-0.516280,0.091022,0.42784563,0.42784562
0.723554,-0.094744,0.92232432,0.92232431
-0.446156,0.400988,0.46183826,0.46183827
0.091876,0.261132,0.99727596,0.99727596
0.614182,0.186312,0.99266532,0.99266534
0.550043,-0.608030,0.6679824,0.66798241
-0.579262,0.891974,0.33472928,0.33472929
-0.171021,0.506539,0.66252274,0.66252276
-0.470397,-0.868476,0.37455888,0.37455888
0.934931,0.896513,0.17595921,0.1759592
-0.728821,-0.238864,0.24715072,0.24715069
0.842312,-0.580542,0.50228528,0.50228528
-0.369871,0.161917,0.58190858,0.58190857
-0.879694,0.266906,0.17843456,0.17843456
-0.144497,0.023081,0.8552193,0.85521933
0.336938,0.531998,0.82293839,0.8229384
-0.558993,-0.928937,0.343557,0.34355699
0.791706,0.398219,0.69810973,0.69810972
0.272544,0.771927,0.55138571,0.55138569
0.082308,-0.631474,0.69670114,0.69670112
0.933093,-0.733431,0.30729068,0.30729068
0.756654,0.297701,0.80184063,0.80184061
-0.688947,-0.622205,0.27165657,0.27165657
-0.581721,0.193436,0.35996019,0.35996021
0.755645,-0.562977,0.58735481,0.58735484
0.087316,0.494693,0.82465681,0.82465682
0.421514,0.664059,0.65025088,0.6502509
-0.059674,-0.454103,0.77518109,0.77518109
0.429280,-0.876734,0.38335131,0.38335129
0.694297,0.704196,0.47918281,0.47918281
0.170010,-0.605579,0.73999716,0.73999713
-0.250385,0.059886,0.73200305,0.73200309
0.454708,0.730246,0.55762111,0.55762109
-0.666397,0.534897,0.28279402,0.28279401
0.878342,-0.134356,0.7296212,0.72962119
0.838376,0.191693,0.76228409,0.76228407
0.811524,-0.572783,0.53416637,0.53416638
-0.315349,-0.623606,0.50606176,0.50606174
-0.715140,-0.342669,0.25439897,0.25439896
-0.662329,0.499878,0.28546263,0.28546262
-0.818272,-0.384194,0.20191866,0.20191864
-0.360045,-0.579515,0.48977996,0.48977996
0.438798,-0.415965,0.92194925,0.92194924
0.555460,0.378210,0.90410175,0.90410175
-0.176121,-0.095991,0.81361234,0.81361237
-0.397076,0.031121,0.56064062,0.56064062
-0.920467,-0.440764,0.17003001,0.17002998
0.138662,0.749374,0.58563073,0.58563075
0.507081,0.835098,0.40756722,0.40756722
-0.140604,-0.688564,0.57103976,0.57103977
0.806481,0.536744,0.57076754,0.57076753
0.467996,-0.453699,0.87449854,0.87449856
-0.915269,-0.205411,0.16890619,0.1689062
-0.491893,0.924078,0.36472703,0.36472705
-0.699041,-0.771956,0.27592992,0.27592991
0.742838,0.224629,0.85624936,0.85624934
0.356401,-0.812937,0.48401168,0.48401168
-0.428242,-0.468947,0.46405805,0.46405805
-0.141249,-0.172279,0.83631283,0.83631281
-0.338612,0.464455,0.54290529,0.54290534
-0.601734,0.719771,0.31981756,0.31981755
-0.537196,-0.190345,0.4015238,0.40152383
-0.753680,-0.791881,0.25442691,0.25442689
-0.418206,0.898158,0.38860766,0.3886077
-0.484537,-0.166944,0.45606433,0.45606433
0.741891,0.499756,0.65822608,0.65822606
0.408686,-0.353511,0.98689451,0.98689452
-0.093077,-0.430216,0.7661695,0.76616954
0.181057,0.449024,0.89677794,0.89677791
-0.299030,0.288349,0.63489066,0.63489066
0.857578,-0.515888,0.54343332,0.54343334
0.501324,0.152991,1.0797552,1.0797552
0.183260,-0.638618,0.70642802,0.70642799
0.191450,-0.024483,1.124472,1.124472
0.259732,0.662384,0.6809775,0.68097752
0.545721,0.901493,0.31162553,0.31162554
-0.528101,-0.337844,0.39672436,0.39672432
0.362573,0.125482,1.131676,1.131676
0.638750,-0.427689,0.80503993,0.80503993
-0.504907,0.744119,0.36898839,0.36898841
0.816727,-0.745774,0.36489844,0.36489845
-0.368788,0.782335,0.42814329,0.42814329
-0.124961,0.176317,0.85217221,0.85217221
-0.599305,0.247097,0.34178277,0.3417828
0.365358,-0.719440,0.59692973,0.59692975
0.740882,0.394468,0.74932765,0.74932764
-0.472858,0.787796,0.38060623,0.38060623
0.444862,0.421159,0.91498695,0.91498696
0.838627,0.443390,0.61793853,0.61793853
0.117490,-0.448158,0.87693553,0.87693552
-0.721962,0.825392,0.27150732,0.27150735
0.529772,-0.561259,0.73164715,0.73164716
0.580262,-0.016433,1.0612523,1.0612524
0.742064,0.575334,0.58542535,0.58542533
-0.354940,-0.905301,0.40439876,0.40439877
0.068491,-0.200399,1.0119394,1.0119394
0.139060,0.344903,0.96783202,0.96783201
-0.325663,0.756505,0.45462447,0.4546245
-0.213893,0.829595,0.46618167,0.46618169
-0.251453,0.032907,0.73225957,0.7322596
-0.731353,0.390723,0.24466912,0.24466913
-0.041869,0.724744,0.58074763,0.58074765
-0.033268,0.106278,0.959129,0.95912902
-0.909948,0.910323,0.20883828,0.20883823
-0.462390,-0.168707,0.47918666,0.47918663
0.264105,-0.345194,1.0024026,1.0024026
-0.744040,-0.098786,0.23913033,0.23913033
0.569336,-0.470480,0.80885608,0.80885606
-0.114340,0.857129,0.47067391,0.47067397
-0.900778,0.662537,0.18599741,0.18599744
0.318780,0.095661,1.1417709,1.1417709
-0.410224,-0.453169,0.48312664,0.48312665
0.054003,0.796650,0.53500249,0.53500249
-0.204054,0.363267,0.70498112,0.70498113
-0.222524,-0.817772,0.46936465,0.46936464
0.182619,-0.646364,0.69803287,0.69803285
-0.266089,-0.130056,0.70587984,0.70587982
-0.464327,0.381442,0.44865009,0.44865007
-0.697113,-0.662921,0.26924242,0.26924241
0.847116,-0.782125,0.31315798,0.31315798
-0.203261,0.085015,0.78430991,0.78430991
-0.123371,-0.450869,0.73058491,0.73058489
-0.284270,0.070681,0.69129772,0.69129774
-0.282804,0.821423,0.4492058,0.44920585
-0.798255,0.205832,0.20958191,0.20958193
0.532631,0.105821,1.0784936,1.0784936
0.143031,0.054235,1.0987912,1.0987912
-0.865256,0.162115,0.18263046,0.18263047
0.328498,-0.383304,0.97264676,0.97264676
-0.325017,-0.495429,0.5443315,0.54433148
-0.215191,-0.229184,0.74159967,0.74159966
-0.667220,-0.451999,0.28303988,0.28303986
0.595663,0.372008,0.88417424,0.88417424
-0.761442,0.386207,0.22838361,0.22838361
-0.465121,-0.485170,0.43017601,0.43017602
0.660279,0.077171,0.98832152,0.98832154
-0.017352,-0.219097,0.93883051,0.93883053
-0.770281,-0.317783,0.22346963,0.22346963
0.541471,-0.768724,0.4766474,0.47664739
-0.269328,-0.181306,0.69322126,0.69322125
-0.224943,0.431287,0.65615192,0.65615193
-0.643115,0.493563,0.29772559,0.29772563
0.114593,-0.701470,0.63338719,0.63338715
-0.828866,-0.434746,0.19878896,0.19878895
0.486463,0.430784,0.8899823,0.88998229
-0.471521,0.835015,0.37678226,0.37678228
0.102410,-0.837458,0.49636135,0.49636136
0.758534,0.641757,0.50650579,0.50650576
-0.879075,0.927828,0.22331688,0.22331687
0.878903,-0.637419,0.42416139,0.42416138
0.729207,-0.848336,0.3009362,0.30093619
-0.642623,-0.911995,0.31276909,0.31276906
-0.770749,-0.754683,0.2432159,0.2432159
-0.679583,-0.680219,0.27886147,0.27886146
0.089144,0.820058,0.51370766,0.51370764
0.128401,0.890385,0.44165976,0.44165979
0.266380,-0.746335,0.58241923,0.58241923
-0.154665,0.527070,0.66263209,0.66263205
-0.459928,0.936404,0.3733289,0.37332891
-0.589908,0.246337,0.34983414,0.34983413
-0.126189,0.908299,0.43826946,0.43826947
-0.007807,0.164916,0.96657786,0.96657782
0.276658,0.742765,0.585252,0.585252
0.479503,0.540881,0.77640405,0.77640404
-0.406393,0.552126,0.46272125,0.46272124
-0.146524,0.870452,0.45829366,0.45829364
-0.677886,0.009323,0.28425833,0.28425835
-0.308848,-0.388757,0.59472066,0.59472064
-0.537261,0.835169,0.35001235,0.35001238
0.251308,0.342247,1.0029242,1.0029242
-0.186440,-0.277257,0.75626643,0.75626645
-0.373954,0.339058,0.54431832,0.54431832
0.572368,0.826569,0.39264402,0.39264405
-0.329139,0.549212,0.52258622,0.52258624
0.669925,0.654022,0.54971031,0.5497103
-0.250157,0.686188,0.5190973,0.51909734
-0.736934,-0.247714,0.24217381,0.24217379
0.480995,0.693820,0.59360745,0.59360744
-0.032883,-0.230947,0.92074406,0.92074407
0.429041,-0.647455,0.66826761,0.6682676
-0.767495,0.120102,0.22554074,0.22554076
0.891301,0.207981,0.69057022,0.69057022
0.116086,0.599885,0.73565707,0.73565703
-0.695269,-0.720465,0.27360469,0.2736047
-0.325037,-0.039394,0.64485882,0.6448588
-0.338158,-0.613966,0.49424006,0.49424007
0.412242,0.406903,0.93815919,0.93815919
-0.524128,0.782336,0.35724288,0.35724287
-0.798378,-0.702155,0.22656572,0.2265657
0.616739,0.886424,0.30291112,0.3029111
-0.094274,-0.118002,0.89755448,0.89755449
-0.169046,-0.438074,0.70094251,0.70094249
0.245426,-0.370410,0.97919851,0.97919851
-0.541673,0.881636,0.34829102,0.348291
0.279309,0.197444,1.1005391,1.1005391
0.642412,0.252902,0.93501984,0.93501981
-0.542059,-0.266051,0.39103392,0.39103389
0.334494,0.290366,1.0469155,1.0469155
-0.376935,0.315704,0.54662397,0.54662394
-0.890074,-0.424182,0.17765557,0.17765557
-0.773073,-0.928543,0.26514277,0.26514275
0.411288,0.754196,0.54151705,0.54151706
-0.924742,-0.154409,0.16689748,0.16689752
0.920118,-0.293063,0.61902559,0.61902559
-0.500128,-0.547805,0.39346445,0.39346448
0.541102,-0.100331,1.0748599,1.0748599
0.426634,0.462955,0.87883556,0.87883559
0.818335,-0.621989,0.48337704,0.48337706
-0.298975,0.892591,0.4207901,0.42079011
0.741057,0.264516,0.83720804,0.83720804
0.291583,-0.928614,0.36433058,0.36433045
-0.802148,0.315507,0.20805817,0.20805815
-0.225006,-0.946787,0.41272055,0.41272037
-0.162050,-0.264802,0.78554717,0.78554719
0.173995,-0.197924,1.0711369,1.0711369
0.031069,-0.882592,0.45795142,0.45795139
-0.698868,-0.943412,0.29573131,0.29573125
-0.684326,0.609178,0.27369072,0.27369075
-0.946464,-0.497628,0.16560668,0.16560669
0.900989,-0.590341,0.44564336,0.44564335
0.500781,-0.602107,0.69709043,0.69709042
0.723535,-0.803195,0.35321491,0.3532149
0.768530,-0.086099,0.87465934,0.87465931
0.687512,-0.832050,0.33721361,0.33721359
-0.400833,0.037044,0.55615494,0.55615497
0.718259,-0.903194,0.24530018,0.24530018
0.433204,0.060846,1.1331565,1.1331565
-0.208656,-0.248194,0.74291185,0.74291187
-0.848928,-0.877187,0.22776849,0.22776849
0.523873,-0.910434,0.30879298,0.30879294
0.608329,0.466115,0.78938876,0.78938873
-0.753989,-0.229326,0.23244954,0.23244954
-0.295525,0.021196,0.68043667,0.68043672
-0.845465,-0.921744,0.23564893,0.23564893
0.554732,0.022431,1.0785592,1.0785592
0.551303,-0.144965,1.054467,1.054467
-0.026033,0.480462,0.77855784,0.77855784
0.314969,-0.120457,1.1346936,1.1346935
-0.724203,0.776916,0.26535053,0.26535053
-0.345624,-0.532798,0.51522768,0.51522769
0.034858,-0.898217,0.44434447,0.44434445
-0.344311,-0.874803,0.41421905,0.41421905
-0.645885,0.545469,0.29510266,0.29510267
-0.380893,-0.253188,0.55520025,0.55520022
0.685359,0.266871,0.88944048,0.88944044
-0.298219,0.050117,0.67614485,0.67614484
-0.664179,-0.293264,0.28914911,0.28914907
-0.858800,-0.867967,0.22268744,0.22268743
-0.536118,-0.457550,0.37692406,0.37692406
0.392067,0.607162,0.72681916,0.72681915
0.517011,0.462010,0.84503508,0.84503507
0.257107,0.338764,1.0065326,1.0065326
-0.590269,0.227764,0.35057851,0.35057851
-0.090146,0.819006,0.49963377,0.49963381
-0.853124,-0.490088,0.19163103,0.19163104
0.282977,0.138551,1.1259213,1.1259213
-0.023456,0.191976,0.94398656,0.94398652
-0.747274,-0.320406,0.23578524,0.23578522
0.575223,0.327524,0.9335859,0.93358589
0.890609,-0.716320,0.34786407,0.34786408
-0.643611,0.491745,0.2974465,0.29744653
0.859240,0.706672,0.37638679,0.37638678
-0.202996,0.263446,0.74396118,0.74396118
0.186841,0.943538,0.37641128,0.37641128
-0.372070,0.074009,0.58784549,0.58784552
-0.517630,0.710369,0.36486336,0.36486339
-0.870428,-0.328010,0.18185711,0.18185711
-0.902996,-0.552207,0.17855622,0.1785562
-0.216850,0.853169,0.45440417,0.45440417
0.861575,0.906320,0.19166618,0.19166617
-0.458286,-0.196548,0.48074276,0.48074278
-0.560880,-0.416898,0.36125092,0.36125093
0.183227,-0.606178,0.74106143,0.74106144
0.720957,0.789708,0.36940609,0.36940606
-0.111863,-0.406665,0.76517222,0.76517218
-0.150758,0.113821,0.83882801,0.83882803
0.014176,0.414536,0.85105083,0.85105084
0.408396,-0.140688,1.1186934,1.1186933
0.714208,0.779565,0.3840314,0.38403139
-0.577966,-0.817644,0.33259685,0.33259683
-0.793549,0.226301,0.21181261,0.2118126
-0.547292,0.379923,0.37579759,0.3757976
-0.202695,-0.518855,0.63221587,0.63221583
-0.222176,0.693233,0.53006563,0.53006564
0.366441,-0.891779,0.3851821,0.38518208
0.896992,-0.254290,0.66503133,0.66503133
0.941068,0.462667,0.5000777,0.50007771
0.917683,0.320934,0.60839774,0.60839772
0.756217,-0.456223,0.68478705,0.68478705
0.913820,-0.785260,0.27562413,0.27562413
-0.717159,-0.631815,0.2576997,0.25769972
0.033216,0.681280,0.63778514,0.63778516
-0.567087,-0.730514,0.33763689,0.33763686
-0.276074,0.133899,0.69375317,0.6937532
-0.620855,0.763509,0.31137278,0.31137281
0.897524,0.566581,0.46741745,0.46741745
-0.603769,0.342721,0.33260108,0.33260108
0.613636,0.344131,0.89436605,0.89436602
0.805434,0.117340,0.82478352,0.82478353
-0.414676,-0.584499,0.44899407,0.44899409
0.340783,0.109735,1.1379777,1.1379777
0.450286,-0.540377,0.78759494,0.78759492
0.298163,0.426742,0.93334528,0.93334529
0.829053,0.583830,0.51009424,0.51009426
0.635468,-0.044052,1.015315,1.015315
0.720362,0.072376,0.92993945,0.92993944
0.060665,-0.221421,0.99739188,0.99739186
0.074106,-0.878066,0.45938999,0.45938997
-0.090881,0.510804,0.71620917,0.71620917
-0.190375,-0.096766,0.79748437,0.79748437
-0.901693,-0.390004,0.17370355,0.17370353
0.116094,-0.781935,0.55159966,0.55159962
-0.608283,-0.761389,0.31730046,0.31730043
0.587204,-0.572055,0.6899828,0.6899828
-0.416590,-0.841954,0.39708322,0.39708322
-0.490793,0.732375,0.37733938,0.37733941
-0.873528,0.137069,0.17996339,0.17996339
-0.678196,0.612185,0.27706826,0.27706828
-0.851197,-0.253208,0.18772199,0.18772198
-0.441857,0.305158,0.48282846,0.48282847
-0.124773,0.697040,0.57226806,0.57226807
-0.415125,-0.919138,0.38681416,0.38681416
-0.430810,0.176601,0.51235033,0.51235031
0.406440,0.363193,0.97914285,0.97914286
0.128037,0.201746,1.0474517,1.0474517
0.243103,0.580966,0.77277141,0.77277137
0.154696,0.281224,1.0175655,1.0175655
-0.518246,0.587241,0.37595152,0.37595153
0.475512,0.442747,0.88262545,0.88262545
0.555844,-0.822012,0.40490923,0.40490924
-0.123213,0.250390,0.82956027,0.82956025
-0.345907,0.034570,0.62035463,0.62035465
-0.021185,-0.576291,0.70766355,0.70766356
0.339870,-0.745618,0.57055523,0.57055523
-0.634886,-0.574173,0.30147527,0.30147529
-0.148401,-0.532874,0.66354223,0.66354224
0.496256,0.033790,1.1113041,1.1113041
-0.238376,-0.797271,0.47376353,0.47376353
0.938852,-0.654476,0.36545244,0.36545245
-0.293514,0.100072,0.67771708,0.67771711
0.401515,0.022286,1.1456785,1.1456786
-0.115122,0.194282,0.85694586,0.85694584
0.296724,-0.101720,1.1388091,1.1388091
-0.802986,0.377687,0.20836507,0.20836508
-0.667794,-0.252545,0.28773362,0.28773362
-0.525390,-0.747559,0.35834797,0.35834797
0.107074,0.757446,0.57606296,0.57606298
-0.069173,0.036284,0.93381992,0.93381991
-0.147496,-0.682969,0.5714858,0.57148578
-0.371448,0.917409,0.39800562,0.39800565
-0.288583,0.093290,0.68420375,0.68420374
0.241605,-0.493357,0.86492335,0.86492333
0.343050,0.367676,0.98538666,0.98538664
0.783948,-0.277645,0.78497854,0.78497854
0.927483,-0.341404,0.58616636,0.58616635
0.367227,-0.118740,1.1333315,1.1333315
0.113045,-0.011353,1.0847577,1.0847577
-0.521138,0.812915,0.35737286,0.35737284
0.287026,0.367438,0.98622801,0.98622801
0.820886,0.563115,0.53526742,0.5352674
0.517802,-0.141957,1.0753516,1.0753516
0.485279,-0.878864,0.36132758,0.36132756
-0.076767,0.601666,0.66090081,0.66090081
0.446775,-0.680449,0.62217795,0.62217795
-0.512310,0.258185,0.41974272,0.41974275
-0.616064,-0.613772,0.3122342,0.31223416
-0.896890,-0.333517,0.17414541,0.17414542
-0.897844,-0.042360,0.17307297,0.17307299
0.706721,0.329870,0.82883189,0.82883186
-0.212970,0.727701,0.51692268,0.51692271
0.111228,-0.323748,0.96963992,0.9696399
-0.649662,0.698835,0.29476954,0.29476953
-0.340860,-0.801527,0.43466568,0.4346657
0.508756,-0.865585,0.36918538,0.36918538
-0.906660,-0.486377,0.17485243,0.17485244
0.037254,-0.409216,0.86875152,0.86875156
0.805894,0.076127,0.83241699,0.83241699
-0.257914,0.146057,0.71276457,0.71276456
0.339734,-0.347640,1.002566,1.002566
0.360789,-0.868669,0.4147898,0.41478977
0.065017,0.569581,0.74928463,0.74928466
0.100952,0.106518,1.0644898,1.0644898
