chain,iter,alpha,beta,gamma,delta
0,0,1.0054166,0.081089426,0.59253765,0.04000325
0,1,1.0054166,0.081089426,0.59253765,0.04000325
0,2,1.0023032,0.081007504,0.59228743,0.040006281
0,3,1.0049199,0.080889259,0.59289887,0.040153565
0,4,1.0049199,0.080889259,0.59289887,0.040153565
0,5,0.99859095,0.080019461,0.59432383,0.040389218
0,6,0.99402343,0.080026802,0.594869,0.040454872
0,7,0.99402343,0.080026802,0.594869,0.040454872
0,8,0.99402343,0.080026802,0.594869,0.040454872
0,9,1.0037321,0.079862832,0.59457253,0.040269625
0,10,0.99646438,0.079512947,0.59848174,0.04070077
0,11,0.99646438,0.079512947,0.59848174,0.04070077
0,12,0.99646438,0.079512947,0.59848174,0.04070077
0,13,0.99148055,0.079571263,0.59950746,0.040284209
0,14,0.98954459,0.078734172,0.60197689,0.040082071
0,15,0.98954459,0.078734172,0.60197689,0.040082071
0,16,0.98954459,0.078734172,0.60197689,0.040082071
0,17,0.99841892,0.078512592,0.59879948,0.040534676
0,18,0.99722714,0.079216089,0.60105771,0.040309161
0,19,0.99675785,0.07914401,0.59785642,0.040186794
0,20,0.99675785,0.07914401,0.59785642,0.040186794
0,21,1.0003676,0.079252773,0.5956031,0.040008586
0,22,1.0012078,0.079811262,0.59404625,0.040455448
0,23,1.000516,0.079826498,0.59488555,0.040302037
0,24,0.99804875,0.078854287,0.59423836,0.040026771
0,25,1.0054104,0.08036061,0.5920223,0.0397867
0,26,1.0054104,0.08036061,0.5920223,0.0397867
0,27,1.0054104,0.08036061,0.5920223,0.0397867
0,28,1.0055139,0.081509337,0.59396983,0.039875413
0,29,1.003828,0.081807026,0.59021155,0.039503909
0,30,1.0097586,0.081489815,0.58498396,0.03936041
0,31,1.0079476,0.080680267,0.59411349,0.039705659
0,32,1.0079476,0.080680267,0.59411349,0.039705659
0,33,1.0130779,0.081123898,0.58725079,0.039670582
0,34,1.0130779,0.081123898,0.58725079,0.039670582
0,35,1.0114927,0.081190383,0.58897915,0.039719025
0,36,1.0114927,0.081190383,0.58897915,0.039719025
0,37,1.0114927,0.081190383,0.58897915,0.039719025
0,38,1.0096898,0.081184926,0.59033977,0.039712041
0,39,1.0096898,0.081184926,0.59033977,0.039712041
0,40,1.0076626,0.081269088,0.59136122,0.039669532
0,41,1.0076626,0.081269088,0.59136122,0.039669532
0,42,1.0104516,0.080473508,0.58866573,0.03970503
0,43,1.0066517,0.08053502,0.59253597,0.040144207
0,44,0.99744366,0.080360438,0.59613956,0.040206768
0,45,0.99892156,0.080097368,0.59681157,0.040298608
0,46,0.9994158,0.07954716,0.59711229,0.04027018
0,47,1.0022664,0.079727694,0.59433398,0.040081639
0,48,1.0022664,0.079727694,0.59433398,0.040081639
0,49,1.0028817,0.079565247,0.59137775,0.040022775
0,50,0.99608669,0.080206151,0.59620624,0.040166085
0,51,0.99608669,0.080206151,0.59620624,0.040166085
0,52,0.99608669,0.080206151,0.59620624,0.040166085
0,53,0.99608669,0.080206151,0.59620624,0.040166085
0,54,0.99608669,0.080206151,0.59620624,0.040166085
0,55,0.99608669,0.080206151,0.59620624,0.040166085
0,56,0.99608669,0.080206151,0.59620624,0.040166085
0,57,0.99711397,0.079943654,0.59338045,0.040311694
0,58,0.99950615,0.080622742,0.59627968,0.040080606
0,59,0.99498353,0.080148696,0.60056236,0.040092906
0,60,0.99498353,0.080148696,0.60056236,0.040092906
0,61,0.99498353,0.080148696,0.60056236,0.040092906
0,62,0.98881391,0.079972023,0.59918631,0.040360471
0,63,0.99849698,0.0794233,0.59750217,0.040760701
0,64,0.99631275,0.080461567,0.59556271,0.040299125
0,65,0.99726879,0.080137769,0.59805383,0.040200772
0,66,0.99630539,0.079795432,0.59649811,0.040061979
0,67,0.99630539,0.079795432,0.59649811,0.040061979
0,68,0.99630539,0.079795432,0.59649811,0.040061979
0,69,0.99630539,0.079795432,0.59649811,0.040061979
0,70,0.99630539,0.079795432,0.59649811,0.040061979
0,71,0.99630539,0.079795432,0.59649811,0.040061979
0,72,0.99630539,0.079795432,0.59649811,0.040061979
0,73,0.99630539,0.079795432,0.59649811,0.040061979
0,74,0.99630539,0.079795432,0.59649811,0.040061979
0,75,1.004303,0.079559661,0.59185476,0.040316421
0,76,1.0007455,0.078991458,0.59401425,0.040547337
0,77,0.99215536,0.078844601,0.59531843,0.040680698
0,78,0.99628235,0.079155323,0.59621964,0.040500344
0,79,0.99683584,0.079252225,0.59709249,0.040482406
0,80,0.99515658,0.079138278,0.59849676,0.04037295
0,81,0.99515658,0.079138278,0.59849676,0.04037295
0,82,0.99515658,0.079138278,0.59849676,0.04037295
0,83,0.99515658,0.079138278,0.59849676,0.04037295
0,84,0.98708944,0.079839099,0.59963676,0.040264366
0,85,0.98708944,0.079839099,0.59963676,0.040264366
0,86,0.99595326,0.080397387,0.59799717,0.039896433
0,87,0.99595326,0.080397387,0.59799717,0.039896433
0,88,0.99715527,0.079831601,0.59743331,0.040030565
0,89,0.99715527,0.079831601,0.59743331,0.040030565
0,90,0.99601728,0.080122724,0.59816181,0.040542454
0,91,0.9944972,0.080298468,0.60075655,0.040472743
0,92,0.99601218,0.08070442,0.59647106,0.04022493
0,93,0.99874688,0.080240329,0.59209018,0.040038248
0,94,0.99874688,0.080240329,0.59209018,0.040038248
0,95,1.0013631,0.079677709,0.5911733,0.040359658
0,96,1.0048303,0.079579331,0.59154227,0.040391011
0,97,1.0048303,0.079579331,0.59154227,0.040391011
0,98,1.0046642,0.080371875,0.58968276,0.04029226
0,99,1.0046642,0.080371875,0.58968276,0.04029226
0,100,1.0046642,0.080371875,0.58968276,0.04029226
0,101,1.0046642,0.080371875,0.58968276,0.04029226
0,102,0.99879973,0.081083946,0.59392741,0.040345468
0,103,0.99884564,0.080525188,0.5915731,0.040033079
0,104,0.99903303,0.080201968,0.59414858,0.039762306
0,105,0.99903303,0.080201968,0.59414858,0.039762306
0,106,1.0051455,0.080438176,0.59596324,0.039778762
0,107,1.0004194,0.080347699,0.59854986,0.039724293
0,108,0.99870869,0.080807967,0.59188256,0.039900768
0,109,1.0084481,0.080768819,0.58665686,0.040180598
0,110,1.0040645,0.080969574,0.590797,0.039879718
0,111,1.0035848,0.080534866,0.59322108,0.040194339
0,112,1.0035848,0.080534866,0.59322108,0.040194339
0,113,1.0035848,0.080534866,0.59322108,0.040194339
0,114,1.0035848,0.080534866,0.59322108,0.040194339
0,115,1.0035848,0.080534866,0.59322108,0.040194339
0,116,1.0035848,0.080534866,0.59322108,0.040194339
0,117,1.0010693,0.080243135,0.59142656,0.040322213
0,118,1.0045994,0.08000496,0.59051657,0.040375523
0,119,1.0054703,0.080474859,0.59256212,0.040323157
0,120,1.0040647,0.080374713,0.59387335,0.040009029
0,121,1.0040647,0.080374713,0.59387335,0.040009029
0,122,1.0040647,0.080374713,0.59387335,0.040009029
0,123,1.0040647,0.080374713,0.59387335,0.040009029
0,124,1.0040647,0.080374713,0.59387335,0.040009029
0,125,1.0040647,0.080374713,0.59387335,0.040009029
0,126,1.0040647,0.080374713,0.59387335,0.040009029
0,127,1.0052846,0.080934666,0.59310878,0.039934135
0,128,1.0052846,0.080934666,0.59310878,0.039934135
0,129,1.0110746,0.080344284,0.58866384,0.040101603
0,130,1.0110746,0.080344284,0.58866384,0.040101603
0,131,1.0039773,0.080935725,0.59243714,0.03978525
0,132,1.0053609,0.080891045,0.58947063,0.039873779
0,133,1.0053609,0.080891045,0.58947063,0.039873779
0,134,1.0053609,0.080891045,0.58947063,0.039873779
0,135,1.0037087,0.080414251,0.5951877,0.039954561
0,136,1.0018708,0.080661452,0.59201551,0.039693079
0,137,1.0030535,0.080535405,0.59371964,0.039718224
0,138,1.0030535,0.080535405,0.59371964,0.039718224
0,139,1.0055861,0.080771774,0.59073516,0.040242363
0,140,1.0055861,0.080771774,0.59073516,0.040242363
0,141,1.0055861,0.080771774,0.59073516,0.040242363
0,142,1.0055861,0.080771774,0.59073516,0.040242363
0,143,1.0055861,0.080771774,0.59073516,0.040242363
0,144,1.0054164,0.080744292,0.59096427,0.040174115
0,145,1.0056449,0.080322505,0.59131453,0.040100787
0,146,1.0048333,0.080525897,0.59197613,0.040223702
0,147,1.0048333,0.080525897,0.59197613,0.040223702
0,148,1.0072072,0.080789548,0.59020591,0.04008263
0,149,1.0125872,0.080419992,0.5871059,0.039680842
0,150,1.0125872,0.080419992,0.5871059,0.039680842
0,151,1.0093142,0.079743806,0.59095272,0.040108503
0,152,1.0093142,0.079743806,0.59095272,0.040108503
0,153,1.0093142,0.079743806,0.59095272,0.040108503
0,154,1.0093142,0.079743806,0.59095272,0.040108503
0,155,1.0093142,0.079743806,0.59095272,0.040108503
0,156,1.0093142,0.079743806,0.59095272,0.040108503
0,157,1.0059454,0.079177162,0.59303131,0.040215537
0,158,1.0059454,0.079177162,0.59303131,0.040215537
0,159,1.0035685,0.080040261,0.59197766,0.039949185
0,160,1.0035685,0.080040261,0.59197766,0.039949185
0,161,1.0016481,0.080381145,0.59217082,0.040263252
0,162,1.0016481,0.080381145,0.59217082,0.040263252
0,163,1.0016481,0.080381145,0.59217082,0.040263252
0,164,1.0016481,0.080381145,0.59217082,0.040263252
0,165,1.0025065,0.079883345,0.59352444,0.040176451
0,166,1.0025065,0.079883345,0.59352444,0.040176451
0,167,1.0025065,0.079883345,0.59352444,0.040176451
0,168,1.0025065,0.079883345,0.59352444,0.040176451
0,169,1.0025065,0.079883345,0.59352444,0.040176451
0,170,1.0025065,0.079883345,0.59352444,0.040176451
0,171,1.0045659,0.079817826,0.59441438,0.040172269
0,172,1.001579,0.08037247,0.59464503,0.040265438
0,173,1.001579,0.08037247,0.59464503,0.040265438
0,174,1.001579,0.08037247,0.59464503,0.040265438
0,175,1.001579,0.08037247,0.59464503,0.040265438
0,176,1.001579,0.08037247,0.59464503,0.040265438
0,177,0.99962276,0.080390607,0.59270907,0.040238933
0,178,1.0026644,0.079775842,0.59241575,0.040066579
0,179,1.0026644,0.079775842,0.59241575,0.040066579
0,180,1.0014995,0.080048206,0.59435189,0.039940174
0,181,1.0014995,0.080048206,0.59435189,0.039940174
0,182,1.0020338,0.080143035,0.59457035,0.04002082
0,183,1.0078618,0.080258301,0.59107172,0.040081024
0,184,1.0078618,0.080258301,0.59107172,0.040081024
0,185,1.0078618,0.080258301,0.59107172,0.040081024
0,186,1.0078618,0.080258301,0.59107172,0.040081024
0,187,1.0078618,0.080258301,0.59107172,0.040081024
0,188,1.0078618,0.080258301,0.59107172,0.040081024
0,189,1.0051223,0.08086602,0.58975831,0.040062981
0,190,1.0094096,0.080696839,0.59121387,0.03978604
0,191,1.0094096,0.080696839,0.59121387,0.03978604
0,192,1.0094096,0.080696839,0.59121387,0.03978604
0,193,1.0090385,0.080692104,0.59024304,0.03970979
0,194,1.0090385,0.080692104,0.59024304,0.03970979
0,195,1.0090385,0.080692104,0.59024304,0.03970979
0,196,1.0090385,0.080692104,0.59024304,0.03970979
0,197,1.0090385,0.080692104,0.59024304,0.03970979
0,198,1.0073605,0.080634575,0.59012301,0.040035047
0,199,1.0073605,0.080634575,0.59012301,0.040035047
0,200,1.0073605,0.080634575,0.59012301,0.040035047
0,201,1.0098569,0.081049975,0.58728409,0.039973527
0,202,1.0098569,0.081049975,0.58728409,0.039973527
0,203,1.0098569,0.081049975,0.58728409,0.039973527
0,204,1.0137958,0.080782376,0.58649444,0.039861382
0,205,1.0050068,0.081196098,0.58948384,0.040152669
0,206,1.0050068,0.081196098,0.58948384,0.040152669
0,207,1.0050068,0.081196098,0.58948384,0.040152669
0,208,1.0050068,0.081196098,0.58948384,0.040152669
0,209,1.0050068,0.081196098,0.58948384,0.040152669
0,210,1.0081931,0.080948361,0.58701849,0.040014178
0,211,1.0133613,0.08094301,0.58442183,0.040251559
0,212,1.0065348,0.080628321,0.58475903,0.040453913
0,213,1.0054647,0.080467768,0.59006338,0.040331741
0,214,1.0054647,0.080467768,0.59006338,0.040331741
0,215,1.0054647,0.080467768,0.59006338,0.040331741
0,216,1.0054647,0.080467768,0.59006338,0.040331741
0,217,1.0104589,0.080658514,0.58976921,0.04039309
0,218,1.0038496,0.081313662,0.59135799,0.040350248
0,219,1.0056901,0.081019222,0.587202,0.0401993
0,220,1.0050884,0.081218575,0.58991915,0.039775243
0,221,1.0050884,0.081218575,0.58991915,0.039775243
0,222,1.0050884,0.081218575,0.58991915,0.039775243
0,223,1.0127805,0.080972116,0.58861102,0.039923126
0,224,1.0154687,0.081029778,0.58547985,0.039875066
0,225,1.0154687,0.081029778,0.58547985,0.039875066
0,226,1.0104521,0.081125013,0.58554499,0.039839542
0,227,1.0163151,0.081705042,0.58529182,0.03962359
0,228,1.0163151,0.081705042,0.58529182,0.03962359
0,229,1.0157041,0.081859539,0.58612167,0.039621904
0,230,1.0190447,0.081967708,0.58377419,0.039546354
0,231,1.0190447,0.081967708,0.58377419,0.039546354
0,232,1.0190447,0.081967708,0.58377419,0.039546354
0,233,1.0185487,0.081540979,0.58530384,0.039583798
0,234,1.0185487,0.081540979,0.58530384,0.039583798
0,235,1.0221938,0.081891927,0.58263799,0.039685892
0,236,1.0221938,0.081891927,0.58263799,0.039685892
0,237,1.0242027,0.081865519,0.58140971,0.039389679
0,238,1.0242027,0.081865519,0.58140971,0.039389679
0,239,1.0274111,0.08127148,0.57811571,0.039415506
0,240,1.0287163,0.08239076,0.57733753,0.039207243
0,241,1.0276203,0.082214184,0.57846667,0.039148603
0,242,1.0301375,0.082172266,0.57786977,0.039220214
0,243,1.0283751,0.081727043,0.58069981,0.039150486
0,244,1.0227809,0.082545111,0.57931182,0.039197394
0,245,1.0244752,0.082410311,0.58232609,0.039338619
0,246,1.0196272,0.082274997,0.58407351,0.039388476
0,247,1.0196272,0.082274997,0.58407351,0.039388476
0,248,1.0196272,0.082274997,0.58407351,0.039388476
0,249,1.0190266,0.082427241,0.58546928,0.03923671
0,250,1.0190266,0.082427241,0.58546928,0.03923671
0,251,1.0150544,0.082117062,0.58466705,0.039211996
0,252,1.0150544,0.082117062,0.58466705,0.039211996
0,253,1.0180096,0.081887493,0.58512755,0.039477677
0,254,1.0180096,0.081887493,0.58512755,0.039477677
0,255,1.0180096,0.081887493,0.58512755,0.039477677
0,256,1.0180096,0.081887493,0.58512755,0.039477677
0,257,1.0180096,0.081887493,0.58512755,0.039477677
0,258,1.0143491,0.081230541,0.58696204,0.039514612
0,259,1.0128442,0.081289893,0.58636297,0.039941458
0,260,1.0110583,0.080864338,0.58645244,0.04012581
0,261,1.007459,0.079984578,0.5885856,0.040143695
0,262,1.005228,0.081316439,0.59104846,0.040008701
0,263,1.0061538,0.081435186,0.59070674,0.039823952
0,264,1.0083579,0.081313063,0.58966546,0.039789362
0,265,1.0083579,0.081313063,0.58966546,0.039789362
0,266,1.0083579,0.081313063,0.58966546,0.039789362
0,267,1.0032937,0.080686236,0.59071508,0.040027331
0,268,1.0073132,0.080620885,0.59221989,0.039985053
0,269,1.0007273,0.080301164,0.59589344,0.03998606
0,270,1.0056326,0.080644698,0.59120707,0.040248437
0,271,1.0056326,0.080644698,0.59120707,0.040248437
0,272,1.0056326,0.080644698,0.59120707,0.040248437
0,273,1.0056326,0.080644698,0.59120707,0.040248437
0,274,1.0056326,0.080644698,0.59120707,0.040248437
0,275,1.0056326,0.080644698,0.59120707,0.040248437
0,276,1.0041812,0.079919278,0.5885489,0.039996077
0,277,1.0067862,0.079423759,0.58899714,0.040204003
0,278,1.0067862,0.079423759,0.58899714,0.040204003
0,279,1.0039775,0.079427071,0.59112967,0.040313329
0,280,1.0039775,0.079427071,0.59112967,0.040313329
0,281,1.0039775,0.079427071,0.59112967,0.040313329
0,282,1.0039775,0.079427071,0.59112967,0.040313329
0,283,0.99974065,0.07867283,0.59230058,0.040124083
0,284,0.99567996,0.078376261,0.60146395,0.040028247
0,285,0.99118212,0.078786511,0.60445789,0.040025493
0,286,0.97954368,0.077996769,0.60737908,0.040512167
0,287,0.98941886,0.078432896,0.60108357,0.040745285
0,288,0.98941886,0.078432896,0.60108357,0.040745285
0,289,0.98941886,0.078432896,0.60108357,0.040745285
0,290,0.98941886,0.078432896,0.60108357,0.040745285
0,291,0.98941886,0.078432896,0.60108357,0.040745285
0,292,0.98941886,0.078432896,0.60108357,0.040745285
0,293,0.98941886,0.078432896,0.60108357,0.040745285
0,294,0.98401037,0.078144448,0.60374991,0.040791365
0,295,0.98312846,0.078040952,0.60435029,0.040651089
0,296,0.98976468,0.077896512,0.60285875,0.040604175
0,297,0.98976468,0.077896512,0.60285875,0.040604175
0,298,0.98976468,0.077896512,0.60285875,0.040604175
0,299,0.99324968,0.078696322,0.59883748,0.040912144
0,300,0.99039466,0.078687309,0.59906175,0.041337603
0,301,0.99039466,0.078687309,0.59906175,0.041337603
0,302,0.99590821,0.078432172,0.59369746,0.040627601
0,303,0.99578014,0.077907335,0.59683487,0.040370366
0,304,0.99124276,0.078761253,0.59893773,0.040203828
0,305,0.99484416,0.078944462,0.60082975,0.040344515
0,306,0.99484416,0.078944462,0.60082975,0.040344515
0,307,0.99484416,0.078944462,0.60082975,0.040344515
0,308,0.99484416,0.078944462,0.60082975,0.040344515
0,309,0.99660092,0.078713806,0.5970661,0.040661585
0,310,0.9928459,0.079086676,0.59450461,0.040629016
0,311,0.9919805,0.079332775,0.60049346,0.041013784
0,312,0.9919805,0.079332775,0.60049346,0.041013784
0,313,1.0027797,0.07911164,0.59469133,0.040578645
0,314,1.0027797,0.07911164,0.59469133,0.040578645
0,315,1.0021731,0.079143379,0.5984913,0.040204402
0,316,1.0021731,0.079143379,0.5984913,0.040204402
0,317,0.99602392,0.079074271,0.59311422,0.040428592
0,318,0.99563434,0.079206152,0.59563428,0.040864689
0,319,0.99406073,0.079069622,0.59716225,0.040547074
0,320,0.99870277,0.080050715,0.59351855,0.040523362
0,321,0.99870277,0.080050715,0.59351855,0.040523362
0,322,0.99870277,0.080050715,0.59351855,0.040523362
0,323,0.99870277,0.080050715,0.59351855,0.040523362
0,324,1.0031502,0.080578683,0.59342191,0.040175314
0,325,1.0031502,0.080578683,0.59342191,0.040175314
0,326,1.0031502,0.080578683,0.59342191,0.040175314
0,327,1.0031502,0.080578683,0.59342191,0.040175314
0,328,1.0031502,0.080578683,0.59342191,0.040175314
0,329,1.0031502,0.080578683,0.59342191,0.040175314
0,330,1.008388,0.080545352,0.58943231,0.0398095
0,331,1.008388,0.080545352,0.58943231,0.0398095
0,332,1.008388,0.080545352,0.58943231,0.0398095
0,333,1.0053742,0.08018208,0.58971775,0.040065163
0,334,1.0053742,0.08018208,0.58971775,0.040065163
0,335,1.0037062,0.080482234,0.5939319,0.039996651
0,336,1.0066251,0.080455922,0.59311192,0.040088095
0,337,1.0066251,0.080455922,0.59311192,0.040088095
0,338,1.0070222,0.080899975,0.59149876,0.040083378
0,339,1.0070222,0.080899975,0.59149876,0.040083378
0,340,1.0070222,0.080899975,0.59149876,0.040083378
0,341,1.0070222,0.080899975,0.59149876,0.040083378
0,342,0.99871204,0.080643236,0.59283996,0.040209208
0,343,1.0026256,0.080758586,0.5945658,0.039987909
0,344,0.99989597,0.081024492,0.59455926,0.039883233
0,345,0.99989597,0.081024492,0.59455926,0.039883233
0,346,0.99989597,0.081024492,0.59455926,0.039883233
0,347,1.0067316,0.081127141,0.59223562,0.039839269
0,348,1.0025282,0.080662466,0.59340198,0.039958733
0,349,1.0025282,0.080662466,0.59340198,0.039958733
0,350,1.0025282,0.080662466,0.59340198,0.039958733
0,351,1.0023115,0.080247524,0.58977847,0.040165033
0,352,1.0096498,0.079992748,0.58906038,0.039818953
0,353,1.0096498,0.079992748,0.58906038,0.039818953
0,354,1.0077532,0.081283863,0.59157085,0.039538322
0,355,1.0077532,0.081283863,0.59157085,0.039538322
0,356,0.99839849,0.080555331,0.5904116,0.03982855
0,357,0.99839849,0.080555331,0.5904116,0.03982855
0,358,1.0070203,0.079507753,0.59013841,0.039672567
0,359,1.0070203,0.079507753,0.59013841,0.039672567
0,360,1.0104924,0.079647262,0.594313,0.039708168
0,361,1.0104924,0.079647262,0.594313,0.039708168
0,362,1.010227,0.080519015,0.59393617,0.039709045
0,363,1.0053496,0.080220323,0.58976613,0.039549632
0,364,1.0088085,0.079887435,0.59046059,0.03967647
0,365,1.0088085,0.079887435,0.59046059,0.03967647
0,366,1.0025158,0.079817873,0.5947986,0.040099404
0,367,0.99620586,0.079539477,0.59864296,0.040181333
0,368,0.99844421,0.08002392,0.59747308,0.039964533
0,369,0.99844421,0.08002392,0.59747308,0.039964533
0,370,1.0012394,0.079778281,0.59459761,0.039957286
0,371,0.99452602,0.079458306,0.60078628,0.040350757
0,372,0.99452602,0.079458306,0.60078628,0.040350757
0,373,0.99446492,0.079417072,0.59947416,0.040567609
0,374,0.99446492,0.079417072,0.59947416,0.040567609
0,375,0.99446492,0.079417072,0.59947416,0.040567609
0,376,0.99446492,0.079417072,0.59947416,0.040567609
0,377,0.99446492,0.079417072,0.59947416,0.040567609
0,378,0.99446492,0.079417072,0.59947416,0.040567609
0,379,0.9949741,0.079215854,0.59846364,0.040257317
0,380,0.99946677,0.07937781,0.5967785,0.040118013
0,381,1.0072025,0.080496046,0.59418554,0.040011076
0,382,1.0011772,0.079751799,0.59294876,0.040293143
0,383,1.0011772,0.079751799,0.59294876,0.040293143
0,384,1.0011772,0.079751799,0.59294876,0.040293143
0,385,0.99785077,0.079806492,0.59580875,0.04065144
0,386,0.99785077,0.079806492,0.59580875,0.04065144
0,387,1.0011987,0.080495015,0.5945353,0.040354875
0,388,1.0006976,0.07989426,0.59470097,0.040081251
0,389,1.0006976,0.07989426,0.59470097,0.040081251
0,390,1.0021284,0.080799393,0.59348186,0.04003929
0,391,1.0021284,0.080799393,0.59348186,0.04003929
0,392,1.0021284,0.080799393,0.59348186,0.04003929
0,393,1.0021284,0.080799393,0.59348186,0.04003929
0,394,1.0021284,0.080799393,0.59348186,0.04003929
0,395,1.000834,0.08076597,0.59332681,0.04009194
0,396,1.0028786,0.080857564,0.59244774,0.039953919
0,397,1.0090781,0.080641258,0.59140319,0.039789418
0,398,1.0090781,0.080641258,0.59140319,0.039789418
0,399,1.0097212,0.080522128,0.58967056,0.039764961
0,400,1.0097212,0.080522128,0.58967056,0.039764961
0,401,1.0097212,0.080522128,0.58967056,0.039764961
0,402,1.0085457,0.080395087,0.59083947,0.039781084
0,403,1.0085457,0.080395087,0.59083947,0.039781084
0,404,1.0085457,0.080395087,0.59083947,0.039781084
0,405,1.0085457,0.080395087,0.59083947,0.039781084
0,406,1.0085457,0.080395087,0.59083947,0.039781084
0,407,1.0023781,0.08030026,0.59327321,0.040088568
0,408,1.0023781,0.08030026,0.59327321,0.040088568
0,409,1.0067863,0.080502298,0.59135922,0.03999029
0,410,1.0063496,0.079905823,0.59124325,0.040382908
0,411,0.99766171,0.080067474,0.59249541,0.040381237
0,412,0.99766171,0.080067474,0.59249541,0.040381237
0,413,0.99946187,0.079499216,0.59215743,0.040313958
0,414,0.99946187,0.079499216,0.59215743,0.040313958
0,415,0.99946187,0.079499216,0.59215743,0.040313958
0,416,1.0047648,0.080064682,0.5919755,0.040174661
0,417,1.0045713,0.07956869,0.59493812,0.040024437
0,418,1.0045713,0.07956869,0.59493812,0.040024437
0,419,1.0053583,0.079597218,0.58968645,0.04032736
0,420,1.0053583,0.079597218,0.58968645,0.04032736
0,421,1.0018759,0.080312187,0.59673605,0.040146773
0,422,1.0018759,0.080312187,0.59673605,0.040146773
0,423,0.99825274,0.080511783,0.59433816,0.04051907
0,424,0.99733218,0.080147586,0.59484884,0.040378976
0,425,0.99733218,0.080147586,0.59484884,0.040378976
0,426,1.0017741,0.079600194,0.59503369,0.040524309
0,427,1.0017741,0.079600194,0.59503369,0.040524309
0,428,1.0031605,0.079757298,0.59067021,0.040482437
0,429,1.0031605,0.079757298,0.59067021,0.040482437
0,430,1.0028599,0.079551069,0.59158651,0.040743976
0,431,1.0028599,0.079551069,0.59158651,0.040743976
0,432,0.99958256,0.079534341,0.59129139,0.040280025
0,433,1.0025323,0.080013952,0.5916855,0.039982506
0,434,1.0010198,0.080179506,0.59405533,0.040456026
0,435,1.0010198,0.080179506,0.59405533,0.040456026
0,436,1.0021369,0.079900393,0.59536148,0.04024945
0,437,1.0021369,0.079900393,0.59536148,0.04024945
0,438,1.0003484,0.079737478,0.59267772,0.040395024
0,439,1.0069173,0.08008687,0.5917052,0.040134242
0,440,1.0069173,0.08008687,0.5917052,0.040134242
0,441,1.0089563,0.08056217,0.59031819,0.040319645
0,442,1.0066408,0.080515954,0.59317663,0.04019733
0,443,1.0066408,0.080515954,0.59317663,0.04019733
0,444,1.0086332,0.080719312,0.59036376,0.040135488
0,445,1.0086332,0.080719312,0.59036376,0.040135488
0,446,1.0071446,0.080275463,0.59016023,0.040108523
0,447,1.0071446,0.080275463,0.59016023,0.040108523
0,448,1.0071446,0.080275463,0.59016023,0.040108523
0,449,1.0071446,0.080275463,0.59016023,0.040108523
0,450,1.0047877,0.080402224,0.58960437,0.040068557
0,451,1.0013206,0.081132763,0.59308632,0.0405022
0,452,1.0013206,0.081132763,0.59308632,0.0405022
0,453,1.0038572,0.080677509,0.59325484,0.040564437
0,454,0.99707563,0.079788777,0.59925295,0.0405045
0,455,1.0010325,0.079852929,0.59388364,0.040538475
0,456,0.99383864,0.079214686,0.59693445,0.040490131
0,457,0.9948289,0.078670696,0.59925975,0.040426686
0,458,0.9948289,0.078670696,0.59925975,0.040426686
0,459,0.99387466,0.079247355,0.59645087,0.040389573
0,460,0.99028508,0.079395398,0.5953473,0.040660951
0,461,0.98943803,0.079027956,0.59755322,0.040689264
0,462,0.98943803,0.079027956,0.59755322,0.040689264
0,463,0.98978599,0.078700039,0.60229468,0.04082547
0,464,0.98124515,0.077999542,0.60206406,0.0409195
0,465,0.98124515,0.077999542,0.60206406,0.0409195
0,466,0.98286773,0.078214741,0.60490522,0.041032441
0,467,0.98286773,0.078214741,0.60490522,0.041032441
0,468,0.98286773,0.078214741,0.60490522,0.041032441
0,469,0.98057649,0.079132396,0.60349761,0.040902803
0,470,0.98890463,0.078670893,0.60448656,0.040735314
0,471,0.99066828,0.078852315,0.59990013,0.040645735
0,472,0.99066828,0.078852315,0.59990013,0.040645735
0,473,0.99066828,0.078852315,0.59990013,0.040645735
0,474,0.99066828,0.078852315,0.59990013,0.040645735
0,475,0.99066828,0.078852315,0.59990013,0.040645735
0,476,0.99066828,0.078852315,0.59990013,0.040645735
0,477,0.99066828,0.078852315,0.59990013,0.040645735
0,478,0.99066828,0.078852315,0.59990013,0.040645735
0,479,0.99066828,0.078852315,0.59990013,0.040645735
0,480,0.99066828,0.078852315,0.59990013,0.040645735
0,481,0.99066828,0.078852315,0.59990013,0.040645735
0,482,0.99066828,0.078852315,0.59990013,0.040645735
0,483,0.99043742,0.079229013,0.602192,0.040497992
0,484,0.99043742,0.079229013,0.602192,0.040497992
0,485,0.98819602,0.078618878,0.60274089,0.040211698
0,486,0.98819602,0.078618878,0.60274089,0.040211698
0,487,0.98819602,0.078618878,0.60274089,0.040211698
0,488,0.99618324,0.078378007,0.59711892,0.04024668
0,489,0.99618324,0.078378007,0.59711892,0.04024668
0,490,0.99618324,0.078378007,0.59711892,0.04024668
0,491,0.99618324,0.078378007,0.59711892,0.04024668
0,492,0.99578271,0.078995592,0.60146426,0.040617461
0,493,0.99578271,0.078995592,0.60146426,0.040617461
0,494,0.99578271,0.078995592,0.60146426,0.040617461
0,495,0.99578271,0.078995592,0.60146426,0.040617461
0,496,0.99638817,0.078980328,0.59902767,0.040499916
0,497,0.99638817,0.078980328,0.59902767,0.040499916
0,498,0.9914522,0.078629361,0.6009788,0.040753014
0,499,0.9914522,0.078629361,0.6009788,0.040753014
0,500,0.99859879,0.078896283,0.59587336,0.040641717
0,501,1.0016278,0.078890719,0.59520194,0.040706328
0,502,1.0016278,0.078890719,0.59520194,0.040706328
0,503,1.0021228,0.078530645,0.59485835,0.04044371
0,504,1.0021228,0.078530645,0.59485835,0.04044371
0,505,1.0001677,0.078887743,0.5972871,0.040314892
0,506,1.0001677,0.078887743,0.5972871,0.040314892
0,507,1.0001677,0.078887743,0.5972871,0.040314892
0,508,1.0001677,0.078887743,0.5972871,0.040314892
0,509,0.99418035,0.078505313,0.59591803,0.040518506
0,510,0.99418035,0.078505313,0.59591803,0.040518506
0,511,0.98509264,0.07874526,0.59830888,0.040541238
0,512,0.9864207,0.079619532,0.59931183,0.040366632
0,513,0.99167657,0.078905469,0.60200167,0.040296446
0,514,0.98475327,0.078400071,0.60028996,0.040688484
0,515,0.98657891,0.077935043,0.60448766,0.040774963
0,516,0.98657891,0.077935043,0.60448766,0.040774963
0,517,0.99298116,0.078683105,0.60289938,0.040550579
0,518,0.99141333,0.078788983,0.59848229,0.040609144
0,519,0.99141333,0.078788983,0.59848229,0.040609144
0,520,0.98957665,0.078619061,0.60019309,0.040596844
0,521,0.99438419,0.079913863,0.59723233,0.040370057
0,522,0.99765961,0.079858285,0.59806038,0.040191174
0,523,0.99765961,0.079858285,0.59806038,0.040191174
0,524,0.99765961,0.079858285,0.59806038,0.040191174
0,525,1.0024366,0.079665491,0.59640663,0.040145629
0,526,1.0024366,0.079665491,0.59640663,0.040145629
0,527,1.0024366,0.079665491,0.59640663,0.040145629
0,528,1.0024366,0.079665491,0.59640663,0.040145629
0,529,1.0024976,0.079910845,0.5937042,0.039834038
0,530,1.0024976,0.079910845,0.5937042,0.039834038
0,531,1.0024976,0.079910845,0.5937042,0.039834038
0,532,1.0030095,0.080553328,0.59348666,0.039549582
0,533,1.0026319,0.080581462,0.58942313,0.039945283
0,534,1.0059731,0.080050355,0.5914967,0.040030064
0,535,1.0059731,0.080050355,0.5914967,0.040030064
0,536,1.0059731,0.080050355,0.5914967,0.040030064
0,537,1.0059731,0.080050355,0.5914967,0.040030064
0,538,0.99281926,0.079997425,0.59597402,0.040344101
0,539,0.99526128,0.07935653,0.59520597,0.040395762
0,540,1.003118,0.079581868,0.59280919,0.040381823
0,541,1.003118,0.079581868,0.59280919,0.040381823
0,542,1.003118,0.079581868,0.59280919,0.040381823
0,543,1.003118,0.079581868,0.59280919,0.040381823
0,544,1.0026146,0.07903683,0.59345814,0.040300768
0,545,1.0018969,0.079489087,0.59283477,0.040185154
0,546,1.0018969,0.079489087,0.59283477,0.040185154
0,547,0.99488298,0.080149699,0.60042355,0.040307477
0,548,0.99488298,0.080149699,0.60042355,0.040307477
0,549,0.9913699,0.079373911,0.59947052,0.040425162
0,550,0.99247531,0.078992409,0.59765212,0.040440091
0,551,0.99254147,0.078376666,0.59866648,0.040561725
0,552,0.99147997,0.078294486,0.60335916,0.040620178
0,553,0.99147997,0.078294486,0.60335916,0.040620178
0,554,0.99147997,0.078294486,0.60335916,0.040620178
0,555,0.99147997,0.078294486,0.60335916,0.040620178
0,556,0.996338,0.078443994,0.6005337,0.040848119
0,557,0.996338,0.078443994,0.6005337,0.040848119
0,558,0.99400375,0.078789845,0.5969972,0.040657615
0,559,0.99692672,0.078885967,0.59733673,0.04022146
0,560,0.99692672,0.078885967,0.59733673,0.04022146
0,561,0.99799579,0.079306398,0.59749686,0.040638005
0,562,0.99799579,0.079306398,0.59749686,0.040638005
0,563,0.98687096,0.079519668,0.60023117,0.040307792
0,564,0.98687096,0.079519668,0.60023117,0.040307792
0,565,0.98687096,0.079519668,0.60023117,0.040307792
0,566,0.99763265,0.079897086,0.60131166,0.040142116
0,567,0.98561593,0.079447007,0.6039035,0.040098035
0,568,0.9941358,0.079659026,0.60096647,0.040189825
0,569,0.99667866,0.07986544,0.59453324,0.039974428
0,570,1.0041547,0.080146665,0.59143177,0.040060706
0,571,1.0041547,0.080146665,0.59143177,0.040060706
0,572,1.0041547,0.080146665,0.59143177,0.040060706
0,573,1.0041547,0.080146665,0.59143177,0.040060706
0,574,0.99802786,0.079789421,0.59070978,0.04060773
0,575,0.9998422,0.080197591,0.59508041,0.040295304
0,576,0.9998422,0.080197591,0.59508041,0.040295304
0,577,0.9998422,0.080197591,0.59508041,0.040295304
0,578,0.9998422,0.080197591,0.59508041,0.040295304
0,579,0.9998422,0.080197591,0.59508041,0.040295304
0,580,1.0000284,0.079661284,0.59611897,0.040025569
0,581,1.0000284,0.079661284,0.59611897,0.040025569
0,582,1.0000284,0.079661284,0.59611897,0.040025569
0,583,0.99912908,0.079462207,0.59711374,0.040310589
0,584,0.99912908,0.079462207,0.59711374,0.040310589
0,585,1.0006716,0.079496437,0.59432166,0.040369587
0,586,1.0006716,0.079496437,0.59432166,0.040369587
0,587,1.001562,0.079933797,0.59583119,0.039986714
0,588,1.001562,0.079933797,0.59583119,0.039986714
0,589,1.001562,0.079933797,0.59583119,0.039986714
0,590,1.000119,0.079602323,0.59421083,0.040056184
0,591,1.000119,0.079602323,0.59421083,0.040056184
0,592,1.000119,0.079602323,0.59421083,0.040056184
0,593,1.000119,0.079602323,0.59421083,0.040056184
0,594,1.000119,0.079602323,0.59421083,0.040056184
0,595,1.000119,0.079602323,0.59421083,0.040056184
0,596,0.99996229,0.079516237,0.59481661,0.040052991
0,597,0.99865979,0.079425816,0.59514305,0.040264438
0,598,0.99865979,0.079425816,0.59514305,0.040264438
0,599,1.0015244,0.079647553,0.59149239,0.040202324
0,600,0.99832121,0.080153658,0.59388485,0.040655384
0,601,0.99943073,0.079734167,0.59439923,0.040597952
0,602,0.99872379,0.080141084,0.59531786,0.040268286
0,603,0.99872379,0.080141084,0.59531786,0.040268286
0,604,0.99872379,0.080141084,0.59531786,0.040268286
0,605,0.99872379,0.080141084,0.59531786,0.040268286
0,606,1.0008806,0.079875673,0.59207305,0.04031593
0,607,1.0008806,0.079875673,0.59207305,0.04031593
0,608,1.0008806,0.079875673,0.59207305,0.04031593
0,609,1.0008806,0.079875673,0.59207305,0.04031593
0,610,0.99968083,0.079922993,0.59308939,0.040039913
0,611,1.0008861,0.080017969,0.59320707,0.040211378
0,612,1.0008861,0.080017969,0.59320707,0.040211378
0,613,1.0010334,0.080609658,0.59423576,0.040236613
0,614,1.0069675,0.080134706,0.59004035,0.04032782
0,615,1.0069675,0.080134706,0.59004035,0.04032782
0,616,1.0069675,0.080134706,0.59004035,0.04032782
0,617,1.0083399,0.080653566,0.58973062,0.040100972
0,618,1.0083399,0.080653566,0.58973062,0.040100972
0,619,1.0009575,0.081218729,0.5921975,0.040221908
0,620,1.0002314,0.080498385,0.59180326,0.040183829
0,621,0.99725367,0.080743969,0.5961421,0.040306351
0,622,1.0062764,0.080381468,0.590968,0.040367196
0,623,1.0062764,0.080381468,0.590968,0.040367196
0,624,1.0028881,0.08096388,0.59304073,0.040300667
0,625,1.0028881,0.08096388,0.59304073,0.040300667
0,626,0.99943737,0.080605048,0.59196972,0.040196528
0,627,0.99943737,0.080605048,0.59196972,0.040196528
0,628,1.0036664,0.080588333,0.59107103,0.039887991
0,629,1.0132114,0.08087823,0.59132104,0.03971834
0,630,1.0132114,0.08087823,0.59132104,0.03971834
0,631,1.0122517,0.080954853,0.58919698,0.04000378
0,632,1.0095499,0.080703426,0.58937869,0.040104627
0,633,1.0101005,0.080590574,0.58855371,0.040060587
0,634,1.0101047,0.081157817,0.59005202,0.040057462
0,635,1.0032556,0.081102783,0.5927479,0.039507865
0,636,1.0032556,0.081102783,0.5927479,0.039507865
0,637,1.0053432,0.080585024,0.59155468,0.039649556
0,638,1.0053432,0.080585024,0.59155468,0.039649556
0,639,1.002237,0.080289463,0.59502152,0.039864539
0,640,1.002237,0.080289463,0.59502152,0.039864539
0,641,1.002237,0.080289463,0.59502152,0.039864539
0,642,0.99585411,0.079960452,0.59597601,0.040164601
0,643,0.99585411,0.079960452,0.59597601,0.040164601
0,644,0.9996563,0.080163894,0.59335903,0.040030524
0,645,0.99936167,0.080323845,0.59341253,0.040375813
0,646,0.99811703,0.080182897,0.59630276,0.040409169
0,647,0.9993605,0.079419434,0.59430563,0.040463634
0,648,0.9993605,0.079419434,0.59430563,0.040463634
0,649,0.9993605,0.079419434,0.59430563,0.040463634
0,650,0.99912444,0.079219335,0.59482583,0.04026552
0,651,0.99839918,0.080363053,0.59574256,0.040513712
0,652,0.99839918,0.080363053,0.59574256,0.040513712
0,653,1.0004325,0.080743157,0.59460316,0.04015328
0,654,1.0036494,0.079816587,0.59277716,0.040273474
0,655,1.001056,0.079365025,0.59240605,0.040557861
0,656,1.0029334,0.079823445,0.59516478,0.040293946
0,657,1.0029334,0.079823445,0.59516478,0.040293946
0,658,1.0004018,0.080162545,0.59446453,0.040241374
0,659,1.0004018,0.080162545,0.59446453,0.040241374
0,660,0.99662792,0.079427495,0.59732941,0.040240257
0,661,0.99944893,0.079695382,0.59563357,0.040273903
0,662,0.99944893,0.079695382,0.59563357,0.040273903
0,663,1.0015662,0.079759316,0.59602244,0.040019996
0,664,1.0002937,0.079651638,0.59422807,0.040391591
0,665,1.0002937,0.079651638,0.59422807,0.040391591
0,666,1.0002937,0.079651638,0.59422807,0.040391591
0,667,1.0002937,0.079651638,0.59422807,0.040391591
0,668,1.0002937,0.079651638,0.59422807,0.040391591
0,669,1.0002937,0.079651638,0.59422807,0.040391591
0,670,0.99041465,0.079313944,0.59850758,0.04042771
0,671,0.98848418,0.078874795,0.60110007,0.040687954
0,672,0.98848418,0.078874795,0.60110007,0.040687954
0,673,0.98848418,0.078874795,0.60110007,0.040687954
0,674,0.98848418,0.078874795,0.60110007,0.040687954
0,675,0.98848418,0.078874795,0.60110007,0.040687954
0,676,0.98848418,0.078874795,0.60110007,0.040687954
0,677,0.98848418,0.078874795,0.60110007,0.040687954
0,678,0.98848418,0.078874795,0.60110007,0.040687954
0,679,0.98848418,0.078874795,0.60110007,0.040687954
0,680,0.98848418,0.078874795,0.60110007,0.040687954
0,681,0.98848418,0.078874795,0.60110007,0.040687954
0,682,0.98848418,0.078874795,0.60110007,0.040687954
0,683,0.98848418,0.078874795,0.60110007,0.040687954
0,684,0.98848418,0.078874795,0.60110007,0.040687954
0,685,0.99331242,0.079024887,0.6001369,0.040685001
0,686,0.99858894,0.07930523,0.59544662,0.040218926
0,687,0.99858894,0.07930523,0.59544662,0.040218926
0,688,0.99732442,0.079539856,0.59707171,0.040073165
0,689,0.99588659,0.07964307,0.59449749,0.040396751
0,690,1.0008521,0.079760212,0.59531834,0.039871434
0,691,1.0008521,0.079760212,0.59531834,0.039871434
0,692,1.0015722,0.080071958,0.59167452,0.04030494
0,693,1.0015722,0.080071958,0.59167452,0.04030494
0,694,1.0012634,0.07949261,0.59687044,0.040202334
0,695,1.0012634,0.07949261,0.59687044,0.040202334
0,696,0.99845203,0.078814595,0.59940263,0.040255002
0,697,1.0048428,0.080158792,0.59303428,0.039840779
0,698,1.0048428,0.080158792,0.59303428,0.039840779
0,699,1.0048428,0.080158792,0.59303428,0.039840779
0,700,0.99893828,0.080784852,0.59446892,0.040203053
0,701,0.99893828,0.080784852,0.59446892,0.040203053
0,702,0.99930565,0.080007054,0.59486091,0.040100968
0,703,0.99930565,0.080007054,0.59486091,0.040100968
0,704,0.99930565,0.080007054,0.59486091,0.040100968
0,705,0.99930565,0.080007054,0.59486091,0.040100968
0,706,0.99930565,0.080007054,0.59486091,0.040100968
0,707,0.99930565,0.080007054,0.59486091,0.040100968
0,708,0.99699631,0.078980603,0.59756051,0.040479318
0,709,0.99670379,0.079057601,0.59903889,0.040447244
0,710,0.99717779,0.079246866,0.59811888,0.040198023
0,711,0.99717779,0.079246866,0.59811888,0.040198023
0,712,0.99110469,0.079090174,0.60014902,0.040198434
0,713,0.99110469,0.079090174,0.60014902,0.040198434
0,714,0.99110469,0.079090174,0.60014902,0.040198434
0,715,0.99110469,0.079090174,0.60014902,0.040198434
0,716,0.99110469,0.079090174,0.60014902,0.040198434
0,717,0.98931073,0.078509653,0.60143355,0.040362659
0,718,0.99330417,0.07898942,0.60170896,0.040557404
0,719,0.99273213,0.079200572,0.59663993,0.040550853
0,720,0.99273213,0.079200572,0.59663993,0.040550853
0,721,0.99273213,0.079200572,0.59663993,0.040550853
0,722,0.99273213,0.079200572,0.59663993,0.040550853
0,723,0.99273213,0.079200572,0.59663993,0.040550853
0,724,0.99937836,0.078964892,0.59493336,0.040142804
0,725,1.0002605,0.079061523,0.59245128,0.040550728
0,726,1.0002605,0.079061523,0.59245128,0.040550728
0,727,1.0002605,0.079061523,0.59245128,0.040550728
0,728,1.0002605,0.079061523,0.59245128,0.040550728
0,729,1.0003092,0.079158063,0.58948854,0.040819594
0,730,0.99492288,0.079081768,0.5999159,0.040793431
0,731,0.99492288,0.079081768,0.5999159,0.040793431
0,732,0.99492288,0.079081768,0.5999159,0.040793431
0,733,0.99275974,0.079220039,0.59751861,0.040659086
0,734,0.99440585,0.07879881,0.60039701,0.040395114
0,735,0.99482168,0.079199338,0.59834393,0.040473891
0,736,0.99482168,0.079199338,0.59834393,0.040473891
0,737,0.99009095,0.078965569,0.60059556,0.040579684
0,738,0.98653113,0.078822542,0.59941858,0.040666285
0,739,0.98990931,0.078505312,0.60222627,0.040519685
0,740,0.98990931,0.078505312,0.60222627,0.040519685
0,741,0.98990931,0.078505312,0.60222627,0.040519685
0,742,0.98759519,0.078093178,0.60021178,0.04086892
0,743,0.98960797,0.078170515,0.60333519,0.040565875
0,744,0.98819082,0.078190128,0.60454592,0.040459382
0,745,0.98830566,0.077925831,0.60143358,0.040808044
0,746,0.98524983,0.077620201,0.60770197,0.040588102
0,747,0.98036089,0.078335833,0.60741017,0.040720948
0,748,0.98036089,0.078335833,0.60741017,0.040720948
0,749,0.9784025,0.078106247,0.60654511,0.040874878
0,750,0.9784025,0.078106247,0.60654511,0.040874878
0,751,0.9784025,0.078106247,0.60654511,0.040874878
0,752,0.9830826,0.078398302,0.60666495,0.041043993
0,753,0.97830929,0.077723732,0.60608164,0.041010443
0,754,0.9762546,0.077286603,0.60934371,0.040906442
0,755,0.9762546,0.077286603,0.60934371,0.040906442
0,756,0.9762546,0.077286603,0.60934371,0.040906442
0,757,0.9762546,0.077286603,0.60934371,0.040906442
0,758,0.9762546,0.077286603,0.60934371,0.040906442
0,759,0.97776929,0.077380822,0.60738641,0.04105632
0,760,0.97776929,0.077380822,0.60738641,0.04105632
0,761,0.97776929,0.077380822,0.60738641,0.04105632
0,762,0.98238476,0.076669841,0.60957287,0.041000141
0,763,0.98238476,0.076669841,0.60957287,0.041000141
0,764,0.97827317,0.076571369,0.60974328,0.041039071
0,765,0.9839848,0.077650206,0.6057658,0.040917592
0,766,0.9839848,0.077650206,0.6057658,0.040917592
0,767,0.9839848,0.077650206,0.6057658,0.040917592
0,768,0.97893106,0.077585461,0.60645956,0.040873271
0,769,0.97893106,0.077585461,0.60645956,0.040873271
0,770,0.97475956,0.0776411,0.61153258,0.040866098
0,771,0.97025652,0.077550178,0.61043031,0.041009247
0,772,0.97025652,0.077550178,0.61043031,0.041009247
0,773,0.97025652,0.077550178,0.61043031,0.041009247
0,774,0.9687041,0.07739191,0.61208472,0.041167115
0,775,0.97399196,0.07645377,0.60968067,0.041192485
0,776,0.97923355,0.076408337,0.61030579,0.041013192
0,777,0.97923355,0.076408337,0.61030579,0.041013192
0,778,0.97923355,0.076408337,0.61030579,0.041013192
0,779,0.97604828,0.07700328,0.60921584,0.041516133
0,780,0.97604828,0.07700328,0.60921584,0.041516133
0,781,0.97781176,0.077363747,0.60660576,0.041052865
0,782,0.98317804,0.07744053,0.60718391,0.040698599
0,783,0.98002812,0.078155566,0.6086176,0.041174449
0,784,0.98002812,0.078155566,0.6086176,0.041174449
0,785,0.98660025,0.078502691,0.60559042,0.040893308
0,786,0.98844169,0.078013132,0.60451363,0.040660221
0,787,0.98571904,0.078167292,0.6012695,0.040860679
0,788,0.98571904,0.078167292,0.6012695,0.040860679
0,789,0.98571904,0.078167292,0.6012695,0.040860679
0,790,0.98571904,0.078167292,0.6012695,0.040860679
0,791,0.98571904,0.078167292,0.6012695,0.040860679
0,792,0.9856739,0.077997194,0.60631133,0.040746401
0,793,0.9856739,0.077997194,0.60631133,0.040746401
0,794,0.9856739,0.077997194,0.60631133,0.040746401
0,795,0.9856739,0.077997194,0.60631133,0.040746401
0,796,0.9856739,0.077997194,0.60631133,0.040746401
0,797,0.9856739,0.077997194,0.60631133,0.040746401
0,798,0.9856739,0.077997194,0.60631133,0.040746401
0,799,0.98190446,0.078347161,0.60756923,0.040738304
0,800,0.98190446,0.078347161,0.60756923,0.040738304
0,801,0.98462176,0.07895461,0.60405147,0.04038261
0,802,0.98522568,0.078850649,0.60573565,0.040879371
0,803,0.98522568,0.078850649,0.60573565,0.040879371
0,804,0.98275144,0.078515762,0.60246573,0.041040247
0,805,0.97985276,0.078004195,0.60298144,0.041028774
0,806,0.97917012,0.077710963,0.60354588,0.040801872
0,807,0.98004959,0.078287501,0.60843397,0.041014204
0,808,0.98023306,0.077773988,0.60601984,0.040826122
0,809,0.9780735,0.076931915,0.60796775,0.041130456
0,810,0.9780735,0.076931915,0.60796775,0.041130456
0,811,0.9780735,0.076931915,0.60796775,0.041130456
0,812,0.9780735,0.076931915,0.60796775,0.041130456
0,813,0.97893236,0.077370306,0.60651337,0.041207017
0,814,0.97808101,0.077352694,0.6077461,0.041154268
0,815,0.97808101,0.077352694,0.6077461,0.041154268
0,816,0.97808101,0.077352694,0.6077461,0.041154268
0,817,0.97533047,0.078060911,0.61036081,0.041261153
0,818,0.97215145,0.076856984,0.61281149,0.04141361
0,819,0.97215145,0.076856984,0.61281149,0.04141361
0,820,0.97215145,0.076856984,0.61281149,0.04141361
0,821,0.97554832,0.076907889,0.60982571,0.041420516
0,822,0.97554832,0.076907889,0.60982571,0.041420516
0,823,0.97658892,0.077528337,0.61058224,0.041412864
0,824,0.97658892,0.077528337,0.61058224,0.041412864
0,825,0.97441898,0.077325656,0.61090794,0.041374588
0,826,0.97441898,0.077325656,0.61090794,0.041374588
0,827,0.97250458,0.077173152,0.61048101,0.041664111
0,828,0.97250458,0.077173152,0.61048101,0.041664111
0,829,0.97250458,0.077173152,0.61048101,0.041664111
0,830,0.97250458,0.077173152,0.61048101,0.041664111
0,831,0.97250458,0.077173152,0.61048101,0.041664111
0,832,0.97685545,0.076557536,0.60922757,0.041148756
0,833,0.97685545,0.076557536,0.60922757,0.041148756
0,834,0.97655002,0.077088959,0.60997843,0.041113217
0,835,0.97655002,0.077088959,0.60997843,0.041113217
0,836,0.97636265,0.077579879,0.60852503,0.041289602
0,837,0.97636265,0.077579879,0.60852503,0.041289602
0,838,0.97636265,0.077579879,0.60852503,0.041289602
0,839,0.97925753,0.077612038,0.60676333,0.040979275
0,840,0.9823341,0.077706003,0.60904507,0.040991016
0,841,0.9823341,0.077706003,0.60904507,0.040991016
0,842,0.98315489,0.076976229,0.60750836,0.041080035
0,843,0.97917831,0.077280824,0.6059941,0.041145375
0,844,0.97917831,0.077280824,0.6059941,0.041145375
0,845,0.97917831,0.077280824,0.6059941,0.041145375
0,846,0.97917831,0.077280824,0.6059941,0.041145375
0,847,0.97657743,0.077368681,0.60932701,0.040939958
0,848,0.97657743,0.077368681,0.60932701,0.040939958
0,849,0.97977701,0.077365243,0.60727042,0.04107999
0,850,0.97977701,0.077365243,0.60727042,0.04107999
0,851,0.97977701,0.077365243,0.60727042,0.04107999
0,852,0.97977701,0.077365243,0.60727042,0.04107999
0,853,0.97977701,0.077365243,0.60727042,0.04107999
0,854,0.97977701,0.077365243,0.60727042,0.04107999
0,855,0.97977701,0.077365243,0.60727042,0.04107999
0,856,0.97977701,0.077365243,0.60727042,0.04107999
0,857,0.97791686,0.077463941,0.60747383,0.041124473
0,858,0.97791686,0.077463941,0.60747383,0.041124473
0,859,0.97767012,0.077913485,0.61147876,0.041043731
0,860,0.97170346,0.077314774,0.61408598,0.041322648
0,861,0.96934659,0.077025655,0.61137315,0.041343798
0,862,0.96934659,0.077025655,0.61137315,0.041343798
0,863,0.97205921,0.077387209,0.61038289,0.041312746
0,864,0.97927925,0.077175709,0.60580163,0.041369225
0,865,0.98326485,0.078355133,0.60482899,0.041024274
0,866,0.98201497,0.078139781,0.60610232,0.041024874
0,867,0.98201497,0.078139781,0.60610232,0.041024874
0,868,0.98201497,0.078139781,0.60610232,0.041024874
0,869,0.98201497,0.078139781,0.60610232,0.041024874
0,870,0.98201497,0.078139781,0.60610232,0.041024874
0,871,0.98201497,0.078139781,0.60610232,0.041024874
0,872,0.98201497,0.078139781,0.60610232,0.041024874
0,873,0.98201497,0.078139781,0.60610232,0.041024874
0,874,0.98242037,0.078560739,0.60538608,0.040957297
0,875,0.98242037,0.078560739,0.60538608,0.040957297
0,876,0.98242037,0.078560739,0.60538608,0.040957297
0,877,0.98242037,0.078560739,0.60538608,0.040957297
0,878,0.99088742,0.079305952,0.60081648,0.0404648
0,879,0.99088742,0.079305952,0.60081648,0.0404648
0,880,0.99088742,0.079305952,0.60081648,0.0404648
0,881,0.99088742,0.079305952,0.60081648,0.0404648
0,882,0.99048486,0.079369718,0.60025245,0.040341113
0,883,0.98887963,0.079776644,0.59794889,0.040397212
0,884,0.98887963,0.079776644,0.59794889,0.040397212
0,885,0.99084487,0.079972028,0.60088512,0.040578347
0,886,0.985066,0.078198937,0.60350178,0.041195927
0,887,0.985066,0.078198937,0.60350178,0.041195927
0,888,0.9860408,0.078291105,0.60185127,0.041215051
0,889,0.9860408,0.078291105,0.60185127,0.041215051
0,890,0.98722968,0.078782652,0.60121646,0.041022507
0,891,0.98722968,0.078782652,0.60121646,0.041022507
0,892,0.98722968,0.078782652,0.60121646,0.041022507
0,893,0.98722968,0.078782652,0.60121646,0.041022507
0,894,0.98722968,0.078782652,0.60121646,0.041022507
0,895,0.98722968,0.078782652,0.60121646,0.041022507
0,896,0.9903088,0.079394781,0.60153514,0.040858728
0,897,0.9903088,0.079394781,0.60153514,0.040858728
0,898,0.9903088,0.079394781,0.60153514,0.040858728
0,899,0.99341619,0.078392585,0.60068265,0.040704859
0,900,0.99341619,0.078392585,0.60068265,0.040704859
0,901,0.9926733,0.078415867,0.59800883,0.040521385
0,902,0.98811577,0.078881565,0.59979303,0.040791916
0,903,0.98811577,0.078881565,0.59979303,0.040791916
0,904,0.98811577,0.078881565,0.59979303,0.040791916
0,905,0.98811577,0.078881565,0.59979303,0.040791916
0,906,0.98811577,0.078881565,0.59979303,0.040791916
0,907,0.99032237,0.079032001,0.59895258,0.040735756
0,908,0.99179391,0.079275676,0.59827942,0.04066573
0,909,0.99179391,0.079275676,0.59827942,0.04066573
0,910,0.99179391,0.079275676,0.59827942,0.04066573
0,911,0.98822876,0.078624406,0.6020125,0.040824509
0,912,0.98822876,0.078624406,0.6020125,0.040824509
0,913,0.98822876,0.078624406,0.6020125,0.040824509
0,914,0.98822876,0.078624406,0.6020125,0.040824509
0,915,0.98822876,0.078624406,0.6020125,0.040824509
0,916,0.98190757,0.078957635,0.60495351,0.040917772
0,917,0.98274446,0.07763728,0.6053625,0.041136298
0,918,0.98274446,0.07763728,0.6053625,0.041136298
0,919,0.98274446,0.07763728,0.6053625,0.041136298
0,920,0.98244637,0.0778799,0.60563864,0.040742652
0,921,0.98244637,0.0778799,0.60563864,0.040742652
0,922,0.98183815,0.077375905,0.60618982,0.040808091
0,923,0.98183815,0.077375905,0.60618982,0.040808091
0,924,0.98183815,0.077375905,0.60618982,0.040808091
0,925,0.97825618,0.077370404,0.60803921,0.04083115
0,926,0.97825618,0.077370404,0.60803921,0.04083115
0,927,0.97825618,0.077370404,0.60803921,0.04083115
0,928,0.9718357,0.077378938,0.61086533,0.041058402
0,929,0.97693312,0.077120176,0.60914224,0.041122683
0,930,0.97693312,0.077120176,0.60914224,0.041122683
0,931,0.97693312,0.077120176,0.60914224,0.041122683
0,932,0.97693312,0.077120176,0.60914224,0.041122683
0,933,0.97703898,0.077427026,0.60907332,0.041248893
0,934,0.9736601,0.077489889,0.60875164,0.041184468
0,935,0.9736601,0.077489889,0.60875164,0.041184468
0,936,0.97775291,0.077759759,0.60568605,0.041262519
0,937,0.97775291,0.077759759,0.60568605,0.041262519
0,938,0.97775291,0.077759759,0.60568605,0.041262519
0,939,0.97775291,0.077759759,0.60568605,0.041262519
0,940,0.97775291,0.077759759,0.60568605,0.041262519
0,941,0.97962655,0.077998902,0.60713479,0.040944219
0,942,0.9809458,0.077574553,0.60773503,0.041044812
0,943,0.9809458,0.077574553,0.60773503,0.041044812
0,944,0.9809458,0.077574553,0.60773503,0.041044812
0,945,0.9796257,0.077529189,0.60655503,0.041029554
0,946,0.97888862,0.077589768,0.60805332,0.040874844
0,947,0.97888862,0.077589768,0.60805332,0.040874844
0,948,0.97597691,0.077630572,0.607631,0.041166217
0,949,0.97597691,0.077630572,0.607631,0.041166217
0,950,0.97613675,0.077755565,0.60913264,0.041451397
0,951,0.97661039,0.077636381,0.60936605,0.041007152
0,952,0.97616937,0.078054395,0.60920618,0.041235431
0,953,0.976922,0.077612976,0.60569,0.041284482
0,954,0.98116593,0.077635162,0.60534278,0.041379692
0,955,0.98303857,0.078012777,0.60109825,0.041075056
0,956,0.98851937,0.078111066,0.60299032,0.040647486
0,957,0.98851937,0.078111066,0.60299032,0.040647486
0,958,0.98851937,0.078111066,0.60299032,0.040647486
0,959,0.98851937,0.078111066,0.60299032,0.040647486
0,960,0.98851937,0.078111066,0.60299032,0.040647486
0,961,0.98851937,0.078111066,0.60299032,0.040647486
0,962,0.98851937,0.078111066,0.60299032,0.040647486
0,963,0.98851937,0.078111066,0.60299032,0.040647486
0,964,0.98851937,0.078111066,0.60299032,0.040647486
0,965,0.98851937,0.078111066,0.60299032,0.040647486
0,966,0.98851937,0.078111066,0.60299032,0.040647486
0,967,0.98851937,0.078111066,0.60299032,0.040647486
0,968,0.98851937,0.078111066,0.60299032,0.040647486
0,969,0.98709278,0.078533355,0.60456388,0.040735326
0,970,0.98709278,0.078533355,0.60456388,0.040735326
0,971,0.98709278,0.078533355,0.60456388,0.040735326
0,972,0.98709278,0.078533355,0.60456388,0.040735326
0,973,0.98638455,0.077422182,0.60401658,0.040762952
0,974,0.98638455,0.077422182,0.60401658,0.040762952
0,975,0.98638455,0.077422182,0.60401658,0.040762952
0,976,0.98622794,0.078573856,0.5999684,0.040630428
0,977,0.98622794,0.078573856,0.5999684,0.040630428
0,978,0.99466023,0.078856653,0.59962483,0.040388647
0,979,0.99218459,0.078584814,0.59694816,0.040803872
0,980,0.99476413,0.078762615,0.5934562,0.040807192
0,981,0.99476413,0.078762615,0.5934562,0.040807192
0,982,0.9984032,0.078993107,0.5925295,0.040753419
0,983,0.9984032,0.078993107,0.5925295,0.040753419
0,984,0.99579586,0.080142708,0.5938345,0.040486786
0,985,0.99579586,0.080142708,0.5938345,0.040486786
0,986,0.99273121,0.078404447,0.59920704,0.040939305
0,987,0.99273121,0.078404447,0.59920704,0.040939305
0,988,0.98835937,0.078509212,0.59911199,0.040779954
0,989,0.98835937,0.078509212,0.59911199,0.040779954
0,990,0.99307167,0.078180639,0.59682369,0.04090555
0,991,0.98869017,0.077947789,0.60187814,0.0409362
0,992,0.98869017,0.077947789,0.60187814,0.0409362
0,993,0.98869017,0.077947789,0.60187814,0.0409362
0,994,0.98978131,0.077327304,0.60386734,0.040555511
0,995,0.98978131,0.077327304,0.60386734,0.040555511
0,996,0.98978131,0.077327304,0.60386734,0.040555511
0,997,0.98287798,0.077175606,0.60670498,0.04091901
0,998,0.98287798,0.077175606,0.60670498,0.04091901
0,999,0.98287798,0.077175606,0.60670498,0.04091901
0,1000,0.98287798,0.077175606,0.60670498,0.04091901
0,1001,0.98010661,0.078023606,0.60903334,0.040730171
0,1002,0.98517946,0.077328371,0.603947,0.040502792
0,1003,0.98311944,0.076845022,0.60544361,0.040729989
0,1004,0.98345829,0.076496851,0.60529843,0.041088544
0,1005,0.98352847,0.077392679,0.60645274,0.040954213
0,1006,0.98352847,0.077392679,0.60645274,0.040954213
0,1007,0.98352847,0.077392679,0.60645274,0.040954213
0,1008,0.98352847,0.077392679,0.60645274,0.040954213
0,1009,0.98352847,0.077392679,0.60645274,0.040954213
0,1010,0.98352847,0.077392679,0.60645274,0.040954213
0,1011,0.98656131,0.077626854,0.60594892,0.040979476
0,1012,0.99153619,0.077970472,0.60087625,0.041163817
0,1013,0.98442171,0.07799873,0.60760473,0.041140352
0,1014,0.98224091,0.077883461,0.60876602,0.04083677
0,1015,0.97867988,0.07776991,0.60407383,0.041296318
0,1016,0.98254923,0.078134437,0.60357696,0.041171084
0,1017,0.98254923,0.078134437,0.60357696,0.041171084
0,1018,0.98798403,0.078446676,0.60104142,0.040976574
0,1019,0.98407794,0.077989282,0.60383347,0.040895994
0,1020,0.98407794,0.077989282,0.60383347,0.040895994
0,1021,0.98407794,0.077989282,0.60383347,0.040895994
0,1022,0.98407794,0.077989282,0.60383347,0.040895994
0,1023,0.98927589,0.078224714,0.60159819,0.040959071
0,1024,0.98927589,0.078224714,0.60159819,0.040959071
0,1025,0.98927589,0.078224714,0.60159819,0.040959071
0,1026,0.98599256,0.078015837,0.60338862,0.040735743
0,1027,0.98685372,0.078596355,0.60172259,0.041076547
0,1028,0.98685372,0.078596355,0.60172259,0.041076547
0,1029,0.98685372,0.078596355,0.60172259,0.041076547
0,1030,0.98685372,0.078596355,0.60172259,0.041076547
0,1031,0.9862269,0.078813702,0.60262391,0.040812956
0,1032,0.9862269,0.078813702,0.60262391,0.040812956
0,1033,0.98268523,0.078886874,0.60190399,0.040842236
0,1034,0.98268523,0.078886874,0.60190399,0.040842236
0,1035,0.98268523,0.078886874,0.60190399,0.040842236
0,1036,0.98274946,0.078576388,0.60367578,0.040728985
0,1037,0.98274946,0.078576388,0.60367578,0.040728985
0,1038,0.98527272,0.078664384,0.5991124,0.040817109
0,1039,0.99123838,0.078914755,0.59850875,0.04099564
0,1040,0.99123838,0.078914755,0.59850875,0.04099564
0,1041,0.99010629,0.078614929,0.59993499,0.040986105
0,1042,0.98590811,0.0778568,0.60257779,0.040979287
0,1043,0.98613045,0.078131439,0.60355801,0.041210674
0,1044,0.98423193,0.07809082,0.60683981,0.041394011
0,1045,0.98026055,0.077951049,0.60371697,0.041108782
0,1046,0.97964291,0.078198636,0.60711286,0.041125085
0,1047,0.97964291,0.078198636,0.60711286,0.041125085
0,1048,0.97964291,0.078198636,0.60711286,0.041125085
0,1049,0.9773381,0.077652781,0.60528187,0.041253967
0,1050,0.9813572,0.077130648,0.60630205,0.041027353
0,1051,0.98007486,0.077718436,0.60855845,0.040727649
0,1052,0.98007486,0.077718436,0.60855845,0.040727649
0,1053,0.98344547,0.07791452,0.60408419,0.041077848
0,1054,0.98344547,0.07791452,0.60408419,0.041077848
0,1055,0.98344547,0.07791452,0.60408419,0.041077848
0,1056,0.98399672,0.07752093,0.60438563,0.041032685
0,1057,0.98865588,0.078496787,0.60357659,0.040643398
0,1058,0.98865588,0.078496787,0.60357659,0.040643398
0,1059,0.9904002,0.078972405,0.59900629,0.04038222
0,1060,0.9904002,0.078972405,0.59900629,0.04038222
0,1061,0.98641194,0.079202452,0.60060921,0.040676472
0,1062,0.99401846,0.07924389,0.5981525,0.040317515
0,1063,0.99401846,0.07924389,0.5981525,0.040317515
0,1064,0.99401846,0.07924389,0.5981525,0.040317515
0,1065,0.98974222,0.078259856,0.60053878,0.040822229
0,1066,0.99138469,0.078917037,0.59990951,0.040594738
0,1067,0.99138469,0.078917037,0.59990951,0.040594738
0,1068,0.99138469,0.078917037,0.59990951,0.040594738
0,1069,0.99138469,0.078917037,0.59990951,0.040594738
0,1070,0.98978638,0.079273306,0.59570137,0.04073624
0,1071,0.98978638,0.079273306,0.59570137,0.04073624
0,1072,0.99146632,0.079285344,0.59857359,0.040679075
0,1073,0.99317013,0.079786275,0.59876017,0.040505048
0,1074,0.99391096,0.079098484,0.59682127,0.040345956
0,1075,0.99643282,0.078713487,0.59776104,0.040685476
0,1076,0.99643282,0.078713487,0.59776104,0.040685476
0,1077,0.99100636,0.078471682,0.60069229,0.040891282
0,1078,0.99100636,0.078471682,0.60069229,0.040891282
0,1079,0.99152806,0.078349598,0.60181403,0.040498287
0,1080,0.99196532,0.079032293,0.59918227,0.040514346
0,1081,0.99196532,0.079032293,0.59918227,0.040514346
0,1082,0.99196532,0.079032293,0.59918227,0.040514346
0,1083,0.99196532,0.079032293,0.59918227,0.040514346
0,1084,0.99196532,0.079032293,0.59918227,0.040514346
0,1085,0.99196532,0.079032293,0.59918227,0.040514346
0,1086,0.99196532,0.079032293,0.59918227,0.040514346
0,1087,0.99168142,0.078976639,0.59715717,0.040816886
0,1088,0.99134949,0.079140289,0.60117163,0.040455381
0,1089,0.99108013,0.07834883,0.60358403,0.040380228
0,1090,0.99108013,0.07834883,0.60358403,0.040380228
0,1091,0.99108013,0.07834883,0.60358403,0.040380228
0,1092,0.99108013,0.07834883,0.60358403,0.040380228
0,1093,0.99243518,0.079830333,0.59801483,0.040574132
0,1094,0.99243518,0.079830333,0.59801483,0.040574132
0,1095,0.99547323,0.080321031,0.59843392,0.040461838
0,1096,0.99821481,0.078736583,0.59947783,0.040303162
0,1097,0.988337,0.079236078,0.59930922,0.040293336
0,1098,0.99595096,0.078693848,0.59840569,0.040203378
0,1099,1.000818,0.078870025,0.59699321,0.04044553
0,1100,0.99640726,0.079042986,0.59480368,0.040463436
0,1101,0.98925903,0.079200671,0.59761881,0.04061112
0,1102,0.98925903,0.079200671,0.59761881,0.04061112
0,1103,0.9900109,0.079378408,0.5987901,0.041066749
0,1104,0.9900109,0.079378408,0.5987901,0.041066749
0,1105,0.99892553,0.079741261,0.59623866,0.040416553
0,1106,0.99495157,0.07966896,0.59730885,0.040294305
0,1107,0.99621611,0.07969172,0.59623818,0.040364003
0,1108,0.99621611,0.07969172,0.59623818,0.040364003
0,1109,1.000987,0.079931571,0.59290812,0.039875723
0,1110,1.000987,0.079931571,0.59290812,0.039875723
0,1111,1.0059827,0.080666443,0.58877297,0.039871151
0,1112,1.0059827,0.080666443,0.58877297,0.039871151
0,1113,1.0036839,0.080470004,0.59141506,0.039856833
0,1114,1.0036839,0.080470004,0.59141506,0.039856833
0,1115,1.0036839,0.080470004,0.59141506,0.039856833
0,1116,1.0053056,0.080495626,0.59162162,0.039797082
0,1117,1.0137261,0.080803651,0.58836158,0.039885994
0,1118,1.0137261,0.080803651,0.58836158,0.039885994
0,1119,1.007743,0.079967767,0.58992302,0.04011507
0,1120,1.0060237,0.080281152,0.58846231,0.040366652
0,1121,1.0060237,0.080281152,0.58846231,0.040366652
0,1122,1.0079494,0.080091733,0.59182719,0.040389392
0,1123,1.0101747,0.080873359,0.58842047,0.040084429
0,1124,1.0074106,0.080157353,0.58772035,0.040182291
0,1125,1.0115726,0.080218769,0.58816362,0.040007128
0,1126,1.0115726,0.080218769,0.58816362,0.040007128
0,1127,1.0115726,0.080218769,0.58816362,0.040007128
0,1128,1.0126063,0.080437652,0.58976105,0.039773537
0,1129,1.0065711,0.08067637,0.59234665,0.039842721
0,1130,1.0065711,0.08067637,0.59234665,0.039842721
0,1131,1.0024234,0.079544585,0.59218511,0.040495435
0,1132,0.99339253,0.078816075,0.59527264,0.040700591
0,1133,1.0001719,0.079156217,0.59418501,0.040684024
0,1134,1.0001719,0.079156217,0.59418501,0.040684024
0,1135,1.0001719,0.079156217,0.59418501,0.040684024
0,1136,1.0001719,0.079156217,0.59418501,0.040684024
0,1137,1.004786,0.079869168,0.59533144,0.040397065
0,1138,0.99916577,0.079098047,0.59316602,0.040280887
0,1139,0.9987185,0.078717077,0.59470805,0.040280458
0,1140,1.0020007,0.078800192,0.59368056,0.040434929
0,1141,1.0020007,0.078800192,0.59368056,0.040434929
0,1142,1.0024749,0.079806637,0.59651164,0.04053364
0,1143,0.99665114,0.080393473,0.5957092,0.040588318
0,1144,0.99352909,0.079625891,0.59825604,0.040615056
0,1145,0.99352909,0.079625891,0.59825604,0.040615056
0,1146,0.99352909,0.079625891,0.59825604,0.040615056
0,1147,0.99890724,0.079340331,0.5964334,0.040327093
0,1148,0.99890724,0.079340331,0.5964334,0.040327093
0,1149,1.0036983,0.079590233,0.59501128,0.039998392
0,1150,1.0069041,0.079915799,0.59239381,0.039761501
0,1151,1.0069041,0.079915799,0.59239381,0.039761501
0,1152,1.0069041,0.079915799,0.59239381,0.039761501
0,1153,1.0104715,0.08028552,0.58825005,0.039743586
0,1154,1.0104715,0.08028552,0.58825005,0.039743586
0,1155,1.0104715,0.08028552,0.58825005,0.039743586
0,1156,1.0019668,0.080294289,0.59423532,0.040033286
0,1157,1.0019668,0.080294289,0.59423532,0.040033286
0,1158,1.0019668,0.080294289,0.59423532,0.040033286
0,1159,1.0019668,0.080294289,0.59423532,0.040033286
0,1160,1.0019668,0.080294289,0.59423532,0.040033286
0,1161,1.0079312,0.080374842,0.59171024,0.039769953
0,1162,1.0079758,0.080586231,0.59190827,0.039781325
0,1163,1.004726,0.081315165,0.59075137,0.039755637
0,1164,1.0081621,0.080894084,0.591413,0.040025037
0,1165,1.006143,0.080605332,0.59292489,0.03992515
0,1166,1.0094322,0.081242822,0.59111622,0.039849021
0,1167,1.0094322,0.081242822,0.59111622,0.039849021
0,1168,1.0094322,0.081242822,0.59111622,0.039849021
0,1169,1.0132182,0.080481733,0.58614536,0.039892427
0,1170,1.0132182,0.080481733,0.58614536,0.039892427
0,1171,1.0132182,0.080481733,0.58614536,0.039892427
0,1172,1.0160956,0.080777572,0.58828022,0.039736175
0,1173,1.0112989,0.080408016,0.5879352,0.039927729
0,1174,1.0112989,0.080408016,0.5879352,0.039927729
0,1175,1.0112989,0.080408016,0.5879352,0.039927729
0,1176,1.0029524,0.080840556,0.5881461,0.040060301
0,1177,1.0074691,0.080590995,0.58831871,0.040069826
0,1178,1.0074691,0.080590995,0.58831871,0.040069826
0,1179,1.0076779,0.08085992,0.58757561,0.039863161
0,1180,1.0033273,0.08093139,0.59040833,0.040043505
0,1181,1.0027403,0.081481581,0.59188563,0.04004486
0,1182,1.0062749,0.08122879,0.58703051,0.03985294
0,1183,1.0062749,0.08122879,0.58703051,0.03985294
0,1184,1.0076772,0.081471848,0.58767252,0.0402012
0,1185,1.0076772,0.081471848,0.58767252,0.0402012
0,1186,1.0076772,0.081471848,0.58767252,0.0402012
0,1187,1.006056,0.081663655,0.59104245,0.039968096
0,1188,1.0099758,0.08192399,0.59057689,0.039865036
0,1189,1.0099758,0.08192399,0.59057689,0.039865036
0,1190,1.0056594,0.081652907,0.59214034,0.039719474
0,1191,1.0056594,0.081652907,0.59214034,0.039719474
0,1192,1.0056594,0.081652907,0.59214034,0.039719474
0,1193,1.0056594,0.081652907,0.59214034,0.039719474
0,1194,1.0066959,0.081357978,0.59236203,0.039946686
0,1195,1.0052201,0.081828332,0.59163418,0.039839848
0,1196,1.0052201,0.081828332,0.59163418,0.039839848
0,1197,1.0118109,0.08135649,0.58928312,0.040034502
0,1198,1.0118109,0.08135649,0.58928312,0.040034502
0,1199,1.0139721,0.081104178,0.58735609,0.039840964
0,1200,1.0139721,0.081104178,0.58735609,0.039840964
0,1201,1.0104782,0.081591839,0.58661488,0.039916301
0,1202,1.0104782,0.081591839,0.58661488,0.039916301
0,1203,1.0085251,0.08154218,0.58866023,0.039873825
0,1204,1.0056985,0.081003846,0.58735848,0.040062516
0,1205,1.0036424,0.080367613,0.59125695,0.039762805
0,1206,1.0049775,0.080236427,0.59490722,0.040007726
0,1207,0.99658122,0.078993725,0.59622087,0.040112987
0,1208,0.99658122,0.078993725,0.59622087,0.040112987
0,1209,0.99658122,0.078993725,0.59622087,0.040112987
0,1210,0.99230254,0.07923842,0.59548128,0.040497333
0,1211,0.99230254,0.07923842,0.59548128,0.040497333
0,1212,0.99737648,0.079871459,0.59720869,0.04041513
0,1213,0.99306308,0.079772367,0.5970267,0.040481904
0,1214,0.99523081,0.079014117,0.59898652,0.040517599
0,1215,0.99523081,0.079014117,0.59898652,0.040517599
0,1216,0.99029204,0.079219905,0.60043715,0.040582739
0,1217,0.99405469,0.07922343,0.59843105,0.040561367
0,1218,0.99405469,0.07922343,0.59843105,0.040561367
0,1219,0.99405469,0.07922343,0.59843105,0.040561367
0,1220,0.98869123,0.079152114,0.60120683,0.04078081
0,1221,0.98869123,0.079152114,0.60120683,0.04078081
0,1222,0.98869123,0.079152114,0.60120683,0.04078081
0,1223,0.98830214,0.079152342,0.60261924,0.040463321
0,1224,0.98830214,0.079152342,0.60261924,0.040463321
0,1225,0.98830214,0.079152342,0.60261924,0.040463321
0,1226,0.99380494,0.078902009,0.59981296,0.040692701
0,1227,0.99380494,0.078902009,0.59981296,0.040692701
0,1228,0.99380494,0.078902009,0.59981296,0.040692701
0,1229,0.99380494,0.078902009,0.59981296,0.040692701
0,1230,0.99380494,0.078902009,0.59981296,0.040692701
0,1231,0.99380494,0.078902009,0.59981296,0.040692701
0,1232,0.99380494,0.078902009,0.59981296,0.040692701
0,1233,0.99097316,0.078987526,0.59821613,0.040631958
0,1234,0.99097316,0.078987526,0.59821613,0.040631958
0,1235,0.99096928,0.078862143,0.599039,0.040664303
0,1236,0.99571817,0.078624096,0.59801743,0.040751516
0,1237,0.99039772,0.078892634,0.60071695,0.040876105
0,1238,0.98950421,0.078607371,0.59853831,0.040810986
0,1239,0.98556338,0.078635507,0.60106616,0.040739527
0,1240,0.99468907,0.078845385,0.59815764,0.040515547
0,1241,0.99310483,0.078536844,0.5983285,0.040302957
0,1242,0.99310483,0.078536844,0.5983285,0.040302957
0,1243,1.0012858,0.078623451,0.59460774,0.040705965
0,1244,0.99309018,0.078207986,0.60075379,0.040467995
0,1245,0.98676304,0.078746921,0.60103295,0.040824751
0,1246,0.98676304,0.078746921,0.60103295,0.040824751
0,1247,0.98676304,0.078746921,0.60103295,0.040824751
0,1248,0.98984548,0.079168369,0.59877195,0.040956187
0,1249,0.98984548,0.079168369,0.59877195,0.040956187
0,1250,0.99287533,0.079437008,0.59967391,0.041005724
0,1251,0.98661084,0.079078744,0.60358407,0.040534442
0,1252,0.98589055,0.078937186,0.60151784,0.04057537
0,1253,0.98873254,0.078807834,0.59886627,0.040637409
0,1254,0.98873254,0.078807834,0.59886627,0.040637409
0,1255,0.99318202,0.079364505,0.59969389,0.040497226
0,1256,0.99318202,0.079364505,0.59969389,0.040497226
0,1257,0.99318202,0.079364505,0.59969389,0.040497226
0,1258,0.99067931,0.078895256,0.60022597,0.040542343
0,1259,0.99067931,0.078895256,0.60022597,0.040542343
0,1260,0.99067931,0.078895256,0.60022597,0.040542343
0,1261,0.99067931,0.078895256,0.60022597,0.040542343
0,1262,0.98747662,0.078363094,0.60505606,0.040622162
0,1263,0.98747662,0.078363094,0.60505606,0.040622162
0,1264,0.98520394,0.078200574,0.60569965,0.040801327
0,1265,0.98219669,0.077944746,0.60780017,0.040757046
0,1266,0.98219669,0.077944746,0.60780017,0.040757046
0,1267,0.98580129,0.077829333,0.60678273,0.040660274
0,1268,0.98348354,0.077857647,0.60169597,0.041014021
0,1269,0.98348354,0.077857647,0.60169597,0.041014021
0,1270,0.98348354,0.077857647,0.60169597,0.041014021
0,1271,0.97956784,0.077583499,0.6064573,0.041074284
0,1272,0.97956784,0.077583499,0.6064573,0.041074284
0,1273,0.98486531,0.077677553,0.608087,0.040797421
0,1274,0.9814411,0.078550082,0.60795209,0.040817332
0,1275,0.9814411,0.078550082,0.60795209,0.040817332
0,1276,0.98245836,0.079034638,0.60333299,0.040852538
0,1277,0.98245836,0.079034638,0.60333299,0.040852538
0,1278,0.98245836,0.079034638,0.60333299,0.040852538
0,1279,0.98245836,0.079034638,0.60333299,0.040852538
0,1280,0.98245836,0.079034638,0.60333299,0.040852538
0,1281,0.98738889,0.078209685,0.60387448,0.040748911
0,1282,0.98738889,0.078209685,0.60387448,0.040748911
0,1283,0.98738889,0.078209685,0.60387448,0.040748911
0,1284,0.98961689,0.07816938,0.60081142,0.040718026
0,1285,0.98961689,0.07816938,0.60081142,0.040718026
0,1286,0.98961689,0.07816938,0.60081142,0.040718026
0,1287,0.98781807,0.078528362,0.60356996,0.040464476
0,1288,0.99136068,0.078637551,0.6004629,0.040296968
0,1289,0.99136068,0.078637551,0.6004629,0.040296968
0,1290,0.99136068,0.078637551,0.6004629,0.040296968
0,1291,0.99136068,0.078637551,0.6004629,0.040296968
0,1292,0.99136068,0.078637551,0.6004629,0.040296968
0,1293,0.99136068,0.078637551,0.6004629,0.040296968
0,1294,0.99625032,0.078607336,0.59812364,0.040495098
0,1295,0.99625032,0.078607336,0.59812364,0.040495098
0,1296,0.99164582,0.078604939,0.60125522,0.040162608
0,1297,0.99409209,0.078496069,0.60221474,0.040085891
0,1298,0.99409209,0.078496069,0.60221474,0.040085891
0,1299,0.98469342,0.079002327,0.59990219,0.040608024
0,1300,0.98469342,0.079002327,0.59990219,0.040608024
0,1301,0.98637759,0.079081705,0.60177588,0.040493093
0,1302,0.98637759,0.079081705,0.60177588,0.040493093
0,1303,0.99627368,0.079023914,0.59643844,0.040321679
0,1304,0.99627368,0.079023914,0.59643844,0.040321679
0,1305,0.99812304,0.079719038,0.5961508,0.040053583
0,1306,0.99812304,0.079719038,0.5961508,0.040053583
0,1307,0.99812304,0.079719038,0.5961508,0.040053583
0,1308,0.99812304,0.079719038,0.5961508,0.040053583
0,1309,0.99812304,0.079719038,0.5961508,0.040053583
0,1310,0.99812304,0.079719038,0.5961508,0.040053583
0,1311,0.99417619,0.08026254,0.59771481,0.040250335
0,1312,0.99536915,0.080367674,0.59630113,0.040232315
0,1313,0.99536915,0.080367674,0.59630113,0.040232315
0,1314,0.99536915,0.080367674,0.59630113,0.040232315
0,1315,0.99536915,0.080367674,0.59630113,0.040232315
0,1316,0.99536915,0.080367674,0.59630113,0.040232315
0,1317,1.0051908,0.080720149,0.59082536,0.039962716
0,1318,1.0051908,0.080720149,0.59082536,0.039962716
0,1319,1.0051908,0.080720149,0.59082536,0.039962716
0,1320,1.0051908,0.080720149,0.59082536,0.039962716
0,1321,1.0051908,0.080720149,0.59082536,0.039962716
0,1322,1.0051908,0.080720149,0.59082536,0.039962716
0,1323,1.0065988,0.080752645,0.59216116,0.039704402
0,1324,1.0073753,0.080515097,0.58771516,0.039891247
0,1325,1.0073753,0.080515097,0.58771516,0.039891247
0,1326,1.0073753,0.080515097,0.58771516,0.039891247
0,1327,1.0043297,0.080846001,0.59271234,0.040305078
0,1328,1.0013621,0.080490477,0.59205652,0.040284818
0,1329,1.0064288,0.08020769,0.59048274,0.040238485
0,1330,1.0064288,0.08020769,0.59048274,0.040238485
0,1331,1.0046309,0.080957578,0.58986806,0.040214006
0,1332,1.0046309,0.080957578,0.58986806,0.040214006
0,1333,1.0046309,0.080957578,0.58986806,0.040214006
0,1334,1.0036475,0.08143323,0.59219002,0.040016146
0,1335,1.008509,0.081184371,0.59211687,0.039771674
0,1336,1.0067908,0.081586243,0.58794073,0.039968441
0,1337,1.018506,0.081592997,0.58552938,0.039809238
0,1338,1.015631,0.081310948,0.58170068,0.039788235
0,1339,1.0119801,0.081146003,0.586869,0.039556348
0,1340,1.0119801,0.081146003,0.586869,0.039556348
0,1341,1.0119801,0.081146003,0.586869,0.039556348
0,1342,1.0106265,0.080733521,0.58782785,0.039831952
0,1343,1.0155398,0.081388552,0.58640805,0.039875439
0,1344,1.0155398,0.081388552,0.58640805,0.039875439
0,1345,1.0150699,0.081096258,0.58390206,0.039689761
0,1346,1.0171005,0.081515877,0.58496894,0.039564907
0,1347,1.0171005,0.081515877,0.58496894,0.039564907
0,1348,1.0148763,0.081015776,0.58658591,0.039873743
0,1349,1.0115918,0.080920341,0.58685511,0.039784113
0,1350,1.0125924,0.080343281,0.58607551,0.039914871
0,1351,1.013419,0.081265798,0.58696696,0.039899726
0,1352,1.013419,0.081265798,0.58696696,0.039899726
0,1353,1.0093326,0.081716356,0.59066073,0.039653028
0,1354,1.0086151,0.080423065,0.5917304,0.039716885
0,1355,1.0079319,0.080411603,0.59220367,0.039877983
0,1356,1.0079319,0.080411603,0.59220367,0.039877983
0,1357,1.010726,0.080647973,0.59094433,0.040017223
0,1358,1.010726,0.080647973,0.59094433,0.040017223
0,1359,1.010726,0.080647973,0.59094433,0.040017223
0,1360,1.0063278,0.0803204,0.58794885,0.039928196
0,1361,1.0091199,0.080742679,0.5857287,0.040251451
0,1362,1.0071996,0.08016344,0.59034462,0.040397979
0,1363,1.0069596,0.080596214,0.58924188,0.04001009
0,1364,1.0069596,0.080596214,0.58924188,0.04001009
0,1365,1.0069596,0.080596214,0.58924188,0.04001009
0,1366,1.0069596,0.080596214,0.58924188,0.04001009
0,1367,1.0069596,0.080596214,0.58924188,0.04001009
0,1368,1.0069596,0.080596214,0.58924188,0.04001009
0,1369,1.0069596,0.080596214,0.58924188,0.04001009
0,1370,1.0069596,0.080596214,0.58924188,0.04001009
0,1371,1.0069596,0.080596214,0.58924188,0.04001009
0,1372,1.0099158,0.08047417,0.58962897,0.040077843
0,1373,1.0099158,0.08047417,0.58962897,0.040077843
0,1374,1.0099158,0.08047417,0.58962897,0.040077843
0,1375,1.0099158,0.08047417,0.58962897,0.040077843
0,1376,1.0099158,0.08047417,0.58962897,0.040077843
0,1377,1.0099158,0.08047417,0.58962897,0.040077843
0,1378,1.0068187,0.080317356,0.5891735,0.039787275
0,1379,1.0068187,0.080317356,0.5891735,0.039787275
0,1380,1.0068187,0.080317356,0.5891735,0.039787275
0,1381,1.0028741,0.080773866,0.58971498,0.040133516
0,1382,1.0028741,0.080773866,0.58971498,0.040133516
0,1383,1.0033989,0.080728288,0.59074179,0.040402619
0,1384,1.0069196,0.080306643,0.58913649,0.040275766
0,1385,1.0069196,0.080306643,0.58913649,0.040275766
0,1386,1.0069196,0.080306643,0.58913649,0.040275766
0,1387,1.0069196,0.080306643,0.58913649,0.040275766
0,1388,1.0069196,0.080306643,0.58913649,0.040275766
0,1389,1.0069196,0.080306643,0.58913649,0.040275766
0,1390,1.0069196,0.080306643,0.58913649,0.040275766
0,1391,1.0069196,0.080306643,0.58913649,0.040275766
0,1392,1.001512,0.079786704,0.5959212,0.040129402
0,1393,1.001512,0.079786704,0.5959212,0.040129402
0,1394,0.99521917,0.0793578,0.59632073,0.040511708
0,1395,0.99489435,0.079099626,0.59481221,0.040293495
0,1396,0.99891416,0.079978891,0.59673723,0.039856056
0,1397,1.0008799,0.08042973,0.59104531,0.040072027
0,1398,1.0048367,0.079642993,0.59502915,0.040072238
0,1399,1.0051795,0.080236811,0.5954649,0.040243595
0,1400,1.0051795,0.080236811,0.5954649,0.040243595
0,1401,1.0051795,0.080236811,0.5954649,0.040243595
0,1402,1.0051795,0.080236811,0.5954649,0.040243595
0,1403,1.0007211,0.079704016,0.59536401,0.040681465
0,1404,0.99497082,0.080201219,0.59467766,0.040704037
0,1405,0.99495106,0.079655444,0.59889162,0.040446442
0,1406,0.99495106,0.079655444,0.59889162,0.040446442
0,1407,0.99495106,0.079655444,0.59889162,0.040446442
0,1408,1.0025961,0.079769685,0.59453016,0.040396724
0,1409,1.0025961,0.079769685,0.59453016,0.040396724
0,1410,1.0025961,0.079769685,0.59453016,0.040396724
0,1411,1.0025961,0.079769685,0.59453016,0.040396724
0,1412,1.0014038,0.079756671,0.59329629,0.039932372
0,1413,1.003171,0.079648705,0.59334499,0.040019183
0,1414,1.003171,0.079648705,0.59334499,0.040019183
0,1415,1.0068544,0.079791112,0.59492197,0.039870713
0,1416,1.0108192,0.079875355,0.58963204,0.040151925
0,1417,1.0065645,0.08032134,0.59302162,0.039880164
0,1418,1.0050002,0.080618217,0.59403602,0.0398716
0,1419,1.0050002,0.080618217,0.59403602,0.0398716
0,1420,1.0050002,0.080618217,0.59403602,0.0398716
0,1421,1.0050002,0.080618217,0.59403602,0.0398716
0,1422,1.0050002,0.080618217,0.59403602,0.0398716
0,1423,1.0126035,0.080702715,0.58682669,0.040063983
0,1424,1.0126035,0.080702715,0.58682669,0.040063983
0,1425,1.0126035,0.080702715,0.58682669,0.040063983
0,1426,1.0126035,0.080702715,0.58682669,0.040063983
0,1427,1.0094527,0.07982959,0.58905675,0.040158373
0,1428,1.0094527,0.07982959,0.58905675,0.040158373
0,1429,1.0136158,0.080462842,0.58963017,0.039869842
0,1430,1.0074295,0.079847938,0.59094568,0.040007579
0,1431,1.00751,0.080924242,0.59080155,0.039842784
0,1432,1.00751,0.080924242,0.59080155,0.039842784
0,1433,1.0078558,0.080608331,0.59063749,0.039801697
0,1434,1.0049669,0.080989267,0.59219023,0.039865948
0,1435,1.008319,0.080440676,0.59191077,0.039828899
0,1436,1.008319,0.080440676,0.59191077,0.039828899
0,1437,1.008319,0.080440676,0.59191077,0.039828899
0,1438,1.0013289,0.080377322,0.59509697,0.040076989
0,1439,1.0013289,0.080377322,0.59509697,0.040076989
0,1440,1.0013289,0.080377322,0.59509697,0.040076989
0,1441,0.99486369,0.080006971,0.6006354,0.039792761
0,1442,1.0023402,0.079810074,0.59749657,0.040160132
0,1443,1.0045923,0.079755678,0.59587987,0.040126839
0,1444,1.0045923,0.079755678,0.59587987,0.040126839
0,1445,1.0045923,0.079755678,0.59587987,0.040126839
0,1446,1.0045923,0.079755678,0.59587987,0.040126839
0,1447,0.99993157,0.079258246,0.59630607,0.040187445
0,1448,1.0012725,0.08046799,0.59569616,0.040315255
0,1449,1.0012725,0.08046799,0.59569616,0.040315255
0,1450,1.0043149,0.079780721,0.59307521,0.0404668
0,1451,0.99928688,0.079707669,0.59293685,0.040551828
0,1452,0.99928688,0.079707669,0.59293685,0.040551828
0,1453,0.99928688,0.079707669,0.59293685,0.040551828
0,1454,0.99928688,0.079707669,0.59293685,0.040551828
0,1455,0.99804431,0.079460249,0.59399682,0.040493152
0,1456,0.99804431,0.079460249,0.59399682,0.040493152
0,1457,0.99527123,0.079947074,0.59794603,0.040291468
0,1458,0.99608891,0.080046761,0.59111727,0.040402829
0,1459,0.99608891,0.080046761,0.59111727,0.040402829
0,1460,1.002125,0.079806019,0.59445915,0.040505875
0,1461,1.002125,0.079806019,0.59445915,0.040505875
0,1462,1.002125,0.079806019,0.59445915,0.040505875
0,1463,1.002125,0.079806019,0.59445915,0.040505875
0,1464,1.002125,0.079806019,0.59445915,0.040505875
0,1465,1.002125,0.079806019,0.59445915,0.040505875
0,1466,0.99779083,0.080348258,0.59333182,0.040455287
0,1467,0.99717696,0.080382655,0.59521779,0.040480282
0,1468,0.99959975,0.079489875,0.59363615,0.040320431
0,1469,0.99959975,0.079489875,0.59363615,0.040320431
0,1470,0.99959975,0.079489875,0.59363615,0.040320431
0,1471,0.99959975,0.079489875,0.59363615,0.040320431
0,1472,0.99959975,0.079489875,0.59363615,0.040320431
0,1473,0.99959975,0.079489875,0.59363615,0.040320431
0,1474,0.99938394,0.079723911,0.59497251,0.040369388
0,1475,0.99938394,0.079723911,0.59497251,0.040369388
0,1476,1.0018962,0.07970826,0.59694288,0.040073284
0,1477,0.99221253,0.079354535,0.60068069,0.040436473
0,1478,0.99221253,0.079354535,0.60068069,0.040436473
0,1479,0.99347368,0.078800652,0.60158079,0.0403224
0,1480,0.98842037,0.07905267,0.60099729,0.040461028
0,1481,0.98842037,0.07905267,0.60099729,0.040461028
0,1482,0.99091579,0.078528784,0.60103859,0.040721886
0,1483,0.99113736,0.078197416,0.60142293,0.040407305
0,1484,0.99113736,0.078197416,0.60142293,0.040407305
0,1485,0.99113736,0.078197416,0.60142293,0.040407305
0,1486,0.99113736,0.078197416,0.60142293,0.040407305
0,1487,0.99113736,0.078197416,0.60142293,0.040407305
0,1488,0.99826713,0.078608194,0.59877119,0.04054458
0,1489,0.99505047,0.078423103,0.59826507,0.040554481
0,1490,0.99599679,0.078632765,0.59936456,0.040541337
0,1491,0.98749005,0.078011414,0.60597339,0.040537027
0,1492,0.98425101,0.077860609,0.60338737,0.040440935
0,1493,0.98457105,0.078369661,0.60504077,0.040638362
0,1494,0.98745231,0.078156891,0.60191567,0.040686977
0,1495,0.98745231,0.078156891,0.60191567,0.040686977
0,1496,0.99172009,0.078909364,0.60011849,0.040569329
0,1497,0.99147762,0.079456986,0.59904208,0.04057312
0,1498,0.99147762,0.079456986,0.59904208,0.04057312
0,1499,0.99024442,0.078927738,0.59941945,0.040596811
0,1500,0.99024442,0.078927738,0.59941945,0.040596811
0,1501,0.99024442,0.078927738,0.59941945,0.040596811
0,1502,0.99024442,0.078927738,0.59941945,0.040596811
0,1503,0.99024442,0.078927738,0.59941945,0.040596811
0,1504,0.99024442,0.078927738,0.59941945,0.040596811
0,1505,0.98882784,0.079071814,0.60015439,0.040993744
0,1506,0.98882784,0.079071814,0.60015439,0.040993744
0,1507,0.98836994,0.078284652,0.59900532,0.040763235
0,1508,0.99009733,0.078640542,0.60412579,0.040744967
0,1509,0.99009733,0.078640542,0.60412579,0.040744967
0,1510,0.99009733,0.078640542,0.60412579,0.040744967
0,1511,0.99342344,0.079024986,0.60337742,0.040504035
0,1512,0.98504154,0.078355997,0.60675025,0.040693957
0,1513,0.98504154,0.078355997,0.60675025,0.040693957
0,1514,0.98504154,0.078355997,0.60675025,0.040693957
0,1515,0.98504154,0.078355997,0.60675025,0.040693957
0,1516,0.98767471,0.078029391,0.60365804,0.040633734
0,1517,0.98767471,0.078029391,0.60365804,0.040633734
0,1518,0.98767471,0.078029391,0.60365804,0.040633734
0,1519,0.98767471,0.078029391,0.60365804,0.040633734
0,1520,0.98767471,0.078029391,0.60365804,0.040633734
0,1521,0.98767471,0.078029391,0.60365804,0.040633734
0,1522,0.98767471,0.078029391,0.60365804,0.040633734
0,1523,0.98767471,0.078029391,0.60365804,0.040633734
0,1524,0.98767471,0.078029391,0.60365804,0.040633734
0,1525,0.99380688,0.078589007,0.59898296,0.040546053
0,1526,0.98849513,0.078792129,0.6034077,0.040996187
0,1527,0.98849513,0.078792129,0.6034077,0.040996187
0,1528,0.98849513,0.078792129,0.6034077,0.040996187
0,1529,0.98849513,0.078792129,0.6034077,0.040996187
0,1530,0.98537881,0.077961371,0.60487266,0.040573568
0,1531,0.98537881,0.077961371,0.60487266,0.040573568
0,1532,0.98537881,0.077961371,0.60487266,0.040573568
0,1533,0.98537881,0.077961371,0.60487266,0.040573568
0,1534,0.98537881,0.077961371,0.60487266,0.040573568
0,1535,0.98184631,0.077323768,0.60884996,0.041148917
0,1536,0.9831903,0.078278218,0.60195636,0.041345645
0,1537,0.97860019,0.076897705,0.60783988,0.041504635
0,1538,0.97600558,0.077715029,0.60866857,0.04157642
0,1539,0.97600558,0.077715029,0.60866857,0.04157642
0,1540,0.97727894,0.077483868,0.60660485,0.041745854
0,1541,0.97414915,0.077316733,0.61074835,0.041748861
0,1542,0.97197576,0.076649994,0.6098804,0.041382712
0,1543,0.97197576,0.076649994,0.6098804,0.041382712
0,1544,0.97178657,0.076834023,0.61463903,0.041486171
0,1545,0.97699326,0.07646235,0.60811389,0.041412802
0,1546,0.97699326,0.07646235,0.60811389,0.041412802
0,1547,0.98137862,0.077794888,0.60897949,0.041032497
0,1548,0.98111106,0.077057208,0.60425117,0.041210938
0,1549,0.97725387,0.077320024,0.60944977,0.040987831
0,1550,0.97725387,0.077320024,0.60944977,0.040987831
0,1551,0.97725387,0.077320024,0.60944977,0.040987831
0,1552,0.97725387,0.077320024,0.60944977,0.040987831
0,1553,0.97725387,0.077320024,0.60944977,0.040987831
0,1554,0.98135568,0.076986661,0.606266,0.041255827
0,1555,0.98084663,0.077190514,0.60493623,0.041370191
0,1556,0.97424324,0.076945849,0.6105822,0.041095586
0,1557,0.97424324,0.076945849,0.6105822,0.041095586
0,1558,0.98034996,0.077003658,0.6102442,0.041227046
0,1559,0.98034996,0.077003658,0.6102442,0.041227046
0,1560,0.9783494,0.077361272,0.61111041,0.041296928
0,1561,0.97901764,0.077022747,0.60936258,0.041295979
0,1562,0.97728395,0.077108877,0.60907165,0.041402262
0,1563,0.97650874,0.077204247,0.60790144,0.041063969
0,1564,0.97650874,0.077204247,0.60790144,0.041063969
0,1565,0.9781369,0.077411199,0.60803188,0.04114615
0,1566,0.9781369,0.077411199,0.60803188,0.04114615
0,1567,0.9781369,0.077411199,0.60803188,0.04114615
0,1568,0.9781369,0.077411199,0.60803188,0.04114615
0,1569,0.9781369,0.077411199,0.60803188,0.04114615
0,1570,0.9781369,0.077411199,0.60803188,0.04114615
0,1571,0.9781369,0.077411199,0.60803188,0.04114615
0,1572,0.9781369,0.077411199,0.60803188,0.04114615
0,1573,0.97804773,0.077618483,0.6096716,0.041054661
0,1574,0.97804773,0.077618483,0.6096716,0.041054661
0,1575,0.97804773,0.077618483,0.6096716,0.041054661
0,1576,0.97982296,0.077717965,0.60848144,0.041111974
0,1577,0.97982296,0.077717965,0.60848144,0.041111974
0,1578,0.97982296,0.077717965,0.60848144,0.041111974
0,1579,0.97982296,0.077717965,0.60848144,0.041111974
0,1580,0.98385618,0.07729297,0.60395447,0.041106844
0,1581,0.98385618,0.07729297,0.60395447,0.041106844
0,1582,0.98780626,0.078226019,0.60379664,0.041094826
0,1583,0.98566263,0.077785123,0.60698898,0.040778095
0,1584,0.98566263,0.077785123,0.60698898,0.040778095
0,1585,0.98259905,0.078259277,0.60391998,0.040806165
0,1586,0.98259905,0.078259277,0.60391998,0.040806165
0,1587,0.98615367,0.07884305,0.60445165,0.040773044
0,1588,0.98469795,0.078372954,0.60098201,0.040988113
0,1589,0.98469795,0.078372954,0.60098201,0.040988113
0,1590,0.97811775,0.078706819,0.60680149,0.040806592
0,1591,0.97811775,0.078706819,0.60680149,0.040806592
0,1592,0.97876756,0.079437245,0.60419521,0.040513214
0,1593,0.97876756,0.079437245,0.60419521,0.040513214
0,1594,0.98307285,0.076851618,0.60507656,0.040997974
0,1595,0.98307285,0.076851618,0.60507656,0.040997974
0,1596,0.99190069,0.077901803,0.60380353,0.040834237
0,1597,0.9824888,0.077600236,0.60356099,0.04091796
0,1598,0.98100256,0.078189619,0.60563476,0.040883815
0,1599,0.98100256,0.078189619,0.60563476,0.040883815
0,1600,0.97957035,0.078087706,0.60738522,0.040816614
0,1601,0.97957035,0.078087706,0.60738522,0.040816614
0,1602,0.9831643,0.077626172,0.60645709,0.040835078
0,1603,0.98334424,0.07741337,0.60663216,0.040986122
0,1604,0.98334424,0.07741337,0.60663216,0.040986122
0,1605,0.98141098,0.07747194,0.60648459,0.040779555
0,1606,0.9855762,0.07732144,0.60642852,0.040778743
0,1607,0.98749951,0.077899885,0.60110709,0.040603091
0,1608,0.98749951,0.077899885,0.60110709,0.040603091
0,1609,0.98749951,0.077899885,0.60110709,0.040603091
0,1610,0.99016253,0.078200921,0.60001916,0.040397507
0,1611,0.99207837,0.078522088,0.60050764,0.04064586
0,1612,0.99207837,0.078522088,0.60050764,0.04064586
0,1613,0.99207837,0.078522088,0.60050764,0.04064586
0,1614,0.99526751,0.078649773,0.60033512,0.040453609
0,1615,0.99526751,0.078649773,0.60033512,0.040453609
0,1616,0.99526751,0.078649773,0.60033512,0.040453609
0,1617,0.99526751,0.078649773,0.60033512,0.040453609
0,1618,0.99526751,0.078649773,0.60033512,0.040453609
0,1619,0.99459044,0.078986901,0.59681303,0.040707861
0,1620,0.99459044,0.078986901,0.59681303,0.040707861
0,1621,0.99326693,0.078635812,0.59900543,0.040746625
0,1622,0.99326693,0.078635812,0.59900543,0.040746625
0,1623,0.99310684,0.079484321,0.60008308,0.040396422
0,1624,0.99055841,0.079321426,0.59930131,0.04022318
0,1625,0.99431956,0.078832616,0.60203746,0.040474273
0,1626,0.99221282,0.079288205,0.60117594,0.04066646
0,1627,0.99182787,0.079498397,0.5994827,0.0407443
0,1628,0.99182787,0.079498397,0.5994827,0.0407443
0,1629,0.99650101,0.078399614,0.59665509,0.040606212
0,1630,0.99650101,0.078399614,0.59665509,0.040606212
0,1631,0.99650101,0.078399614,0.59665509,0.040606212
0,1632,0.98516663,0.078121741,0.59935022,0.040977639
0,1633,0.987034,0.078383123,0.599109,0.041177015
0,1634,0.98737786,0.07804107,0.60162996,0.040862422
0,1635,0.98737786,0.07804107,0.60162996,0.040862422
0,1636,0.98737786,0.07804107,0.60162996,0.040862422
0,1637,0.98674882,0.078140683,0.60378732,0.040751501
0,1638,0.98674882,0.078140683,0.60378732,0.040751501
0,1639,0.98674882,0.078140683,0.60378732,0.040751501
0,1640,0.98868022,0.078650318,0.60190088,0.040701329
0,1641,0.98868022,0.078650318,0.60190088,0.040701329
0,1642,0.98868022,0.078650318,0.60190088,0.040701329
0,1643,0.98868022,0.078650318,0.60190088,0.040701329
0,1644,0.99435129,0.079196505,0.59826082,0.040291488
0,1645,0.99435129,0.079196505,0.59826082,0.040291488
0,1646,0.99635605,0.079781391,0.59904503,0.039900396
0,1647,0.99512515,0.078952269,0.60146162,0.040372716
0,1648,1.0000097,0.079011997,0.59549874,0.040554357
0,1649,0.9977624,0.079178159,0.59377282,0.040360771
0,1650,0.9977624,0.079178159,0.59377282,0.040360771
0,1651,0.9945034,0.079505223,0.59421192,0.040626735
0,1652,0.99367432,0.079424405,0.597151,0.040507198
0,1653,0.98603339,0.079148951,0.60222988,0.04076528
0,1654,0.98603339,0.079148951,0.60222988,0.04076528
0,1655,0.98603339,0.079148951,0.60222988,0.04076528
0,1656,0.99288675,0.079435086,0.59772986,0.040796649
0,1657,0.99288675,0.079435086,0.59772986,0.040796649
0,1658,0.99127397,0.078885637,0.6030606,0.040469706
0,1659,0.99127397,0.078885637,0.6030606,0.040469706
0,1660,0.99127397,0.078885637,0.6030606,0.040469706
0,1661,0.98467842,0.078794339,0.60343339,0.040507437
0,1662,0.98467842,0.078794339,0.60343339,0.040507437
0,1663,0.98467842,0.078794339,0.60343339,0.040507437
0,1664,0.98960107,0.07843792,0.60693379,0.040630127
0,1665,0.98333835,0.077522873,0.60082944,0.040996203
0,1666,0.97735449,0.07736653,0.60539818,0.041127671
0,1667,0.97614432,0.076949819,0.60801958,0.040996045
0,1668,0.97614432,0.076949819,0.60801958,0.040996045
0,1669,0.97614432,0.076949819,0.60801958,0.040996045
0,1670,0.97465974,0.07735983,0.60806882,0.040925051
0,1671,0.9819806,0.076966723,0.60462228,0.041142732
0,1672,0.98973708,0.077713261,0.60239378,0.040764071
0,1673,0.98777626,0.07819608,0.59874082,0.040927585
0,1674,0.99033627,0.078729244,0.59942929,0.040576755
0,1675,0.98679359,0.078623794,0.60142321,0.040783699
0,1676,0.98679359,0.078623794,0.60142321,0.040783699
0,1677,0.98717649,0.077995137,0.60139166,0.040622429
0,1678,0.98698597,0.078281415,0.60151099,0.040928883
0,1679,0.98698597,0.078281415,0.60151099,0.040928883
0,1680,0.98698597,0.078281415,0.60151099,0.040928883
0,1681,0.98698597,0.078281415,0.60151099,0.040928883
0,1682,0.98698597,0.078281415,0.60151099,0.040928883
0,1683,0.98698597,0.078281415,0.60151099,0.040928883
0,1684,0.98698597,0.078281415,0.60151099,0.040928883
0,1685,0.98578504,0.078488017,0.60170787,0.040785676
0,1686,0.99400259,0.078606488,0.59836768,0.040956188
0,1687,0.99400834,0.078405883,0.60101817,0.040297364
0,1688,0.99400834,0.078405883,0.60101817,0.040297364
0,1689,0.99400834,0.078405883,0.60101817,0.040297364
0,1690,0.99350305,0.078534174,0.60118348,0.040322851
0,1691,0.99350305,0.078534174,0.60118348,0.040322851
0,1692,0.9910908,0.079135588,0.60328453,0.040383631
0,1693,0.9910908,0.079135588,0.60328453,0.040383631
0,1694,0.99204293,0.078737463,0.60239254,0.040425206
0,1695,0.99440984,0.079038766,0.59979239,0.04014839
0,1696,0.99916559,0.079629627,0.59622809,0.040158155
0,1697,1.0012741,0.079857954,0.59500019,0.040185337
0,1698,1.00107,0.080153066,0.59246972,0.039979259
0,1699,1.00107,0.080153066,0.59246972,0.039979259
0,1700,1.002731,0.080730993,0.59229883,0.039827225
0,1701,1.002731,0.080730993,0.59229883,0.039827225
0,1702,1.002731,0.080730993,0.59229883,0.039827225
0,1703,1.0015635,0.080927038,0.59189482,0.039898237
0,1704,1.0015635,0.080927038,0.59189482,0.039898237
0,1705,1.0004853,0.081262495,0.59349507,0.040119626
0,1706,1.0034904,0.080396741,0.59553616,0.040311959
0,1707,1.0034904,0.080396741,0.59553616,0.040311959
0,1708,1.0034904,0.080396741,0.59553616,0.040311959
0,1709,0.99730814,0.081042591,0.59417891,0.040138295
0,1710,0.99730814,0.081042591,0.59417891,0.040138295
0,1711,0.99730814,0.081042591,0.59417891,0.040138295
0,1712,0.99707253,0.080670648,0.59192697,0.040413642
0,1713,0.99733103,0.080013239,0.59356991,0.040564571
0,1714,0.993385,0.078462609,0.5996457,0.040356476
0,1715,0.99685857,0.078920145,0.59414534,0.040138469
0,1716,0.99685857,0.078920145,0.59414534,0.040138469
0,1717,0.99604232,0.079525188,0.59437828,0.040703243
0,1718,0.99604232,0.079525188,0.59437828,0.040703243
0,1719,0.99940066,0.079821682,0.59246581,0.040553708
0,1720,0.99940066,0.079821682,0.59246581,0.040553708
0,1721,0.99940066,0.079821682,0.59246581,0.040553708
0,1722,0.99853134,0.079166485,0.5968267,0.040486423
0,1723,0.99853134,0.079166485,0.5968267,0.040486423
0,1724,0.99853134,0.079166485,0.5968267,0.040486423
0,1725,1.0008736,0.079287595,0.5945858,0.040618999
0,1726,1.0008736,0.079287595,0.5945858,0.040618999
0,1727,0.99939254,0.079839374,0.59739289,0.04035473
0,1728,0.99010352,0.079243857,0.60212354,0.040036704
0,1729,0.98674223,0.079229901,0.60203453,0.040220367
0,1730,0.99882211,0.079789727,0.5964621,0.040133653
0,1731,0.99473245,0.079571365,0.5985674,0.04035235
0,1732,0.99649334,0.079539143,0.59802429,0.03981918
0,1733,0.99957374,0.079597188,0.59580215,0.039820348
0,1734,1.0009335,0.079829283,0.59854864,0.040095222
0,1735,0.9934887,0.07882297,0.60363666,0.039968322
0,1736,0.99604077,0.078719792,0.59622912,0.040436687
0,1737,0.99604077,0.078719792,0.59622912,0.040436687
0,1738,0.99604077,0.078719792,0.59622912,0.040436687
0,1739,0.99604077,0.078719792,0.59622912,0.040436687
0,1740,0.9961618,0.079240157,0.5947204,0.040606116
0,1741,0.99472558,0.079702945,0.59664557,0.040493551
0,1742,0.99472558,0.079702945,0.59664557,0.040493551
0,1743,0.99472558,0.079702945,0.59664557,0.040493551
0,1744,0.99472558,0.079702945,0.59664557,0.040493551
0,1745,0.99472558,0.079702945,0.59664557,0.040493551
0,1746,0.99472558,0.079702945,0.59664557,0.040493551
0,1747,0.98999086,0.079572665,0.59751256,0.040639578
0,1748,0.98999086,0.079572665,0.59751256,0.040639578
0,1749,0.98999086,0.079572665,0.59751256,0.040639578
0,1750,0.99214279,0.079563997,0.59804556,0.040846033
0,1751,0.99214279,0.079563997,0.59804556,0.040846033
0,1752,0.99214279,0.079563997,0.59804556,0.040846033
0,1753,0.99214279,0.079563997,0.59804556,0.040846033
0,1754,0.99214279,0.079563997,0.59804556,0.040846033
0,1755,0.99436637,0.079322631,0.59623509,0.040684018
0,1756,0.99436637,0.079322631,0.59623509,0.040684018
0,1757,0.99227925,0.07888377,0.59719176,0.040751559
0,1758,0.99227925,0.07888377,0.59719176,0.040751559
0,1759,0.99227925,0.07888377,0.59719176,0.040751559
0,1760,0.9930108,0.07976218,0.59922945,0.040202607
0,1761,0.99546975,0.079353087,0.59844385,0.040440256
0,1762,0.99546975,0.079353087,0.59844385,0.040440256
0,1763,0.9953514,0.079370879,0.59766404,0.040479218
0,1764,0.9953514,0.079370879,0.59766404,0.040479218
0,1765,0.9953514,0.079370879,0.59766404,0.040479218
0,1766,0.99645103,0.079510402,0.59737715,0.040475014
0,1767,0.99645103,0.079510402,0.59737715,0.040475014
0,1768,0.99937303,0.080430922,0.59359271,0.040236229
0,1769,0.99937303,0.080430922,0.59359271,0.040236229
0,1770,0.99937303,0.080430922,0.59359271,0.040236229
0,1771,0.99937303,0.080430922,0.59359271,0.040236229
0,1772,0.99937303,0.080430922,0.59359271,0.040236229
0,1773,0.99909433,0.079728397,0.59755001,0.040363748
0,1774,0.99909433,0.079728397,0.59755001,0.040363748
0,1775,0.99556823,0.079749634,0.60034202,0.04007858
0,1776,1.0038326,0.080464016,0.59406228,0.040000862
0,1777,0.99746479,0.079941111,0.59641712,0.04004231
0,1778,0.99746479,0.079941111,0.59641712,0.04004231
0,1779,1.0017711,0.080126405,0.59229227,0.04050975
0,1780,1.0017711,0.080126405,0.59229227,0.04050975
0,1781,1.0017711,0.080126405,0.59229227,0.04050975
0,1782,1.0017711,0.080126405,0.59229227,0.04050975
0,1783,1.0017711,0.080126405,0.59229227,0.04050975
0,1784,1.0017711,0.080126405,0.59229227,0.04050975
0,1785,1.0017711,0.080126405,0.59229227,0.04050975
0,1786,1.0017711,0.080126405,0.59229227,0.04050975
0,1787,1.0017711,0.080126405,0.59229227,0.04050975
0,1788,0.99847888,0.08028923,0.59459291,0.040464716
0,1789,1.0009657,0.080219173,0.59640842,0.040240878
0,1790,0.99574501,0.080158323,0.59648397,0.040118733
0,1791,0.99574501,0.080158323,0.59648397,0.040118733
0,1792,0.99574501,0.080158323,0.59648397,0.040118733
0,1793,0.99574501,0.080158323,0.59648397,0.040118733
0,1794,0.99574501,0.080158323,0.59648397,0.040118733
0,1795,1.0007421,0.079695854,0.59373463,0.040135202
0,1796,1.001568,0.079449888,0.59306962,0.040679628
0,1797,1.001568,0.079449888,0.59306962,0.040679628
0,1798,1.0023427,0.079556568,0.59171029,0.040494352
0,1799,0.99823216,0.08004323,0.59425753,0.040527826
0,1800,0.99823216,0.08004323,0.59425753,0.040527826
0,1801,0.99823216,0.08004323,0.59425753,0.040527826
0,1802,0.99823216,0.08004323,0.59425753,0.040527826
0,1803,0.99823216,0.08004323,0.59425753,0.040527826
0,1804,0.99823216,0.08004323,0.59425753,0.040527826
0,1805,0.99823216,0.08004323,0.59425753,0.040527826
0,1806,0.99823216,0.08004323,0.59425753,0.040527826
0,1807,0.99823216,0.08004323,0.59425753,0.040527826
0,1808,0.99823216,0.08004323,0.59425753,0.040527826
0,1809,1.0029424,0.080167343,0.59031429,0.040185026
0,1810,1.0029424,0.080167343,0.59031429,0.040185026
0,1811,1.0029424,0.080167343,0.59031429,0.040185026
0,1812,0.99433847,0.07990483,0.59693882,0.040224753
0,1813,0.99433847,0.07990483,0.59693882,0.040224753
0,1814,0.99781,0.079329329,0.59742746,0.039980472
0,1815,0.99781,0.079329329,0.59742746,0.039980472
0,1816,0.99781,0.079329329,0.59742746,0.039980472
0,1817,0.99781,0.079329329,0.59742746,0.039980472
0,1818,0.99781,0.079329329,0.59742746,0.039980472
0,1819,0.99163006,0.080014334,0.6007538,0.039953447
0,1820,0.9903605,0.079078168,0.60058282,0.03985375
0,1821,0.99654473,0.078651346,0.59864468,0.04003133
0,1822,0.99654473,0.078651346,0.59864468,0.04003133
0,1823,0.99946501,0.078757036,0.59611335,0.040561022
0,1824,0.99790199,0.079125437,0.59498023,0.040847672
0,1825,0.99446327,0.079700047,0.59825212,0.040573401
0,1826,0.99446327,0.079700047,0.59825212,0.040573401
0,1827,0.99493992,0.078758733,0.59834571,0.040439351
0,1828,0.99493992,0.078758733,0.59834571,0.040439351
0,1829,0.99466535,0.079546802,0.59899464,0.040499819
0,1830,0.99385778,0.079971174,0.60013011,0.040192581
0,1831,0.99385778,0.079971174,0.60013011,0.040192581
0,1832,0.99724763,0.080272164,0.59617809,0.040258349
0,1833,0.99633451,0.079726365,0.59576389,0.040081353
0,1834,0.99633451,0.079726365,0.59576389,0.040081353
0,1835,0.99523065,0.079553357,0.59628789,0.040187527
0,1836,0.99523065,0.079553357,0.59628789,0.040187527
0,1837,0.99523065,0.079553357,0.59628789,0.040187527
0,1838,0.99523065,0.079553357,0.59628789,0.040187527
0,1839,0.99523065,0.079553357,0.59628789,0.040187527
0,1840,0.9972079,0.079425761,0.59865338,0.040250584
0,1841,0.99372238,0.079709051,0.59694029,0.040435562
0,1842,0.99372238,0.079709051,0.59694029,0.040435562
0,1843,1.0027205,0.07996737,0.59276233,0.040113485
0,1844,1.0027205,0.07996737,0.59276233,0.040113485
0,1845,1.0027205,0.07996737,0.59276233,0.040113485
0,1846,1.0031199,0.080410701,0.59160594,0.040286708
0,1847,1.0062182,0.080851561,0.586883,0.040139484
0,1848,1.002962,0.080742882,0.58879275,0.040363228
0,1849,1.0033247,0.080269531,0.59220375,0.039947434
0,1850,1.0033247,0.080269531,0.59220375,0.039947434
0,1851,1.0021435,0.07983237,0.59417742,0.040033766
0,1852,1.0002971,0.079680131,0.5934652,0.040064062
0,1853,1.0002971,0.079680131,0.5934652,0.040064062
0,1854,1.0002971,0.079680131,0.5934652,0.040064062
0,1855,1.0002971,0.079680131,0.5934652,0.040064062
0,1856,1.0002971,0.079680131,0.5934652,0.040064062
0,1857,1.0063065,0.080217986,0.59218441,0.040192929
0,1858,0.9977878,0.079898115,0.59660539,0.040471016
0,1859,0.9977878,0.079898115,0.59660539,0.040471016
0,1860,0.9977878,0.079898115,0.59660539,0.040471016
0,1861,0.9977878,0.079898115,0.59660539,0.040471016
0,1862,0.9977878,0.079898115,0.59660539,0.040471016
0,1863,0.99408958,0.079549381,0.59798489,0.040602428
0,1864,0.99341266,0.07939382,0.59980458,0.040143875
0,1865,0.99473966,0.079752134,0.59560003,0.040419383
0,1866,0.99177972,0.078883403,0.59654938,0.040865016
0,1867,0.99177972,0.078883403,0.59654938,0.040865016
0,1868,0.99177972,0.078883403,0.59654938,0.040865016
0,1869,0.98856732,0.07906918,0.60427569,0.040678705
0,1870,0.98856732,0.07906918,0.60427569,0.040678705
0,1871,0.98578581,0.078769333,0.60244488,0.041023086
0,1872,0.98906098,0.078865989,0.60191012,0.041045779
0,1873,0.98906098,0.078865989,0.60191012,0.041045779
0,1874,0.98906098,0.078865989,0.60191012,0.041045779
0,1875,0.98906098,0.078865989,0.60191012,0.041045779
0,1876,0.98906098,0.078865989,0.60191012,0.041045779
0,1877,0.99314384,0.079082978,0.5994564,0.040341173
0,1878,0.99038803,0.078722154,0.5993867,0.040531815
0,1879,0.99011062,0.078515372,0.60028752,0.040793302
0,1880,0.99011062,0.078515372,0.60028752,0.040793302
0,1881,0.99011062,0.078515372,0.60028752,0.040793302
0,1882,0.9857937,0.078456764,0.60436198,0.041015203
0,1883,0.9857937,0.078456764,0.60436198,0.041015203
0,1884,0.9857937,0.078456764,0.60436198,0.041015203
0,1885,0.9857937,0.078456764,0.60436198,0.041015203
0,1886,0.9857937,0.078456764,0.60436198,0.041015203
0,1887,0.9857937,0.078456764,0.60436198,0.041015203
0,1888,0.9857937,0.078456764,0.60436198,0.041015203
0,1889,0.98655465,0.078217674,0.60356095,0.040903577
0,1890,0.98655465,0.078217674,0.60356095,0.040903577
0,1891,0.98625758,0.077985103,0.60409439,0.040666963
0,1892,0.98440956,0.07863789,0.60294794,0.040658638
0,1893,0.98440956,0.07863789,0.60294794,0.040658638
0,1894,0.98440956,0.07863789,0.60294794,0.040658638
0,1895,0.98440956,0.07863789,0.60294794,0.040658638
0,1896,0.98294145,0.07811195,0.60421565,0.041101879
0,1897,0.98294145,0.07811195,0.60421565,0.041101879
0,1898,0.99286418,0.078537471,0.59878049,0.040791494
0,1899,0.99286418,0.078537471,0.59878049,0.040791494
0,1900,0.98660105,0.078171075,0.60191175,0.040761217
0,1901,0.98660105,0.078171075,0.60191175,0.040761217
0,1902,0.98868362,0.078106451,0.60377978,0.040626564
0,1903,0.9857258,0.077729194,0.60490293,0.040728529
0,1904,0.9857258,0.077729194,0.60490293,0.040728529
0,1905,0.98502166,0.078357958,0.60619609,0.040516063
0,1906,0.98502166,0.078357958,0.60619609,0.040516063
0,1907,0.98502166,0.078357958,0.60619609,0.040516063
0,1908,0.98698736,0.077868466,0.60332573,0.040425864
0,1909,0.98698736,0.077868466,0.60332573,0.040425864
0,1910,0.98318435,0.078115661,0.60604414,0.041035086
0,1911,0.98318435,0.078115661,0.60604414,0.041035086
0,1912,0.98591422,0.077688216,0.60057383,0.040923878
0,1913,0.98591422,0.077688216,0.60057383,0.040923878
0,1914,0.98591422,0.077688216,0.60057383,0.040923878
0,1915,0.98591422,0.077688216,0.60057383,0.040923878
0,1916,0.99415318,0.0787631,0.5972031,0.040828745
0,1917,0.99230974,0.078466406,0.59835669,0.040714525
0,1918,0.99230974,0.078466406,0.59835669,0.040714525
0,1919,0.99230974,0.078466406,0.59835669,0.040714525
0,1920,0.99230974,0.078466406,0.59835669,0.040714525
0,1921,0.99230974,0.078466406,0.59835669,0.040714525
0,1922,0.9902096,0.07842664,0.59799322,0.040528907
0,1923,0.99261363,0.078365323,0.5985141,0.040330538
0,1924,0.99261363,0.078365323,0.5985141,0.040330538
0,1925,0.99012264,0.07843324,0.60299124,0.040371999
0,1926,0.98543027,0.077684847,0.60378423,0.040625681
0,1927,0.97251162,0.077338668,0.6104027,0.041354526
0,1928,0.97800039,0.076852081,0.60718029,0.041503634
0,1929,0.97800039,0.076852081,0.60718029,0.041503634
0,1930,0.97800039,0.076852081,0.60718029,0.041503634
0,1931,0.97800039,0.076852081,0.60718029,0.041503634
0,1932,0.97800039,0.076852081,0.60718029,0.041503634
0,1933,0.97852822,0.07616453,0.61093663,0.040972291
0,1934,0.97852822,0.07616453,0.61093663,0.040972291
0,1935,0.97837531,0.076365944,0.61283825,0.040941726
0,1936,0.97837531,0.076365944,0.61283825,0.040941726
0,1937,0.97169129,0.076439208,0.61198174,0.041239997
0,1938,0.97390985,0.076932578,0.61126629,0.041165661
0,1939,0.97390985,0.076932578,0.61126629,0.041165661
0,1940,0.97374716,0.077555708,0.61106165,0.041151285
0,1941,0.97374716,0.077555708,0.61106165,0.041151285
0,1942,0.97374716,0.077555708,0.61106165,0.041151285
0,1943,0.97374716,0.077555708,0.61106165,0.041151285
0,1944,0.97374716,0.077555708,0.61106165,0.041151285
0,1945,0.97374716,0.077555708,0.61106165,0.041151285
0,1946,0.97374716,0.077555708,0.61106165,0.041151285
0,1947,0.97369182,0.076830333,0.61267495,0.041298013
0,1948,0.9758074,0.076880533,0.60979435,0.041250622
0,1949,0.9758074,0.076880533,0.60979435,0.041250622
0,1950,0.9758074,0.076880533,0.60979435,0.041250622
0,1951,0.9758074,0.076880533,0.60979435,0.041250622
0,1952,0.97418988,0.077221966,0.6104134,0.041180042
0,1953,0.97418988,0.077221966,0.6104134,0.041180042
0,1954,0.97418988,0.077221966,0.6104134,0.041180042
0,1955,0.97526619,0.077902962,0.60944355,0.040982182
0,1956,0.97526619,0.077902962,0.60944355,0.040982182
0,1957,0.97868503,0.077765891,0.61032581,0.041013293
0,1958,0.98340789,0.078317123,0.60627283,0.040776229
0,1959,0.98340789,0.078317123,0.60627283,0.040776229
0,1960,0.98168963,0.078381654,0.60458549,0.040891899
0,1961,0.98168963,0.078381654,0.60458549,0.040891899
0,1962,0.98168963,0.078381654,0.60458549,0.040891899
0,1963,0.98766362,0.079123386,0.60259854,0.040641503
0,1964,0.98766362,0.079123386,0.60259854,0.040641503
0,1965,0.98766362,0.079123386,0.60259854,0.040641503
0,1966,0.99647256,0.079011962,0.59976105,0.04050776
0,1967,0.99232499,0.079254896,0.59425701,0.040592562
0,1968,0.99342897,0.079842269,0.59819291,0.040555532
0,1969,0.99342897,0.079842269,0.59819291,0.040555532
0,1970,0.99342897,0.079842269,0.59819291,0.040555532
0,1971,0.99342897,0.079842269,0.59819291,0.040555532
0,1972,0.99957358,0.079761157,0.59646138,0.040261383
0,1973,0.99957358,0.079761157,0.59646138,0.040261383
0,1974,0.99646921,0.079688179,0.59899107,0.040116098
0,1975,0.99646921,0.079688179,0.59899107,0.040116098
0,1976,0.99477647,0.079692627,0.5954058,0.040419208
0,1977,0.98808851,0.079279647,0.59976575,0.04048149
0,1978,0.98734098,0.078130654,0.60400943,0.040621669
0,1979,0.98918933,0.078892895,0.59888576,0.040886467
0,1980,0.98918933,0.078892895,0.59888576,0.040886467
0,1981,0.98778467,0.07900374,0.60121949,0.040775829
0,1982,0.98778467,0.07900374,0.60121949,0.040775829
0,1983,0.98778467,0.07900374,0.60121949,0.040775829
0,1984,0.98778467,0.07900374,0.60121949,0.040775829
0,1985,0.98778467,0.07900374,0.60121949,0.040775829
0,1986,0.99403522,0.07906846,0.59655698,0.040302814
0,1987,0.99403522,0.07906846,0.59655698,0.040302814
0,1988,0.99010372,0.079674409,0.60142687,0.040521564
0,1989,0.99010372,0.079674409,0.60142687,0.040521564
0,1990,0.98863345,0.078956311,0.59996183,0.040352125
0,1991,0.99450545,0.079394067,0.59839628,0.040372853
0,1992,0.99450545,0.079394067,0.59839628,0.040372853
0,1993,0.99450545,0.079394067,0.59839628,0.040372853
0,1994,0.99359229,0.079125304,0.60169905,0.040248407
0,1995,0.99359229,0.079125304,0.60169905,0.040248407
0,1996,0.99359229,0.079125304,0.60169905,0.040248407
0,1997,0.99359229,0.079125304,0.60169905,0.040248407
0,1998,1.0026894,0.079557985,0.59645263,0.040300829
0,1999,1.0000485,0.079964461,0.59237898,0.040434801
0,2000,1.0062726,0.080000241,0.59029034,0.040115974
0,2001,1.0062726,0.080000241,0.59029034,0.040115974
0,2002,1.0062726,0.080000241,0.59029034,0.040115974
0,2003,1.0062726,0.080000241,0.59029034,0.040115974
0,2004,1.0093867,0.080867051,0.58610924,0.039999804
0,2005,1.0107601,0.080856547,0.59185569,0.039681441
0,2006,1.0107601,0.080856547,0.59185569,0.039681441
0,2007,1.0036035,0.080187626,0.59532765,0.039875323
0,2008,1.0036035,0.080187626,0.59532765,0.039875323
0,2009,1.0027197,0.080214897,0.59021534,0.040241905
0,2010,0.99942019,0.07989527,0.59272662,0.040035105
0,2011,1.0016542,0.081040351,0.5906896,0.040106928
0,2012,1.0027017,0.081003968,0.58953851,0.040052015
0,2013,1.0027017,0.081003968,0.58953851,0.040052015
0,2014,1.0027017,0.081003968,0.58953851,0.040052015
0,2015,1.0046204,0.081337628,0.59179444,0.039813182
0,2016,1.0046204,0.081337628,0.59179444,0.039813182
0,2017,1.0041706,0.080893012,0.59152453,0.039799308
0,2018,1.0037724,0.080546828,0.59137879,0.039871507
0,2019,1.0028121,0.081100097,0.59175613,0.040192637
0,2020,1.0028121,0.081100097,0.59175613,0.040192637
0,2021,1.0028121,0.081100097,0.59175613,0.040192637
0,2022,1.0028121,0.081100097,0.59175613,0.040192637
0,2023,1.0028121,0.081100097,0.59175613,0.040192637
0,2024,1.0083543,0.080441276,0.59010949,0.039842335
0,2025,1.0083543,0.080441276,0.59010949,0.039842335
0,2026,1.0076121,0.081105547,0.59245383,0.039622711
0,2027,1.0117296,0.080910155,0.59090774,0.039511598
0,2028,1.0146366,0.081155633,0.58681549,0.039240593
0,2029,1.016432,0.082036032,0.58317177,0.039833133
0,2030,1.016432,0.082036032,0.58317177,0.039833133
0,2031,1.0106343,0.081624636,0.58574006,0.039732038
0,2032,1.0088439,0.081456875,0.58817936,0.039612017
0,2033,1.0108706,0.081576257,0.59054667,0.039806012
0,2034,1.0071149,0.080958598,0.59223436,0.039768343
0,2035,1.0068935,0.081364161,0.58944892,0.039838848
0,2036,1.0158467,0.080926148,0.58766114,0.039735225
0,2037,1.0158467,0.080926148,0.58766114,0.039735225
0,2038,1.0128578,0.081214564,0.58376067,0.039934306
0,2039,1.0135957,0.081073799,0.58501055,0.039970495
0,2040,1.0128989,0.080785055,0.58995736,0.039631686
0,2041,1.0128989,0.080785055,0.58995736,0.039631686
0,2042,1.0088081,0.080014946,0.58922193,0.039792579
0,2043,1.0088081,0.080014946,0.58922193,0.039792579
0,2044,1.0088081,0.080014946,0.58922193,0.039792579
0,2045,1.0066348,0.080439514,0.5880892,0.039949672
0,2046,1.0014873,0.080781143,0.59410787,0.040159327
0,2047,0.99806689,0.079102526,0.59962664,0.040418997
0,2048,0.99853361,0.078835797,0.59519047,0.040625119
0,2049,0.99853361,0.078835797,0.59519047,0.040625119
0,2050,0.99853361,0.078835797,0.59519047,0.040625119
0,2051,0.99853361,0.078835797,0.59519047,0.040625119
0,2052,0.99853361,0.078835797,0.59519047,0.040625119
0,2053,0.9939502,0.080113728,0.59603391,0.040384672
0,2054,0.9939502,0.080113728,0.59603391,0.040384672
0,2055,1.0007218,0.079460636,0.59378798,0.040028081
0,2056,1.0007218,0.079460636,0.59378798,0.040028081
0,2057,0.99911904,0.079489669,0.59584528,0.040064155
0,2058,0.99650786,0.079026871,0.5975463,0.040139842
0,2059,0.99812883,0.079518663,0.59552283,0.039984632
0,2060,1.0017342,0.08002741,0.59578276,0.040319179
0,2061,1.0017342,0.08002741,0.59578276,0.040319179
0,2062,1.0000896,0.080174655,0.59316788,0.040459979
0,2063,1.0000896,0.080174655,0.59316788,0.040459979
0,2064,1.0000896,0.080174655,0.59316788,0.040459979
0,2065,0.99850058,0.079678017,0.59298787,0.04027148
0,2066,0.99575624,0.079129931,0.59919637,0.040184486
0,2067,0.99575624,0.079129931,0.59919637,0.040184486
0,2068,0.99445981,0.079664816,0.60092379,0.039998039
0,2069,0.9990386,0.079964793,0.59743619,0.039648472
0,2070,1.0028096,0.080589088,0.59491508,0.039931039
0,2071,1.0028096,0.080589088,0.59491508,0.039931039
0,2072,1.0028096,0.080589088,0.59491508,0.039931039
0,2073,1.0022653,0.080147612,0.59581511,0.039928885
0,2074,0.99930343,0.080769668,0.59344537,0.040134871
0,2075,0.99930343,0.080769668,0.59344537,0.040134871
0,2076,1.0038793,0.080155748,0.59016052,0.040065281
0,2077,1.0038793,0.080155748,0.59016052,0.040065281
0,2078,1.0037555,0.080354335,0.59157963,0.039988386
0,2079,1.0037555,0.080354335,0.59157963,0.039988386
0,2080,1.0037555,0.080354335,0.59157963,0.039988386
0,2081,1.0029823,0.08045129,0.59090161,0.040254294
0,2082,1.0029823,0.08045129,0.59090161,0.040254294
0,2083,1.0029823,0.08045129,0.59090161,0.040254294
0,2084,1.0029823,0.08045129,0.59090161,0.040254294
0,2085,1.0029823,0.08045129,0.59090161,0.040254294
0,2086,1.0029823,0.08045129,0.59090161,0.040254294
0,2087,1.0096632,0.080965212,0.58947662,0.040350844
0,2088,1.0030628,0.080587961,0.59023994,0.040127659
0,2089,1.0024704,0.079759152,0.59576967,0.040311302
0,2090,0.99835551,0.080224172,0.59589435,0.040285827
0,2091,0.99837237,0.079891739,0.59701286,0.040083326
0,2092,0.99837237,0.079891739,0.59701286,0.040083326
0,2093,0.99837237,0.079891739,0.59701286,0.040083326
0,2094,1.000566,0.080127696,0.59158212,0.040560296
0,2095,0.99257514,0.079816652,0.59287156,0.040593579
0,2096,0.99726462,0.079007207,0.59501587,0.040359047
0,2097,0.99726462,0.079007207,0.59501587,0.040359047
0,2098,1.0030965,0.079788724,0.59148701,0.040252556
0,2099,1.0030965,0.079788724,0.59148701,0.040252556
0,2100,0.99801518,0.079871177,0.59690566,0.040512161
0,2101,0.99295157,0.079376128,0.59616911,0.040883563
0,2102,0.98929372,0.078927803,0.60036521,0.040616349
0,2103,0.98929372,0.078927803,0.60036521,0.040616349
0,2104,0.98932944,0.078881206,0.59939426,0.040634819
0,2105,0.98932944,0.078881206,0.59939426,0.040634819
0,2106,0.98932944,0.078881206,0.59939426,0.040634819
0,2107,0.98932944,0.078881206,0.59939426,0.040634819
0,2108,0.98907671,0.079179684,0.60151838,0.040294772
0,2109,0.99325458,0.079771938,0.59766248,0.040155969
0,2110,0.99796876,0.079532557,0.59752911,0.039991211
0,2111,0.99796876,0.079532557,0.59752911,0.039991211
0,2112,0.99738455,0.079750434,0.59857323,0.040333215
0,2113,0.99738455,0.079750434,0.59857323,0.040333215
0,2114,0.99738455,0.079750434,0.59857323,0.040333215
0,2115,0.98977806,0.07927622,0.60155211,0.040707154
0,2116,0.98954563,0.079222718,0.60285438,0.040586652
0,2117,0.98845644,0.078948541,0.59962381,0.04080518
0,2118,0.98845644,0.078948541,0.59962381,0.04080518
0,2119,0.98845644,0.078948541,0.59962381,0.04080518
0,2120,0.98726118,0.078993761,0.60058552,0.040867891
0,2121,0.99222333,0.078629288,0.6003485,0.040979553
0,2122,0.98798394,0.078172918,0.60553607,0.040795208
0,2123,0.98798394,0.078172918,0.60553607,0.040795208
0,2124,0.98508234,0.078545672,0.60603563,0.040460001
0,2125,0.98508234,0.078545672,0.60603563,0.040460001
0,2126,0.98431708,0.077878381,0.60753512,0.040789247
0,2127,0.98431708,0.077878381,0.60753512,0.040789247
0,2128,0.98534651,0.078004445,0.60570714,0.040843515
0,2129,0.98534651,0.078004445,0.60570714,0.040843515
0,2130,0.98534651,0.078004445,0.60570714,0.040843515
0,2131,0.98534651,0.078004445,0.60570714,0.040843515
0,2132,0.98952612,0.078026437,0.60091761,0.040873756
0,2133,0.98436531,0.078124359,0.60239069,0.040943669
0,2134,0.98678319,0.078645517,0.603878,0.040548825
0,2135,0.98678319,0.078645517,0.603878,0.040548825
0,2136,0.98959687,0.079044755,0.60074721,0.040591617
0,2137,0.98959687,0.079044755,0.60074721,0.040591617
0,2138,0.98959687,0.079044755,0.60074721,0.040591617
0,2139,0.98197876,0.078816878,0.60394407,0.040861307
0,2140,0.98626598,0.078453526,0.60496219,0.041004625
0,2141,0.98626598,0.078453526,0.60496219,0.041004625
0,2142,0.99698437,0.079185899,0.60174375,0.040336992
0,2143,0.99698437,0.079185899,0.60174375,0.040336992
0,2144,0.99851798,0.07887538,0.5983227,0.039951212
0,2145,0.99147256,0.079856711,0.59803912,0.039917346
0,2146,1.0017449,0.079373653,0.59572099,0.040047591
0,2147,1.0032366,0.08029448,0.59067001,0.040082316
0,2148,1.0032366,0.08029448,0.59067001,0.040082316
0,2149,1.0032366,0.08029448,0.59067001,0.040082316
0,2150,1.0032366,0.08029448,0.59067001,0.040082316
0,2151,1.0005968,0.079978196,0.59271106,0.040202025
0,2152,1.0005968,0.079978196,0.59271106,0.040202025
0,2153,1.0005968,0.079978196,0.59271106,0.040202025
0,2154,1.0005968,0.079978196,0.59271106,0.040202025
0,2155,0.99826616,0.079866108,0.59353437,0.040237351
0,2156,0.99826616,0.079866108,0.59353437,0.040237351
0,2157,0.99531552,0.079763312,0.59895632,0.039981401
0,2158,0.99531552,0.079763312,0.59895632,0.039981401
0,2159,0.99952492,0.07988983,0.5981345,0.039903781
0,2160,0.99253876,0.079938407,0.5952399,0.040670442
0,2161,0.98489822,0.078491481,0.60218717,0.040810146
0,2162,0.98489822,0.078491481,0.60218717,0.040810146
0,2163,0.98489822,0.078491481,0.60218717,0.040810146
0,2164,0.98489822,0.078491481,0.60218717,0.040810146
0,2165,0.98489822,0.078491481,0.60218717,0.040810146
0,2166,0.99250922,0.079282544,0.5986688,0.040668008
0,2167,0.99301371,0.079446064,0.60170394,0.04027821
0,2168,0.99301371,0.079446064,0.60170394,0.04027821
0,2169,0.99301371,0.079446064,0.60170394,0.04027821
0,2170,0.99301371,0.079446064,0.60170394,0.04027821
0,2171,0.99301371,0.079446064,0.60170394,0.04027821
0,2172,0.99301371,0.079446064,0.60170394,0.04027821
0,2173,0.99301371,0.079446064,0.60170394,0.04027821
0,2174,0.99865297,0.079330316,0.59745531,0.040202296
0,2175,0.99634969,0.079491709,0.59696303,0.040448329
0,2176,0.99634969,0.079491709,0.59696303,0.040448329
0,2177,0.99634969,0.079491709,0.59696303,0.040448329
0,2178,1.0020548,0.079622407,0.59442709,0.040422399
0,2179,1.001238,0.079413216,0.59115075,0.040200318
0,2180,0.99549353,0.079313673,0.59469695,0.040163824
0,2181,1.0044774,0.079575433,0.59437869,0.039686102
0,2182,1.0044774,0.079575433,0.59437869,0.039686102
0,2183,1.0054544,0.079877097,0.59499362,0.039938874
0,2184,1.0054544,0.079877097,0.59499362,0.039938874
0,2185,1.0006175,0.07902573,0.59492066,0.039993564
0,2186,0.99858797,0.078763203,0.59846316,0.040417258
0,2187,0.99858797,0.078763203,0.59846316,0.040417258
0,2188,0.99465822,0.078847749,0.59652357,0.040757591
0,2189,0.99465822,0.078847749,0.59652357,0.040757591
0,2190,0.99465822,0.078847749,0.59652357,0.040757591
0,2191,0.99465822,0.078847749,0.59652357,0.040757591
0,2192,0.99465822,0.078847749,0.59652357,0.040757591
0,2193,0.9938784,0.078705209,0.59977593,0.040930267
0,2194,0.9938784,0.078705209,0.59977593,0.040930267
0,2195,0.98458406,0.078592403,0.60295278,0.040955335
0,2196,0.98458406,0.078592403,0.60295278,0.040955335
0,2197,0.98458406,0.078592403,0.60295278,0.040955335
0,2198,0.99611857,0.078495207,0.59766916,0.040431014
0,2199,0.9916612,0.078465218,0.60106113,0.040650538
0,2200,0.9916612,0.078465218,0.60106113,0.040650538
0,2201,0.9916612,0.078465218,0.60106113,0.040650538
0,2202,0.99117161,0.078989417,0.59942004,0.040538211
0,2203,0.99117161,0.078989417,0.59942004,0.040538211
0,2204,0.99117161,0.078989417,0.59942004,0.040538211
0,2205,0.99117161,0.078989417,0.59942004,0.040538211
0,2206,0.99301093,0.079455728,0.6021481,0.040452813
0,2207,0.99156921,0.079321312,0.60020222,0.040226392
0,2208,0.99780835,0.079153888,0.5956494,0.040535085
0,2209,0.99780835,0.079153888,0.5956494,0.040535085
0,2210,1.0034442,0.079051484,0.59477344,0.0403606
0,2211,0.99889862,0.079847694,0.59456013,0.039854146
0,2212,0.99889862,0.079847694,0.59456013,0.039854146
0,2213,0.99974061,0.080242594,0.59308179,0.039922147
0,2214,1.0002255,0.079972243,0.59269842,0.040100008
0,2215,0.99635717,0.080083527,0.59664854,0.040383562
0,2216,1.001557,0.080022226,0.59368508,0.040232813
0,2217,1.001557,0.080022226,0.59368508,0.040232813
0,2218,1.0016683,0.07959851,0.59578623,0.040130302
0,2219,1.0016683,0.07959851,0.59578623,0.040130302
0,2220,1.0016683,0.07959851,0.59578623,0.040130302
0,2221,1.0016683,0.07959851,0.59578623,0.040130302
0,2222,0.99535181,0.080807883,0.59303456,0.040246061
0,2223,0.99752157,0.080301339,0.59074192,0.040669583
0,2224,0.99752157,0.080301339,0.59074192,0.040669583
0,2225,0.99768997,0.079471274,0.59432014,0.040563719
0,2226,1.0053706,0.079367501,0.59081853,0.040330934
0,2227,1.0033647,0.079141193,0.59206116,0.040159444
0,2228,1.0033647,0.079141193,0.59206116,0.040159444
0,2229,1.0045426,0.079055549,0.59427453,0.040304518
0,2230,1.0037511,0.07940248,0.59442339,0.04009532
0,2231,0.99961664,0.079925612,0.59484594,0.040100703
0,2232,0.99961664,0.079925612,0.59484594,0.040100703
0,2233,0.99961664,0.079925612,0.59484594,0.040100703
0,2234,0.99936953,0.080296259,0.59338954,0.040045585
0,2235,1.0003933,0.080148881,0.59414209,0.040251381
0,2236,1.0003933,0.080148881,0.59414209,0.040251381
0,2237,0.99649202,0.079598847,0.5939133,0.040303583
0,2238,1.0045553,0.07872483,0.59695005,0.040326673
0,2239,0.99776067,0.078856223,0.60046506,0.040548849
0,2240,0.99656559,0.079110599,0.59784269,0.040746694
0,2241,0.99374252,0.079092006,0.59616043,0.040884347
0,2242,0.99061843,0.07884356,0.59574724,0.040824544
0,2243,0.9902679,0.078936943,0.60156066,0.04060872
0,2244,0.9902679,0.078936943,0.60156066,0.04060872
0,2245,0.99312245,0.078833133,0.59807384,0.04064943
0,2246,0.99312245,0.078833133,0.59807384,0.04064943
0,2247,0.99312245,0.078833133,0.59807384,0.04064943
0,2248,0.99405745,0.079044855,0.59739879,0.040617938
0,2249,0.99405745,0.079044855,0.59739879,0.040617938
0,2250,0.99405745,0.079044855,0.59739879,0.040617938
0,2251,0.99405745,0.079044855,0.59739879,0.040617938
0,2252,0.99405745,0.079044855,0.59739879,0.040617938
0,2253,0.99405745,0.079044855,0.59739879,0.040617938
0,2254,0.99405745,0.079044855,0.59739879,0.040617938
0,2255,0.99405745,0.079044855,0.59739879,0.040617938
0,2256,0.99405745,0.079044855,0.59739879,0.040617938
0,2257,0.99405745,0.079044855,0.59739879,0.040617938
0,2258,0.99762041,0.079588273,0.59614904,0.040508073
0,2259,0.99551695,0.079191311,0.59865833,0.040748378
0,2260,0.99677895,0.078804351,0.59780546,0.040597548
0,2261,0.98999272,0.078460256,0.59787237,0.040727395
0,2262,0.99236154,0.07856476,0.59673438,0.040949113
0,2263,0.99432478,0.078273515,0.59690676,0.040808189
0,2264,0.99432478,0.078273515,0.59690676,0.040808189
0,2265,0.99432478,0.078273515,0.59690676,0.040808189
0,2266,0.99432478,0.078273515,0.59690676,0.040808189
0,2267,0.99432478,0.078273515,0.59690676,0.040808189
0,2268,0.99821482,0.078803483,0.59880865,0.040679885
0,2269,0.99188833,0.078843691,0.59719233,0.041119069
0,2270,0.99188833,0.078843691,0.59719233,0.041119069
0,2271,0.99725331,0.078446342,0.59728835,0.040550078
0,2272,0.99447686,0.079817634,0.59569359,0.040112051
0,2273,0.99447686,0.079817634,0.59569359,0.040112051
0,2274,0.99343921,0.07984899,0.5974004,0.0402218
0,2275,0.99186349,0.079114904,0.59458607,0.040825233
0,2276,0.99186349,0.079114904,0.59458607,0.040825233
0,2277,0.99441926,0.078791678,0.59401478,0.040517792
0,2278,0.98717199,0.078951299,0.59822377,0.040393191
0,2279,0.98628155,0.0790904,0.60021831,0.040852669
0,2280,0.98635338,0.079262805,0.59952177,0.040839422
0,2281,0.99757422,0.078797586,0.59683146,0.040249521
0,2282,0.99757422,0.078797586,0.59683146,0.040249521
0,2283,0.99757422,0.078797586,0.59683146,0.040249521
0,2284,0.9957835,0.078689454,0.59552342,0.040557747
0,2285,0.99822773,0.079757942,0.59422919,0.040530778
0,2286,0.99822773,0.079757942,0.59422919,0.040530778
0,2287,1.0020039,0.080739457,0.59290616,0.040338881
0,2288,1.0079277,0.080442219,0.59187461,0.040087248
0,2289,1.0079277,0.080442219,0.59187461,0.040087248
0,2290,1.0079277,0.080442219,0.59187461,0.040087248
0,2291,1.0091911,0.079936141,0.59191397,0.040010199
0,2292,1.0091911,0.079936141,0.59191397,0.040010199
0,2293,1.0050832,0.079970861,0.59153274,0.039836909
0,2294,1.0050832,0.079970861,0.59153274,0.039836909
0,2295,1.0058298,0.07974671,0.59153072,0.040189939
0,2296,1.0058298,0.07974671,0.59153072,0.040189939
0,2297,1.0058298,0.07974671,0.59153072,0.040189939
0,2298,1.0064782,0.080099761,0.59068084,0.039909399
0,2299,1.0064782,0.080099761,0.59068084,0.039909399
0,2300,1.0029045,0.079724405,0.59082076,0.04009653
0,2301,1.004736,0.079225186,0.59290997,0.040469335
0,2302,1.0045311,0.080049356,0.59154126,0.040339003
0,2303,1.0045311,0.080049356,0.59154126,0.040339003
0,2304,1.0004923,0.079686103,0.59745491,0.040561944
0,2305,1.0022529,0.079208103,0.59557754,0.040453201
0,2306,1.0022529,0.079208103,0.59557754,0.040453201
0,2307,1.0022529,0.079208103,0.59557754,0.040453201
0,2308,0.99700334,0.078946146,0.59822882,0.040388758
0,2309,1.0002636,0.079820255,0.59564187,0.040009687
0,2310,0.99946805,0.080795881,0.59547398,0.039999961
0,2311,0.99946805,0.080795881,0.59547398,0.039999961
0,2312,0.99946805,0.080795881,0.59547398,0.039999961
0,2313,1.0043166,0.080564167,0.59387729,0.040020861
0,2314,1.0133636,0.080466207,0.58657276,0.040000219
0,2315,1.0133636,0.080466207,0.58657276,0.040000219
0,2316,1.0133636,0.080466207,0.58657276,0.040000219
0,2317,1.0090946,0.08069103,0.58715861,0.039598106
0,2318,1.016051,0.081048964,0.58857649,0.039308434
0,2319,1.0129475,0.081890149,0.58658934,0.039297984
0,2320,1.0129475,0.081890149,0.58658934,0.039297984
0,2321,1.0183684,0.081583062,0.58134847,0.039704201
0,2322,1.0183684,0.081583062,0.58134847,0.039704201
0,2323,1.0183684,0.081583062,0.58134847,0.039704201
0,2324,1.0183684,0.081583062,0.58134847,0.039704201
0,2325,1.0183684,0.081583062,0.58134847,0.039704201
0,2326,1.0183684,0.081583062,0.58134847,0.039704201
0,2327,1.0160952,0.081490233,0.5823707,0.03964832
0,2328,1.0110672,0.080882455,0.58524372,0.039725579
0,2329,1.0100375,0.081543542,0.58866532,0.039486618
0,2330,1.0147554,0.081912748,0.58358786,0.039580015
0,2331,1.0147554,0.081912748,0.58358786,0.039580015
0,2332,1.0141968,0.080974467,0.58438446,0.039660349
0,2333,1.0141968,0.080974467,0.58438446,0.039660349
0,2334,1.0141968,0.080974467,0.58438446,0.039660349
0,2335,1.0141968,0.080974467,0.58438446,0.039660349
0,2336,1.0067557,0.080098575,0.59045641,0.039404334
0,2337,1.0100909,0.080429223,0.59133514,0.039497439
0,2338,1.0092818,0.080370074,0.59262514,0.039802215
0,2339,1.0042783,0.080394456,0.59130043,0.040139437
0,2340,1.0042783,0.080394456,0.59130043,0.040139437
0,2341,1.0041352,0.080249263,0.59267016,0.040106805
0,2342,1.0041352,0.080249263,0.59267016,0.040106805
0,2343,1.0108106,0.080586038,0.58897981,0.039873335
0,2344,1.0108106,0.080586038,0.58897981,0.039873335
0,2345,1.0108106,0.080586038,0.58897981,0.039873335
0,2346,1.0050728,0.080285339,0.59072814,0.039552594
0,2347,1.0097362,0.081077451,0.5911727,0.039707392
0,2348,1.0065002,0.080832234,0.59206748,0.039845622
0,2349,1.0065002,0.080832234,0.59206748,0.039845622
0,2350,1.0065002,0.080832234,0.59206748,0.039845622
0,2351,1.0022123,0.080708334,0.59456278,0.040127549
0,2352,1.0108029,0.08080437,0.58440071,0.040287399
0,2353,1.0026593,0.080843631,0.59031159,0.039980601
0,2354,1.0081655,0.080060076,0.59051308,0.039966734
0,2355,1.0008134,0.080978468,0.59144613,0.040070978
0,2356,0.99965605,0.080442506,0.5947797,0.039932228
0,2357,0.99965605,0.080442506,0.5947797,0.039932228
0,2358,0.99965605,0.080442506,0.5947797,0.039932228
0,2359,0.99784279,0.080780689,0.59593804,0.03994309
0,2360,1.0067133,0.080515607,0.59432768,0.039720973
0,2361,1.0057701,0.080806865,0.59465096,0.040058675
0,2362,1.0097646,0.081077779,0.58689332,0.04003281
0,2363,1.0097646,0.081077779,0.58689332,0.04003281
0,2364,1.0097646,0.081077779,0.58689332,0.04003281
0,2365,1.0097646,0.081077779,0.58689332,0.04003281
0,2366,1.0099685,0.080464637,0.58468065,0.040073887
0,2367,1.0094725,0.079561891,0.59119184,0.039580346
0,2368,1.0094725,0.079561891,0.59119184,0.039580346
0,2369,1.0106609,0.080323841,0.59170278,0.03956922
0,2370,1.0106609,0.080323841,0.59170278,0.03956922
0,2371,1.0106609,0.080323841,0.59170278,0.03956922
0,2372,1.0106609,0.080323841,0.59170278,0.03956922
0,2373,1.0168273,0.082068,0.5841974,0.039630093
0,2374,1.0119713,0.081014198,0.58441216,0.039958417
0,2375,1.0119713,0.081014198,0.58441216,0.039958417
0,2376,1.0010162,0.080427198,0.59228003,0.039629344
0,2377,0.99922601,0.08146463,0.59462425,0.039656963
0,2378,0.99922601,0.08146463,0.59462425,0.039656963
0,2379,1.0015275,0.080488041,0.59172485,0.039594159
0,2380,1.0015185,0.081522274,0.59471567,0.039691633
0,2381,1.0002349,0.081602652,0.59274585,0.040013534
0,2382,1.0002349,0.081602652,0.59274585,0.040013534
0,2383,1.0002349,0.081602652,0.59274585,0.040013534
0,2384,1.0051901,0.080538744,0.58878029,0.040126623
0,2385,1.0055748,0.080330774,0.58859692,0.040098392
0,2386,1.0055748,0.080330774,0.58859692,0.040098392
0,2387,1.0055748,0.080330774,0.58859692,0.040098392
0,2388,1.0055748,0.080330774,0.58859692,0.040098392
0,2389,1.0067777,0.080693137,0.58873014,0.040049361
0,2390,1.0048077,0.07981655,0.59013943,0.040086005
0,2391,1.0045081,0.079976414,0.59005385,0.040026538
0,2392,1.0036846,0.079965889,0.59099829,0.039849933
0,2393,1.0036846,0.079965889,0.59099829,0.039849933
0,2394,1.0019169,0.08070345,0.59224445,0.039769576
0,2395,1.0085709,0.080619426,0.5911816,0.040195843
0,2396,1.0083191,0.080780669,0.59059158,0.039958966
0,2397,1.0095817,0.080732974,0.58991658,0.039998164
0,2398,1.0095817,0.080732974,0.58991658,0.039998164
0,2399,1.0095817,0.080732974,0.58991658,0.039998164
0,2400,1.0095817,0.080732974,0.58991658,0.039998164
0,2401,1.0095817,0.080732974,0.58991658,0.039998164
0,2402,1.0061411,0.080206942,0.59301569,0.039703205
0,2403,1.0061411,0.080206942,0.59301569,0.039703205
0,2404,1.0068576,0.079756534,0.59131564,0.040317972
0,2405,1.0068576,0.079756534,0.59131564,0.040317972
0,2406,1.0068576,0.079756534,0.59131564,0.040317972
0,2407,1.0019028,0.079949877,0.59423119,0.040207483
0,2408,1.0019028,0.079949877,0.59423119,0.040207483
0,2409,0.99603622,0.079741849,0.59580353,0.040407852
0,2410,0.99603622,0.079741849,0.59580353,0.040407852
0,2411,1.0001948,0.080014845,0.59356512,0.040429547
0,2412,1.0001948,0.080014845,0.59356512,0.040429547
0,2413,1.0053374,0.079891011,0.59151031,0.040371305
0,2414,1.0053374,0.079891011,0.59151031,0.040371305
0,2415,0.99798673,0.080019464,0.59747184,0.040297062
0,2416,0.99662893,0.078724787,0.59548738,0.040632863
0,2417,0.99662893,0.078724787,0.59548738,0.040632863
0,2418,0.99662893,0.078724787,0.59548738,0.040632863
0,2419,0.99163731,0.078389975,0.59806879,0.040666958
0,2420,0.99163731,0.078389975,0.59806879,0.040666958
0,2421,0.99931267,0.078300516,0.59550742,0.040430336
0,2422,0.99712884,0.078650767,0.60121932,0.04060275
0,2423,0.99426788,0.078611138,0.60247648,0.040623467
0,2424,0.99236191,0.078377935,0.5993232,0.040525037
0,2425,0.99236191,0.078377935,0.5993232,0.040525037
0,2426,0.99236191,0.078377935,0.5993232,0.040525037
0,2427,0.9933908,0.078914265,0.60184835,0.040314197
0,2428,0.9933908,0.078914265,0.60184835,0.040314197
0,2429,0.9933908,0.078914265,0.60184835,0.040314197
0,2430,0.99192327,0.079331248,0.60174741,0.040357097
0,2431,0.99372325,0.079909205,0.59874123,0.040492798
0,2432,0.99958462,0.080470859,0.59444472,0.040402426
0,2433,0.99610368,0.080099002,0.59390949,0.040526492
0,2434,0.99610368,0.080099002,0.59390949,0.040526492
0,2435,1.0008155,0.079784971,0.59401631,0.04051488
0,2436,1.0008155,0.079784971,0.59401631,0.04051488
0,2437,1.0003063,0.079080562,0.59506835,0.040363834
0,2438,0.99707945,0.079483053,0.59828505,0.040428884
0,2439,0.99348415,0.080127613,0.60011344,0.040313611
0,2440,0.99531153,0.080135875,0.59858829,0.040239762
0,2441,0.99531153,0.080135875,0.59858829,0.040239762
0,2442,0.99786499,0.079903484,0.5953816,0.040321845
0,2443,0.99786499,0.079903484,0.5953816,0.040321845
0,2444,0.99786499,0.079903484,0.5953816,0.040321845
0,2445,0.99786499,0.079903484,0.5953816,0.040321845
0,2446,1.00239,0.079891254,0.59457787,0.040231136
0,2447,1.0075621,0.079786526,0.59199474,0.039991169
0,2448,1.0075621,0.079786526,0.59199474,0.039991169
0,2449,0.99348883,0.078225421,0.59844528,0.04035757
0,2450,0.99131524,0.078655093,0.59833187,0.040761352
0,2451,0.98777495,0.078419695,0.59959984,0.040624388
0,2452,0.98995657,0.07794958,0.60054045,0.04088661
0,2453,0.98995657,0.07794958,0.60054045,0.04088661
0,2454,0.98699732,0.078189577,0.60203838,0.04067547
0,2455,0.98699732,0.078189577,0.60203838,0.04067547
0,2456,0.98699732,0.078189577,0.60203838,0.04067547
0,2457,0.98699732,0.078189577,0.60203838,0.04067547
0,2458,0.98699732,0.078189577,0.60203838,0.04067547
0,2459,0.98714016,0.078294092,0.60409892,0.0404995
0,2460,0.99078843,0.079759668,0.60307121,0.040490916
0,2461,0.98579353,0.079912062,0.60277679,0.040491669
0,2462,0.98834596,0.079105635,0.60066955,0.040312614
0,2463,0.98834596,0.079105635,0.60066955,0.040312614
0,2464,0.99604156,0.078996214,0.59998656,0.040395441
0,2465,0.99604156,0.078996214,0.59998656,0.040395441
0,2466,0.99790701,0.078798371,0.59685406,0.040336692
0,2467,0.99790701,0.078798371,0.59685406,0.040336692
0,2468,0.99790701,0.078798371,0.59685406,0.040336692
0,2469,0.99790701,0.078798371,0.59685406,0.040336692
0,2470,0.99790701,0.078798371,0.59685406,0.040336692
0,2471,0.99790701,0.078798371,0.59685406,0.040336692
0,2472,0.99790701,0.078798371,0.59685406,0.040336692
0,2473,0.99790701,0.078798371,0.59685406,0.040336692
0,2474,0.99844084,0.079724197,0.59818005,0.040092662
0,2475,0.99844084,0.079724197,0.59818005,0.040092662
0,2476,0.99844084,0.079724197,0.59818005,0.040092662
0,2477,0.99844084,0.079724197,0.59818005,0.040092662
0,2478,0.99844084,0.079724197,0.59818005,0.040092662
0,2479,0.99844084,0.079724197,0.59818005,0.040092662
0,2480,0.99844084,0.079724197,0.59818005,0.040092662
0,2481,0.99803244,0.079637975,0.5929079,0.040487588
0,2482,0.99803244,0.079637975,0.5929079,0.040487588
0,2483,0.99914114,0.079286337,0.59204182,0.040430885
0,2484,0.99914114,0.079286337,0.59204182,0.040430885
0,2485,1.0035665,0.080030754,0.5941735,0.040320112
0,2486,1.0035665,0.080030754,0.5941735,0.040320112
0,2487,0.99898902,0.078810344,0.59644272,0.040667799
0,2488,0.99898902,0.078810344,0.59644272,0.040667799
0,2489,0.99151235,0.079657851,0.59674916,0.040605064
0,2490,0.99300436,0.079504715,0.60053872,0.040294582
0,2491,0.99300436,0.079504715,0.60053872,0.040294582
0,2492,0.99667974,0.079613692,0.59672882,0.039869034
0,2493,0.99667974,0.079613692,0.59672882,0.039869034
0,2494,0.99667974,0.079613692,0.59672882,0.039869034
0,2495,0.99055785,0.078654037,0.59873254,0.040336898
0,2496,0.99055785,0.078654037,0.59873254,0.040336898
0,2497,0.99055785,0.078654037,0.59873254,0.040336898
0,2498,0.99055785,0.078654037,0.59873254,0.040336898
0,2499,0.99011701,0.078814023,0.60005226,0.040495377
1,0,0.99373005,0.079542951,0.59825204,0.040129761
1,1,0.99017183,0.079363539,0.59785462,0.040699105
1,2,0.99049471,0.078830139,0.59968682,0.040689542
1,3,0.99049471,0.078830139,0.59968682,0.040689542
1,4,0.99049471,0.078830139,0.59968682,0.040689542
1,5,0.99463347,0.07856938,0.59898715,0.040778975
1,6,0.99352099,0.078923731,0.59956575,0.040622263
1,7,0.99204273,0.079097302,0.59882856,0.040722003
1,8,0.99204273,0.079097302,0.59882856,0.040722003
1,9,0.99130236,0.078471318,0.59987197,0.040665141
1,10,0.99130236,0.078471318,0.59987197,0.040665141
1,11,0.99405484,0.079489941,0.59918059,0.040553912
1,12,0.99470098,0.079036276,0.59875629,0.040304094
1,13,0.99470098,0.079036276,0.59875629,0.040304094
1,14,0.99470098,0.079036276,0.59875629,0.040304094
1,15,0.99470098,0.079036276,0.59875629,0.040304094
1,16,0.99470098,0.079036276,0.59875629,0.040304094
1,17,0.99470098,0.079036276,0.59875629,0.040304094
1,18,0.99470098,0.079036276,0.59875629,0.040304094
1,19,0.99470098,0.079036276,0.59875629,0.040304094
1,20,0.99470098,0.079036276,0.59875629,0.040304094
1,21,0.99102079,0.079120797,0.59833305,0.040429227
1,22,0.99730397,0.07948212,0.59359248,0.040659765
1,23,0.99730397,0.07948212,0.59359248,0.040659765
1,24,1.000039,0.079129051,0.59332196,0.040695749
1,25,1.000039,0.079129051,0.59332196,0.040695749
1,26,0.99494178,0.079581873,0.59645629,0.040307935
1,27,1.0016682,0.07941145,0.59693732,0.040496098
1,28,0.99802327,0.079526388,0.59541103,0.040887801
1,29,0.99260597,0.080313105,0.59279209,0.040807703
1,30,0.99371125,0.079305711,0.59911633,0.040265899
1,31,0.99371125,0.079305711,0.59911633,0.040265899
1,32,0.99233187,0.079155833,0.60008952,0.040445725
1,33,0.99191357,0.079003557,0.59993721,0.040487276
1,34,0.99191357,0.079003557,0.59993721,0.040487276
1,35,0.99191357,0.079003557,0.59993721,0.040487276
1,36,0.99616654,0.07923041,0.59413524,0.040568452
1,37,0.9963581,0.078820592,0.59570461,0.040567472
1,38,0.99847579,0.079161699,0.59560602,0.040813808
1,39,0.99294442,0.078907412,0.59949548,0.040741123
1,40,0.99294442,0.078907412,0.59949548,0.040741123
1,41,0.99294442,0.078907412,0.59949548,0.040741123
1,42,0.99294442,0.078907412,0.59949548,0.040741123
1,43,0.99294442,0.078907412,0.59949548,0.040741123
1,44,0.99294442,0.078907412,0.59949548,0.040741123
1,45,0.99294442,0.078907412,0.59949548,0.040741123
1,46,0.99294442,0.078907412,0.59949548,0.040741123
1,47,0.99294442,0.078907412,0.59949548,0.040741123
1,48,0.9921936,0.078811119,0.60344989,0.040581476
1,49,0.98651105,0.078198864,0.59981913,0.040783087
1,50,0.98852971,0.078042869,0.60430638,0.040706746
1,51,0.98852971,0.078042869,0.60430638,0.040706746
1,52,0.98852971,0.078042869,0.60430638,0.040706746
1,53,0.98852971,0.078042869,0.60430638,0.040706746
1,54,0.98852971,0.078042869,0.60430638,0.040706746
1,55,0.98598131,0.078357655,0.60072115,0.040656454
1,56,0.9853464,0.078184255,0.60349605,0.04072523
1,57,0.98409484,0.07861358,0.60489491,0.040612485
1,58,0.98409484,0.07861358,0.60489491,0.040612485
1,59,0.98409484,0.07861358,0.60489491,0.040612485
1,60,0.98343364,0.077893398,0.60419047,0.040829145
1,61,0.98343364,0.077893398,0.60419047,0.040829145
1,62,0.98343364,0.077893398,0.60419047,0.040829145
1,63,0.98343364,0.077893398,0.60419047,0.040829145
1,64,0.98343364,0.077893398,0.60419047,0.040829145
1,65,0.98343364,0.077893398,0.60419047,0.040829145
1,66,0.98343364,0.077893398,0.60419047,0.040829145
1,67,0.98343364,0.077893398,0.60419047,0.040829145
1,68,0.98343364,0.077893398,0.60419047,0.040829145
1,69,0.98343364,0.077893398,0.60419047,0.040829145
1,70,0.98343364,0.077893398,0.60419047,0.040829145
1,71,0.97860747,0.077296603,0.60865014,0.041029183
1,72,0.97860747,0.077296603,0.60865014,0.041029183
1,73,0.97860747,0.077296603,0.60865014,0.041029183
1,74,0.98314288,0.077769259,0.6090324,0.040675363
1,75,0.97983153,0.077274893,0.6086818,0.040794285
1,76,0.97843174,0.078240495,0.60808164,0.040878307
1,77,0.985688,0.078455123,0.60412665,0.040460004
1,78,0.985688,0.078455123,0.60412665,0.040460004
1,79,0.98505344,0.078452259,0.60430592,0.040627197
1,80,0.98505344,0.078452259,0.60430592,0.040627197
1,81,0.9843882,0.078739915,0.6083011,0.040919592
1,82,0.98430248,0.078013337,0.60788656,0.040694374
1,83,0.98430248,0.078013337,0.60788656,0.040694374
1,84,0.98768164,0.077569205,0.60192423,0.041011885
1,85,0.98224829,0.077623973,0.60371796,0.04112511
1,86,0.98777867,0.077647585,0.6002429,0.040766242
1,87,0.98777867,0.077647585,0.6002429,0.040766242
1,88,0.99415849,0.078462459,0.59611525,0.040999807
1,89,0.997513,0.078389596,0.59593049,0.040338309
1,90,0.99639488,0.078323201,0.59868391,0.040278413
1,91,0.99509505,0.078414083,0.59869057,0.040548767
1,92,0.98940145,0.078956757,0.60001071,0.040729635
1,93,0.98940145,0.078956757,0.60001071,0.040729635
1,94,0.98940145,0.078956757,0.60001071,0.040729635
1,95,0.98940145,0.078956757,0.60001071,0.040729635
1,96,0.98955573,0.078734177,0.60113234,0.040647247
1,97,0.98955573,0.078734177,0.60113234,0.040647247
1,98,0.98816939,0.079138254,0.59621969,0.040948823
1,99,0.99225854,0.080184685,0.59727217,0.040792706
1,100,0.99663379,0.079264388,0.59468072,0.040365538
1,101,0.99719754,0.079531625,0.59573957,0.0405231
1,102,0.99719754,0.079531625,0.59573957,0.0405231
1,103,0.99689805,0.079635148,0.59322295,0.040590416
1,104,0.99689805,0.079635148,0.59322295,0.040590416
1,105,0.99689805,0.079635148,0.59322295,0.040590416
1,106,0.99689805,0.079635148,0.59322295,0.040590416
1,107,0.99689805,0.079635148,0.59322295,0.040590416
1,108,0.99689805,0.079635148,0.59322295,0.040590416
1,109,0.99689805,0.079635148,0.59322295,0.040590416
1,110,0.99841967,0.079515061,0.59556252,0.040445208
1,111,0.99841967,0.079515061,0.59556252,0.040445208
1,112,0.99841967,0.079515061,0.59556252,0.040445208
1,113,0.99396698,0.079406104,0.5993103,0.040386305
1,114,0.99396698,0.079406104,0.5993103,0.040386305
1,115,0.99396698,0.079406104,0.5993103,0.040386305
1,116,0.99396698,0.079406104,0.5993103,0.040386305
1,117,1.0019529,0.080138475,0.59386391,0.040073277
1,118,1.0019529,0.080138475,0.59386391,0.040073277
1,119,1.0019529,0.080138475,0.59386391,0.040073277
1,120,0.99613203,0.079674173,0.59613219,0.040318391
1,121,0.99613203,0.079674173,0.59613219,0.040318391
1,122,1.0073021,0.080400131,0.58993864,0.040060663
1,123,1.0073021,0.080400131,0.58993864,0.040060663
1,124,1.0073021,0.080400131,0.58993864,0.040060663
1,125,1.0073021,0.080400131,0.58993864,0.040060663
1,126,1.0073021,0.080400131,0.58993864,0.040060663
1,127,1.0077567,0.081031324,0.59215448,0.039767838
1,128,1.0047395,0.081340648,0.58839538,0.040195252
1,129,1.0092171,0.081496888,0.58840729,0.039893388
1,130,1.0092171,0.081496888,0.58840729,0.039893388
1,131,1.0092171,0.081496888,0.58840729,0.039893388
1,132,1.0092171,0.081496888,0.58840729,0.039893388
1,133,1.0103711,0.080027381,0.58959293,0.039936945
1,134,1.0051822,0.081063191,0.58795693,0.039869109
1,135,1.0135558,0.081175834,0.58919358,0.039598216
1,136,1.0154762,0.081423999,0.58960285,0.039390668
1,137,1.013055,0.081220068,0.58556139,0.040011277
1,138,1.013055,0.081220068,0.58556139,0.040011277
1,139,1.013055,0.081220068,0.58556139,0.040011277
1,140,1.013055,0.081220068,0.58556139,0.040011277
1,141,1.013055,0.081220068,0.58556139,0.040011277
1,142,1.013055,0.081220068,0.58556139,0.040011277
1,143,1.013055,0.081220068,0.58556139,0.040011277
1,144,1.0132481,0.080923755,0.58848582,0.039590943
1,145,1.0125464,0.081487583,0.58276612,0.039608951
1,146,1.0125464,0.081487583,0.58276612,0.039608951
1,147,1.0141758,0.080933553,0.58297652,0.039813777
1,148,1.0141758,0.080933553,0.58297652,0.039813777
1,149,1.0141758,0.080933553,0.58297652,0.039813777
1,150,1.0093796,0.080582783,0.59004175,0.039572032
1,151,1.0059839,0.079808038,0.5928859,0.040000431
1,152,1.0059839,0.079808038,0.5928859,0.040000431
1,153,1.0059839,0.079808038,0.5928859,0.040000431
1,154,1.0059839,0.079808038,0.5928859,0.040000431
1,155,1.0032911,0.080330258,0.59170173,0.040242651
1,156,1.0050899,0.080090273,0.59172356,0.040222134
1,157,1.0060266,0.080262564,0.59249972,0.040080878
1,158,1.0070877,0.081003941,0.58782611,0.039985632
1,159,1.0105945,0.081291978,0.59005607,0.039733628
1,160,1.0105945,0.081291978,0.59005607,0.039733628
1,161,1.0105945,0.081291978,0.59005607,0.039733628
1,162,1.0125913,0.081332955,0.58712202,0.039764697
1,163,1.0125913,0.081332955,0.58712202,0.039764697
1,164,1.0124347,0.081225281,0.58624756,0.040043965
1,165,1.0050836,0.080996591,0.58902843,0.040291455
1,166,1.0050836,0.080996591,0.58902843,0.040291455
1,167,1.0050836,0.080996591,0.58902843,0.040291455
1,168,1.0050836,0.080996591,0.58902843,0.040291455
1,169,1.0050836,0.080996591,0.58902843,0.040291455
1,170,1.0050836,0.080996591,0.58902843,0.040291455
1,171,1.0046698,0.080985986,0.58717202,0.040296305
1,172,1.0046698,0.080985986,0.58717202,0.040296305
1,173,1.0055658,0.081329764,0.58722639,0.040107083
1,174,1.0001434,0.080509433,0.59570982,0.039976076
1,175,0.99873475,0.078961998,0.59626302,0.04021253
1,176,0.99873475,0.078961998,0.59626302,0.04021253
1,177,0.99670612,0.079954324,0.59545455,0.040180806
1,178,0.99781345,0.079723432,0.59517889,0.040137635
1,179,0.99781345,0.079723432,0.59517889,0.040137635
1,180,0.99781345,0.079723432,0.59517889,0.040137635
1,181,0.99781345,0.079723432,0.59517889,0.040137635
1,182,0.99990414,0.07967849,0.59385467,0.040459418
1,183,0.998772,0.08062669,0.59482009,0.040208481
1,184,0.998772,0.08062669,0.59482009,0.040208481
1,185,0.998772,0.08062669,0.59482009,0.040208481
1,186,0.9972867,0.079987025,0.59510219,0.040335971
1,187,0.9972867,0.079987025,0.59510219,0.040335971
1,188,0.9972867,0.079987025,0.59510219,0.040335971
1,189,0.99501301,0.080155275,0.59627819,0.040518877
1,190,0.99084613,0.078563425,0.59842274,0.04078807
1,191,0.98473026,0.078175801,0.60346209,0.040878936
1,192,0.98473026,0.078175801,0.60346209,0.040878936
1,193,0.98473026,0.078175801,0.60346209,0.040878936
1,194,0.98629848,0.077835535,0.60537454,0.040996045
1,195,0.98427796,0.078631315,0.60597339,0.040951734
1,196,0.99296997,0.079434621,0.59884201,0.041095282
1,197,0.99296997,0.079434621,0.59884201,0.041095282
1,198,0.99296997,0.079434621,0.59884201,0.041095282
1,199,0.98374423,0.079635491,0.60103307,0.041057828
1,200,0.98277054,0.079353979,0.60301635,0.040776289
1,201,0.98452379,0.078419068,0.60070869,0.040746523
1,202,0.98286951,0.07784006,0.60162824,0.041187406
1,203,0.97810491,0.078294832,0.60717796,0.041053183
1,204,0.97828787,0.076957218,0.60820613,0.04125311
1,205,0.97497858,0.076912714,0.61053646,0.041094955
1,206,0.97497858,0.076912714,0.61053646,0.041094955
1,207,0.97497858,0.076912714,0.61053646,0.041094955
1,208,0.97497858,0.076912714,0.61053646,0.041094955
1,209,0.97560127,0.077053042,0.61176937,0.041220122
1,210,0.97560127,0.077053042,0.61176937,0.041220122
1,211,0.97453477,0.077462397,0.60834816,0.04148152
1,212,0.97532128,0.077354391,0.61161443,0.041098708
1,213,0.97532128,0.077354391,0.61161443,0.041098708
1,214,0.97532128,0.077354391,0.61161443,0.041098708
1,215,0.97776128,0.07722343,0.61132172,0.041092587
1,216,0.97776128,0.07722343,0.61132172,0.041092587
1,217,0.97776128,0.07722343,0.61132172,0.041092587
1,218,0.97776128,0.07722343,0.61132172,0.041092587
1,219,0.97776128,0.07722343,0.61132172,0.041092587
1,220,0.97776128,0.07722343,0.61132172,0.041092587
1,221,0.97979558,0.077324868,0.60789719,0.041211252
1,222,0.98355199,0.077941547,0.60349795,0.041030215
1,223,0.98355199,0.077941547,0.60349795,0.041030215
1,224,0.98355199,0.077941547,0.60349795,0.041030215
1,225,0.98355199,0.077941547,0.60349795,0.041030215
1,226,0.98355199,0.077941547,0.60349795,0.041030215
1,227,0.99108648,0.078333419,0.59970583,0.040643199
1,228,0.99108648,0.078333419,0.59970583,0.040643199
1,229,0.99108648,0.078333419,0.59970583,0.040643199
1,230,0.98634292,0.078660297,0.60230048,0.040801571
1,231,0.98634292,0.078660297,0.60230048,0.040801571
1,232,0.98634292,0.078660297,0.60230048,0.040801571
1,233,0.98634292,0.078660297,0.60230048,0.040801571
1,234,0.98785486,0.078620664,0.60304918,0.040645503
1,235,0.98785486,0.078620664,0.60304918,0.040645503
1,236,0.98738777,0.078081096,0.60286586,0.040830422
1,237,0.99084264,0.078735606,0.59959167,0.040988477
1,238,0.99133438,0.078822683,0.60073712,0.04123934
1,239,0.98649901,0.077899542,0.6070264,0.040815297
1,240,0.98756671,0.077666259,0.60642744,0.040791178
1,241,0.98397891,0.07754906,0.60610546,0.041034683
1,242,0.98397891,0.07754906,0.60610546,0.041034683
1,243,0.98397891,0.07754906,0.60610546,0.041034683
1,244,0.98397891,0.07754906,0.60610546,0.041034683
1,245,0.98031678,0.07773246,0.60789165,0.040824064
1,246,0.97901711,0.077704555,0.6067661,0.040974942
1,247,0.97901711,0.077704555,0.6067661,0.040974942
1,248,0.98509343,0.077503988,0.60471102,0.040746564
1,249,0.98509343,0.077503988,0.60471102,0.040746564
1,250,0.98509343,0.077503988,0.60471102,0.040746564
1,251,0.98509343,0.077503988,0.60471102,0.040746564
1,252,0.98552068,0.077757405,0.6039988,0.040797452
1,253,0.98310756,0.077290892,0.60817589,0.040983813
1,254,0.97934885,0.078105411,0.60747326,0.040906592
1,255,0.97934885,0.078105411,0.60747326,0.040906592
1,256,0.97934885,0.078105411,0.60747326,0.040906592
1,257,0.97934885,0.078105411,0.60747326,0.040906592
1,258,0.97934885,0.078105411,0.60747326,0.040906592
1,259,0.98381324,0.078097464,0.6047795,0.040776746
1,260,0.98381324,0.078097464,0.6047795,0.040776746
1,261,0.98792476,0.078645126,0.60329967,0.040333399
1,262,0.98792476,0.078645126,0.60329967,0.040333399
1,263,0.98792476,0.078645126,0.60329967,0.040333399
1,264,0.98188078,0.078610652,0.60782422,0.040579004
1,265,0.98782986,0.078013084,0.60239097,0.040932271
1,266,0.98782986,0.078013084,0.60239097,0.040932271
1,267,0.98782986,0.078013084,0.60239097,0.040932271
1,268,0.98782986,0.078013084,0.60239097,0.040932271
1,269,0.98782986,0.078013084,0.60239097,0.040932271
1,270,0.98472156,0.078167435,0.60434834,0.041024072
1,271,0.98472156,0.078167435,0.60434834,0.041024072
1,272,0.98472156,0.078167435,0.60434834,0.041024072
1,273,0.98472156,0.078167435,0.60434834,0.041024072
1,274,0.98472156,0.078167435,0.60434834,0.041024072
1,275,0.98551958,0.078003832,0.60508311,0.040799112
1,276,0.98551958,0.078003832,0.60508311,0.040799112
1,277,0.98551958,0.078003832,0.60508311,0.040799112
1,278,0.98602935,0.07858423,0.60640313,0.040781527
1,279,0.98645642,0.078586066,0.6040596,0.04074736
1,280,0.98645642,0.078586066,0.6040596,0.04074736
1,281,0.98747128,0.078645104,0.60431155,0.04067916
1,282,0.98849604,0.078656515,0.60090669,0.040774582
1,283,0.98849604,0.078656515,0.60090669,0.040774582
1,284,0.98849604,0.078656515,0.60090669,0.040774582
1,285,0.99094553,0.078518,0.60136485,0.040849114
1,286,0.9874776,0.078282062,0.6019592,0.040993039
1,287,0.9874776,0.078282062,0.6019592,0.040993039
1,288,0.98834097,0.078675942,0.59997825,0.04086654
1,289,0.98650809,0.078467553,0.60077611,0.040811903
1,290,0.98968601,0.078606401,0.59943594,0.04094507
1,291,0.98968601,0.078606401,0.59943594,0.04094507
1,292,1.0029265,0.079069692,0.5926109,0.040420921
1,293,1.0029265,0.079069692,0.5926109,0.040420921
1,294,1.0029265,0.079069692,0.5926109,0.040420921
1,295,0.99707131,0.078940757,0.59277309,0.040241736
1,296,1.0018775,0.079248636,0.59225663,0.040579868
1,297,1.0018775,0.079248636,0.59225663,0.040579868
1,298,1.0018775,0.079248636,0.59225663,0.040579868
1,299,1.0018775,0.079248636,0.59225663,0.040579868
1,300,1.0018775,0.079248636,0.59225663,0.040579868
1,301,1.0018775,0.079248636,0.59225663,0.040579868
1,302,1.001615,0.079381183,0.59292802,0.040633564
1,303,1.001615,0.079381183,0.59292802,0.040633564
1,304,1.0012032,0.079530422,0.59571387,0.040575891
1,305,1.0012032,0.079530422,0.59571387,0.040575891
1,306,0.99764287,0.080023449,0.59734535,0.040100383
1,307,0.99764287,0.080023449,0.59734535,0.040100383
1,308,0.99764287,0.080023449,0.59734535,0.040100383
1,309,0.99764287,0.080023449,0.59734535,0.040100383
1,310,0.99764287,0.080023449,0.59734535,0.040100383
1,311,0.99403429,0.080116672,0.59423718,0.040290701
1,312,0.99844297,0.080049261,0.59542516,0.040011897
1,313,0.99844297,0.080049261,0.59542516,0.040011897
1,314,0.99844297,0.080049261,0.59542516,0.040011897
1,315,0.99844297,0.080049261,0.59542516,0.040011897
1,316,0.99844297,0.080049261,0.59542516,0.040011897
1,317,0.99844297,0.080049261,0.59542516,0.040011897
1,318,0.99844297,0.080049261,0.59542516,0.040011897
1,319,0.99844297,0.080049261,0.59542516,0.040011897
1,320,1.0027991,0.080615967,0.59021102,0.040185466
1,321,1.006287,0.080898108,0.59103878,0.039747396
1,322,1.006287,0.080898108,0.59103878,0.039747396
1,323,1.0093782,0.080818648,0.595154,0.039585651
1,324,1.0040929,0.080794971,0.59354488,0.039335524
1,325,1.0040929,0.080794971,0.59354488,0.039335524
1,326,0.99990112,0.08087928,0.59069796,0.039900672
1,327,1.0021341,0.081533253,0.5908974,0.040098387
1,328,1.0021341,0.081533253,0.5908974,0.040098387
1,329,1.0021341,0.081533253,0.5908974,0.040098387
1,330,1.0010854,0.081224046,0.59238734,0.040237077
1,331,1.0010854,0.081224046,0.59238734,0.040237077
1,332,1.0010854,0.081224046,0.59238734,0.040237077
1,333,1.0034672,0.081204443,0.58841096,0.040306836
1,334,1.0034672,0.081204443,0.58841096,0.040306836
1,335,1.0034672,0.081204443,0.58841096,0.040306836
1,336,1.0034672,0.081204443,0.58841096,0.040306836
1,337,1.0034672,0.081204443,0.58841096,0.040306836
1,338,1.0034985,0.081197854,0.58939476,0.040393165
1,339,1.0034985,0.081197854,0.58939476,0.040393165
1,340,1.003995,0.080662435,0.58882469,0.040194396
1,341,1.0060426,0.079992388,0.5887776,0.040205679
1,342,1.0010785,0.080673287,0.59066528,0.040440803
1,343,1.0010785,0.080673287,0.59066528,0.040440803
1,344,1.0010785,0.080673287,0.59066528,0.040440803
1,345,1.0010785,0.080673287,0.59066528,0.040440803
1,346,1.0010785,0.080673287,0.59066528,0.040440803
1,347,1.0010785,0.080673287,0.59066528,0.040440803
1,348,1.0010785,0.080673287,0.59066528,0.040440803
1,349,1.0051685,0.081452982,0.5933727,0.040180575
1,350,1.0003541,0.081188254,0.59542518,0.039605144
1,351,0.99683727,0.08033056,0.59929622,0.039863038
1,352,0.99563987,0.080206875,0.60040957,0.039996495
1,353,0.990341,0.079063348,0.60176976,0.04002558
1,354,0.990341,0.079063348,0.60176976,0.04002558
1,355,0.99238427,0.078796186,0.60225934,0.040110401
1,356,0.99238427,0.078796186,0.60225934,0.040110401
1,357,0.99407458,0.07868513,0.60343425,0.040038921
1,358,0.99407458,0.07868513,0.60343425,0.040038921
1,359,0.99407458,0.07868513,0.60343425,0.040038921
1,360,0.99407458,0.07868513,0.60343425,0.040038921
1,361,0.99407458,0.07868513,0.60343425,0.040038921
1,362,0.99522138,0.078333654,0.59981582,0.040045466
1,363,0.9925339,0.078462174,0.59893258,0.040586989
1,364,0.9925339,0.078462174,0.59893258,0.040586989
1,365,0.9925339,0.078462174,0.59893258,0.040586989
1,366,0.9872549,0.077629685,0.60499246,0.04071697
1,367,0.9872549,0.077629685,0.60499246,0.04071697
1,368,0.9872549,0.077629685,0.60499246,0.04071697
1,369,0.97909087,0.077976014,0.60542023,0.041051725
1,370,0.98076307,0.077714475,0.60313898,0.041290045
1,371,0.98482105,0.078159627,0.6035992,0.040948081
1,372,0.98416354,0.077672297,0.60266886,0.040571088
1,373,0.98474795,0.077983996,0.60135011,0.041134034
1,374,0.98474795,0.077983996,0.60135011,0.041134034
1,375,0.9896056,0.077572559,0.60395071,0.041070629
1,376,0.9852494,0.078375116,0.60412834,0.040574986
1,377,0.9852494,0.078375116,0.60412834,0.040574986
1,378,0.9852494,0.078375116,0.60412834,0.040574986
1,379,0.9852494,0.078375116,0.60412834,0.040574986
1,380,0.9852494,0.078375116,0.60412834,0.040574986
1,381,0.9852494,0.078375116,0.60412834,0.040574986
1,382,0.9852494,0.078375116,0.60412834,0.040574986
1,383,0.9852494,0.078375116,0.60412834,0.040574986
1,384,0.9852494,0.078375116,0.60412834,0.040574986
1,385,0.98999729,0.078301647,0.60166922,0.040714163
1,386,0.98999729,0.078301647,0.60166922,0.040714163
1,387,0.9895185,0.078484373,0.60015456,0.040725525
1,388,0.9895185,0.078484373,0.60015456,0.040725525
1,389,0.98968917,0.078621486,0.60238124,0.040623243
1,390,0.98968917,0.078621486,0.60238124,0.040623243
1,391,0.98968917,0.078621486,0.60238124,0.040623243
1,392,0.99346587,0.078147784,0.60010755,0.040527205
1,393,0.99346587,0.078147784,0.60010755,0.040527205
1,394,0.99346587,0.078147784,0.60010755,0.040527205
1,395,0.99346587,0.078147784,0.60010755,0.040527205
1,396,0.99906365,0.079153717,0.59692125,0.040451978
1,397,0.99494482,0.078681153,0.59894956,0.040285227
1,398,0.99661904,0.07993216,0.59812073,0.040079048
1,399,0.99661904,0.07993216,0.59812073,0.040079048
1,400,0.99407946,0.080110164,0.59854328,0.040271007
1,401,0.99442468,0.080086093,0.59682982,0.040380547
1,402,0.99695331,0.080208762,0.59622276,0.040489342
1,403,0.9907869,0.079622526,0.59551363,0.040875849
1,404,0.99890959,0.079639988,0.59441978,0.040382664
1,405,0.99890959,0.079639988,0.59441978,0.040382664
1,406,0.99890959,0.079639988,0.59441978,0.040382664
1,407,0.99779762,0.07938422,0.59414984,0.040385851
1,408,0.99779762,0.07938422,0.59414984,0.040385851
1,409,0.9970205,0.079403795,0.59500882,0.040280024
1,410,0.99862302,0.079768581,0.59421024,0.040404964
1,411,1.0011944,0.079632984,0.59223306,0.040435161
1,412,1.0074712,0.080096023,0.59019902,0.040122675
1,413,1.0074712,0.080096023,0.59019902,0.040122675
1,414,1.0074712,0.080096023,0.59019902,0.040122675
1,415,1.0049674,0.080854206,0.59266194,0.040039473
1,416,1.0009,0.080073208,0.59332384,0.039989363
1,417,0.99749692,0.080058178,0.59530196,0.040083503
1,418,0.99749692,0.080058178,0.59530196,0.040083503
1,419,0.99749692,0.080058178,0.59530196,0.040083503
1,420,1.0002557,0.080273121,0.59792526,0.039574528
1,421,1.0045515,0.07988489,0.5959196,0.03947847
1,422,1.0048128,0.079762801,0.59229473,0.039733758
1,423,1.0041622,0.079977225,0.58816848,0.039716835
1,424,1.0123308,0.079695552,0.58786928,0.039988719
1,425,1.0123308,0.079695552,0.58786928,0.039988719
1,426,1.0041569,0.080162932,0.59384702,0.040179237
1,427,1.0041569,0.080162932,0.59384702,0.040179237
1,428,1.0014444,0.079736026,0.59223122,0.040366479
1,429,1.0014444,0.079736026,0.59223122,0.040366479
1,430,1.0014444,0.079736026,0.59223122,0.040366479
1,431,1.0014444,0.079736026,0.59223122,0.040366479
1,432,1.0014444,0.079736026,0.59223122,0.040366479
1,433,1.0014444,0.079736026,0.59223122,0.040366479
1,434,1.0014444,0.079736026,0.59223122,0.040366479
1,435,1.0014444,0.079736026,0.59223122,0.040366479
1,436,1.0014444,0.079736026,0.59223122,0.040366479
1,437,1.0058057,0.08012795,0.59208722,0.040173359
1,438,1.0058057,0.08012795,0.59208722,0.040173359
1,439,1.0058057,0.08012795,0.59208722,0.040173359
1,440,1.0015709,0.080104444,0.59428033,0.040209827
1,441,1.0016921,0.080215843,0.59576537,0.040403627
1,442,1.0001761,0.079447073,0.59396564,0.040144408
1,443,1.0040412,0.079619483,0.5927333,0.040203939
1,444,1.0040412,0.079619483,0.5927333,0.040203939
1,445,1.0040412,0.079619483,0.5927333,0.040203939
1,446,1.0040412,0.079619483,0.5927333,0.040203939
1,447,0.99728402,0.079971976,0.59501236,0.040093903
1,448,0.99756677,0.080332313,0.59670827,0.039909199
1,449,1.0004399,0.07981181,0.5951465,0.04007429
1,450,1.0004399,0.07981181,0.5951465,0.04007429
1,451,0.9957247,0.079562212,0.59522213,0.040162858
1,452,0.99810892,0.080051049,0.59466768,0.039931157
1,453,1.0027353,0.07964974,0.5941794,0.039920516
1,454,1.0114823,0.080505298,0.58597907,0.039876136
1,455,1.0101474,0.080685395,0.58958661,0.039971915
1,456,1.0096594,0.081094176,0.58984972,0.039624607
1,457,1.0096594,0.081094176,0.58984972,0.039624607
1,458,1.0096594,0.081094176,0.58984972,0.039624607
1,459,1.0096594,0.081094176,0.58984972,0.039624607
1,460,1.0109246,0.081306031,0.59127833,0.039751101
1,461,1.016683,0.081889298,0.58685175,0.039625891
1,462,1.016683,0.081889298,0.58685175,0.039625891
1,463,1.016683,0.081889298,0.58685175,0.039625891
1,464,1.0184753,0.081155235,0.58571966,0.039832027
1,465,1.0125125,0.080808803,0.58734369,0.04016801
1,466,1.0100936,0.080774822,0.58752711,0.040206777
1,467,1.0107153,0.080990621,0.58737789,0.040212135
1,468,1.0023161,0.080797,0.59289691,0.040001937
1,469,1.0035046,0.080368468,0.59251558,0.040159625
1,470,1.0018195,0.080615111,0.58995343,0.040272107
1,471,1.0099307,0.080374517,0.59047968,0.039996012
1,472,1.0099307,0.080374517,0.59047968,0.039996012
1,473,1.0099307,0.080374517,0.59047968,0.039996012
1,474,1.0080507,0.079578834,0.59007019,0.039974095
1,475,1.0003522,0.080612443,0.59438911,0.039960383
1,476,1.0003522,0.080612443,0.59438911,0.039960383
1,477,1.0003522,0.080612443,0.59438911,0.039960383
1,478,1.0003522,0.080612443,0.59438911,0.039960383
1,479,1.0003522,0.080612443,0.59438911,0.039960383
1,480,0.99877553,0.08027281,0.59644451,0.040000007
1,481,0.99877553,0.08027281,0.59644451,0.040000007
1,482,0.99271495,0.079600892,0.60232559,0.040042902
1,483,0.99271495,0.079600892,0.60232559,0.040042902
1,484,0.99550048,0.079640244,0.59485887,0.040142002
1,485,0.99927404,0.079458437,0.59359984,0.040186846
1,486,0.99694564,0.079869001,0.59639669,0.040250892
1,487,1.000432,0.07961229,0.59725962,0.040193931
1,488,1.000432,0.07961229,0.59725962,0.040193931
1,489,0.99973084,0.079183582,0.59510517,0.040490911
1,490,0.99577683,0.080164151,0.59364766,0.040370844
1,491,1.0003315,0.079677267,0.59501713,0.040173228
1,492,1.0003315,0.079677267,0.59501713,0.040173228
1,493,1.0003315,0.079677267,0.59501713,0.040173228
1,494,1.0003315,0.079677267,0.59501713,0.040173228
1,495,0.99743844,0.079628681,0.59492535,0.040579077
1,496,0.99743844,0.079628681,0.59492535,0.040579077
1,497,0.99743844,0.079628681,0.59492535,0.040579077
1,498,0.9917503,0.079791495,0.59589682,0.040585793
1,499,0.99644986,0.08003664,0.59986544,0.040314703
1,500,0.99377811,0.079470575,0.59837153,0.040236181
1,501,0.99202073,0.079319316,0.59715411,0.040169406
1,502,0.99960871,0.079664735,0.59521265,0.040198731
1,503,1.0010509,0.08019064,0.5948394,0.040157179
1,504,1.0010509,0.08019064,0.5948394,0.040157179
1,505,1.0010509,0.08019064,0.5948394,0.040157179
1,506,1.0010509,0.08019064,0.5948394,0.040157179
1,507,1.002404,0.080593364,0.59336476,0.04030695
1,508,0.99120651,0.079524724,0.59865111,0.040435292
1,509,0.99120651,0.079524724,0.59865111,0.040435292
1,510,0.99120651,0.079524724,0.59865111,0.040435292
1,511,0.99167676,0.079449564,0.60081513,0.040656822
1,512,0.99167676,0.079449564,0.60081513,0.040656822
1,513,0.99167676,0.079449564,0.60081513,0.040656822
1,514,0.99503759,0.080009155,0.59671594,0.040211981
1,515,0.99503759,0.080009155,0.59671594,0.040211981
1,516,0.99503759,0.080009155,0.59671594,0.040211981
1,517,0.99629301,0.078883803,0.60138919,0.040261111
1,518,0.99666047,0.07934409,0.59991516,0.040187376
1,519,0.99666047,0.07934409,0.59991516,0.040187376
1,520,0.99666047,0.07934409,0.59991516,0.040187376
1,521,1.0000246,0.0803503,0.59594817,0.040236227
1,522,1.0000246,0.0803503,0.59594817,0.040236227
1,523,1.0000246,0.0803503,0.59594817,0.040236227
1,524,1.0000246,0.0803503,0.59594817,0.040236227
1,525,0.9957554,0.080008226,0.59550076,0.040081017
1,526,0.9957554,0.080008226,0.59550076,0.040081017
1,527,0.9957554,0.080008226,0.59550076,0.040081017
1,528,0.9957554,0.080008226,0.59550076,0.040081017
1,529,1.0035449,0.079905711,0.59236586,0.04008877
1,530,1.0004223,0.079347835,0.59404288,0.040188846
1,531,1.0004223,0.079347835,0.59404288,0.040188846
1,532,1.0004223,0.079347835,0.59404288,0.040188846
1,533,1.0004223,0.079347835,0.59404288,0.040188846
1,534,0.99336763,0.079801512,0.59707223,0.040226927
1,535,0.99674888,0.079526885,0.59558693,0.040657795
1,536,0.99674888,0.079526885,0.59558693,0.040657795
1,537,0.99619408,0.078547337,0.59825889,0.040383736
1,538,0.99619408,0.078547337,0.59825889,0.040383736
1,539,0.99391545,0.078854159,0.59744466,0.040797535
1,540,0.99391545,0.078854159,0.59744466,0.040797535
1,541,0.99391545,0.078854159,0.59744466,0.040797535
1,542,0.99391545,0.078854159,0.59744466,0.040797535
1,543,0.99391545,0.078854159,0.59744466,0.040797535
1,544,0.99052741,0.079129296,0.59924371,0.040686159
1,545,0.99052741,0.079129296,0.59924371,0.040686159
1,546,0.99014306,0.079191728,0.59687974,0.040803546
1,547,0.99490599,0.078346005,0.59420718,0.040469974
1,548,0.99490599,0.078346005,0.59420718,0.040469974
1,549,0.99170113,0.078234686,0.59957658,0.040617141
1,550,0.98997724,0.079097872,0.60060934,0.041043585
1,551,0.99066386,0.079945102,0.59951839,0.040957191
1,552,0.98876193,0.079852707,0.59893538,0.040907874
1,553,0.98876193,0.079852707,0.59893538,0.040907874
1,554,0.99146338,0.079847203,0.60049686,0.040300609
1,555,0.99309208,0.079570503,0.60062535,0.040512475
1,556,0.98955283,0.078772435,0.59606054,0.040723131
1,557,0.98955283,0.078772435,0.59606054,0.040723131
1,558,0.98955283,0.078772435,0.59606054,0.040723131
1,559,0.98955283,0.078772435,0.59606054,0.040723131
1,560,0.99112898,0.079614698,0.59951876,0.040799907
1,561,0.99112898,0.079614698,0.59951876,0.040799907
1,562,0.99142768,0.079213249,0.59895263,0.040803892
1,563,0.99142768,0.079213249,0.59895263,0.040803892
1,564,0.99142768,0.079213249,0.59895263,0.040803892
1,565,0.99271995,0.079055473,0.59805819,0.040801728
1,566,0.99271995,0.079055473,0.59805819,0.040801728
1,567,0.99792944,0.079245825,0.59443444,0.040674271
1,568,0.99792944,0.079245825,0.59443444,0.040674271
1,569,0.99685928,0.079201206,0.59334367,0.040615284
1,570,0.99685928,0.079201206,0.59334367,0.040615284
1,571,0.99334284,0.080072914,0.59645235,0.040547243
1,572,0.99334284,0.080072914,0.59645235,0.040547243
1,573,0.99334284,0.080072914,0.59645235,0.040547243
1,574,0.99399522,0.080128717,0.59757636,0.040333353
1,575,0.99235796,0.079972699,0.59791035,0.040292618
1,576,0.99235796,0.079972699,0.59791035,0.040292618
1,577,0.99235796,0.079972699,0.59791035,0.040292618
1,578,0.99604988,0.079475573,0.59779849,0.040110308
1,579,0.99604988,0.079475573,0.59779849,0.040110308
1,580,0.9952092,0.07981072,0.59771323,0.040135724
1,581,0.99296501,0.079621265,0.59646964,0.040316365
1,582,0.99296501,0.079621265,0.59646964,0.040316365
1,583,0.99296501,0.079621265,0.59646964,0.040316365
1,584,0.99669463,0.079651704,0.59767412,0.040069119
1,585,0.99616212,0.080065792,0.59811119,0.040111066
1,586,0.99616212,0.080065792,0.59811119,0.040111066
1,587,0.99541428,0.080283923,0.59443794,0.0403825
1,588,0.99929848,0.080992379,0.59437541,0.040038239
1,589,0.99929848,0.080992379,0.59437541,0.040038239
1,590,0.99929848,0.080992379,0.59437541,0.040038239
1,591,0.99929848,0.080992379,0.59437541,0.040038239
1,592,0.99929848,0.080992379,0.59437541,0.040038239
1,593,0.99929848,0.080992379,0.59437541,0.040038239
1,594,0.99929848,0.080992379,0.59437541,0.040038239
1,595,0.99929848,0.080992379,0.59437541,0.040038239
1,596,0.99929848,0.080992379,0.59437541,0.040038239
1,597,0.99929848,0.080992379,0.59437541,0.040038239
1,598,0.99929848,0.080992379,0.59437541,0.040038239
1,599,0.99929848,0.080992379,0.59437541,0.040038239
1,600,1.0066307,0.080350617,0.59662065,0.03985043
1,601,0.99713736,0.080133398,0.59963579,0.039948582
1,602,0.99713736,0.080133398,0.59963579,0.039948582
1,603,0.99207486,0.079242411,0.59547583,0.040333056
1,604,0.99207486,0.079242411,0.59547583,0.040333056
1,605,0.99763165,0.078640848,0.59869639,0.040545465
1,606,0.98826766,0.078827304,0.6015477,0.040219094
1,607,0.99143677,0.078826583,0.59815453,0.040409815
1,608,0.99143677,0.078826583,0.59815453,0.040409815
1,609,0.99143677,0.078826583,0.59815453,0.040409815
1,610,0.9910892,0.079235258,0.59840328,0.040748798
1,611,0.9910892,0.079235258,0.59840328,0.040748798
1,612,0.9910892,0.079235258,0.59840328,0.040748798
1,613,0.9910892,0.079235258,0.59840328,0.040748798
1,614,0.9910892,0.079235258,0.59840328,0.040748798
1,615,0.9910892,0.079235258,0.59840328,0.040748798
1,616,0.99035528,0.079048779,0.60151813,0.040365287
1,617,0.99035528,0.079048779,0.60151813,0.040365287
1,618,0.99035528,0.079048779,0.60151813,0.040365287
1,619,0.99035528,0.079048779,0.60151813,0.040365287
1,620,0.99370237,0.079521393,0.59703064,0.040616769
1,621,0.99370237,0.079521393,0.59703064,0.040616769
1,622,0.99370237,0.079521393,0.59703064,0.040616769
1,623,0.99370237,0.079521393,0.59703064,0.040616769
1,624,0.99370237,0.079521393,0.59703064,0.040616769
1,625,0.99370237,0.079521393,0.59703064,0.040616769
1,626,0.99370237,0.079521393,0.59703064,0.040616769
1,627,0.99370237,0.079521393,0.59703064,0.040616769
1,628,1.0003009,0.07904461,0.5944695,0.040256191
1,629,0.99675165,0.078662201,0.59784648,0.040315737
1,630,0.99675165,0.078662201,0.59784648,0.040315737
1,631,0.99675165,0.078662201,0.59784648,0.040315737
1,632,0.99675165,0.078662201,0.59784648,0.040315737
1,633,0.99675165,0.078662201,0.59784648,0.040315737
1,634,1.0014954,0.078917143,0.59768508,0.040111482
1,635,1.0014954,0.078917143,0.59768508,0.040111482
1,636,0.99478501,0.078395073,0.59751631,0.040494654
1,637,0.99478501,0.078395073,0.59751631,0.040494654
1,638,0.98618026,0.07841914,0.59964332,0.040593859
1,639,0.98981751,0.078434476,0.60288433,0.040337051
1,640,0.98981751,0.078434476,0.60288433,0.040337051
1,641,0.98743804,0.078566787,0.60614909,0.040552118
1,642,0.98788537,0.078475585,0.60231178,0.040402743
1,643,0.98617265,0.078997422,0.60154546,0.040692297
1,644,0.98617265,0.078997422,0.60154546,0.040692297
1,645,0.98617265,0.078997422,0.60154546,0.040692297
1,646,0.98617265,0.078997422,0.60154546,0.040692297
1,647,0.99276229,0.079259992,0.59901551,0.040732453
1,648,0.99276229,0.079259992,0.59901551,0.040732453
1,649,0.99452649,0.079444718,0.59650594,0.040589489
1,650,0.99452649,0.079444718,0.59650594,0.040589489
1,651,0.99228156,0.079608124,0.59826268,0.040336231
1,652,0.99228156,0.079608124,0.59826268,0.040336231
1,653,0.99488869,0.079719267,0.59393417,0.040098084
1,654,0.99602673,0.080583715,0.59832326,0.039801005
1,655,0.99602673,0.080583715,0.59832326,0.039801005
1,656,1.0010212,0.07996371,0.59829955,0.039638117
1,657,0.99791557,0.079851278,0.60131506,0.039758779
1,658,0.99673834,0.079698752,0.60121312,0.040232776
1,659,0.98601668,0.079506506,0.59750687,0.040831858
1,660,0.9905476,0.07916344,0.59744254,0.041174254
1,661,0.9905476,0.07916344,0.59744254,0.041174254
1,662,0.9905476,0.07916344,0.59744254,0.041174254
1,663,0.9902211,0.078141086,0.60368487,0.040737459
1,664,0.99365965,0.078301093,0.60130332,0.040638319
1,665,0.9925127,0.07811425,0.59978322,0.040559577
1,666,0.9925127,0.07811425,0.59978322,0.040559577
1,667,0.9925127,0.07811425,0.59978322,0.040559577
1,668,0.99489115,0.078578924,0.59839214,0.040681202
1,669,0.9954115,0.078931241,0.60101808,0.040421051
1,670,0.9954115,0.078931241,0.60101808,0.040421051
1,671,0.99542337,0.078967783,0.6010639,0.040421875
1,672,0.99542337,0.078967783,0.6010639,0.040421875
1,673,0.99542337,0.078967783,0.6010639,0.040421875
1,674,0.99542337,0.078967783,0.6010639,0.040421875
1,675,0.99462533,0.078339135,0.59807208,0.040765337
1,676,0.99462533,0.078339135,0.59807208,0.040765337
1,677,0.99589759,0.078938347,0.59540226,0.040575539
1,678,0.99930093,0.079393316,0.59713877,0.040543552
1,679,0.98820153,0.079424749,0.5992983,0.040695677
1,680,0.98939132,0.078934304,0.60148782,0.040617257
1,681,0.99200567,0.078920446,0.60089167,0.040511248
1,682,0.99200567,0.078920446,0.60089167,0.040511248
1,683,0.99461079,0.07862901,0.60175247,0.040629296
1,684,0.98841174,0.078429411,0.59929223,0.040502513
1,685,0.99404244,0.078766949,0.59775139,0.040408688
1,686,0.99404244,0.078766949,0.59775139,0.040408688
1,687,0.99645029,0.079632695,0.59455662,0.040473033
1,688,0.99027258,0.079522684,0.60117614,0.040552604
1,689,0.99027258,0.079522684,0.60117614,0.040552604
1,690,0.99027258,0.079522684,0.60117614,0.040552604
1,691,0.98797958,0.078044939,0.60188324,0.040724788
1,692,0.98797958,0.078044939,0.60188324,0.040724788
1,693,0.98797958,0.078044939,0.60188324,0.040724788
1,694,0.98559215,0.07791405,0.60424839,0.040754808
1,695,0.98124873,0.077609376,0.60501334,0.040899377
1,696,0.98179363,0.077666219,0.60402784,0.041195671
1,697,0.98179363,0.077666219,0.60402784,0.041195671
1,698,0.98179363,0.077666219,0.60402784,0.041195671
1,699,0.98179363,0.077666219,0.60402784,0.041195671
1,700,0.98225551,0.077595375,0.60478658,0.041344977
1,701,0.97974581,0.078303461,0.60343511,0.041001054
1,702,0.98407421,0.078096773,0.6034286,0.041321132
1,703,0.98407421,0.078096773,0.6034286,0.041321132
1,704,0.98407421,0.078096773,0.6034286,0.041321132
1,705,0.98205827,0.07898552,0.60436113,0.041059651
1,706,0.98205827,0.07898552,0.60436113,0.041059651
1,707,0.98222278,0.078648647,0.60782698,0.040547682
1,708,0.98291614,0.077799603,0.60785436,0.040645247
1,709,0.98208173,0.078685108,0.60581566,0.040915783
1,710,0.98493231,0.078493381,0.60409588,0.040935567
1,711,0.98037041,0.07827828,0.60277219,0.041114251
1,712,0.97990889,0.078023708,0.60807363,0.040827397
1,713,0.97990889,0.078023708,0.60807363,0.040827397
1,714,0.98281686,0.077949433,0.60816221,0.040730116
1,715,0.98281686,0.077949433,0.60816221,0.040730116
1,716,0.98281686,0.077949433,0.60816221,0.040730116
1,717,0.9847777,0.077391231,0.60691381,0.04075996
1,718,0.97991127,0.077718038,0.60592923,0.040977505
1,719,0.97991127,0.077718038,0.60592923,0.040977505
1,720,0.98687384,0.077889777,0.60275624,0.04102122
1,721,0.98687384,0.077889777,0.60275624,0.04102122
1,722,0.98687384,0.077889777,0.60275624,0.04102122
1,723,0.98687384,0.077889777,0.60275624,0.04102122
1,724,0.98635359,0.077319165,0.6016642,0.041102613
1,725,0.98635359,0.077319165,0.6016642,0.041102613
1,726,0.98752853,0.077901553,0.60508559,0.040822355
1,727,0.98752853,0.077901553,0.60508559,0.040822355
1,728,0.98846752,0.077734059,0.60393385,0.040944194
1,729,0.98408812,0.077787293,0.60496473,0.040965737
1,730,0.98476295,0.078050266,0.60435693,0.041099854
1,731,0.98476295,0.078050266,0.60435693,0.041099854
1,732,0.97753896,0.077343622,0.60668081,0.041493773
1,733,0.97591061,0.077563551,0.60926587,0.041546229
1,734,0.97591061,0.077563551,0.60926587,0.041546229
1,735,0.97116312,0.07782761,0.61127009,0.04112803
1,736,0.97348549,0.077230427,0.61010268,0.041446393
1,737,0.97284736,0.07679428,0.61254587,0.041422521
1,738,0.97410136,0.077644882,0.61038347,0.040907543
1,739,0.97851875,0.077478176,0.61057739,0.0409692
1,740,0.98188597,0.077994915,0.60659943,0.041140197
1,741,0.98188597,0.077994915,0.60659943,0.041140197
1,742,0.98188597,0.077994915,0.60659943,0.041140197
1,743,0.98164661,0.077489283,0.60818468,0.041018332
1,744,0.98164661,0.077489283,0.60818468,0.041018332
1,745,0.98240305,0.078028874,0.60937318,0.041039922
1,746,0.98620022,0.078489969,0.60408875,0.040931396
1,747,0.98620022,0.078489969,0.60408875,0.040931396
1,748,0.98620022,0.078489969,0.60408875,0.040931396
1,749,0.99017898,0.078662027,0.60187718,0.040832141
1,750,0.98574402,0.078245863,0.60175439,0.040870492
1,751,0.98574402,0.078245863,0.60175439,0.040870492
1,752,0.98505752,0.077796714,0.60184163,0.040820411
1,753,0.98505752,0.077796714,0.60184163,0.040820411
1,754,0.97785715,0.077505426,0.60683118,0.04070072
1,755,0.99018857,0.077301031,0.60359878,0.040982336
1,756,0.98555729,0.077817219,0.60365924,0.040594746
1,757,0.98555729,0.077817219,0.60365924,0.040594746
1,758,0.98678377,0.078260007,0.60540357,0.041035781
1,759,0.98662507,0.078308485,0.60565509,0.040656275
1,760,0.98549683,0.078635296,0.6034503,0.04078919
1,761,0.98866115,0.078620393,0.60208691,0.040900878
1,762,0.98530511,0.07842491,0.60258386,0.040819067
1,763,0.98530511,0.07842491,0.60258386,0.040819067
1,764,0.98530511,0.07842491,0.60258386,0.040819067
1,765,0.98651657,0.07876975,0.60210108,0.040688558
1,766,0.98651657,0.07876975,0.60210108,0.040688558
1,767,0.98651657,0.07876975,0.60210108,0.040688558
1,768,0.98651657,0.07876975,0.60210108,0.040688558
1,769,0.98302929,0.078782272,0.60640218,0.041028849
1,770,0.98786718,0.078703336,0.60567879,0.040979643
1,771,0.98201729,0.078072737,0.60567764,0.041218936
1,772,0.98594471,0.078186987,0.60527953,0.040892755
1,773,0.98594471,0.078186987,0.60527953,0.040892755
1,774,0.98134561,0.078057392,0.60387601,0.040909529
1,775,0.98134561,0.078057392,0.60387601,0.040909529
1,776,0.98258885,0.077752451,0.60186601,0.040979603
1,777,0.98258885,0.077752451,0.60186601,0.040979603
1,778,0.98258885,0.077752451,0.60186601,0.040979603
1,779,0.98565425,0.077102583,0.60506284,0.040629641
1,780,0.98717806,0.077404136,0.60252728,0.040656229
1,781,0.98717806,0.077404136,0.60252728,0.040656229
1,782,0.99000246,0.077922356,0.60011111,0.040906413
1,783,0.99000246,0.077922356,0.60011111,0.040906413
1,784,0.99059512,0.078189772,0.60144609,0.040878691
1,785,0.99059512,0.078189772,0.60144609,0.040878691
1,786,0.98681316,0.078453795,0.60051888,0.040777851
1,787,0.98724026,0.078320214,0.60389631,0.041002244
1,788,0.98724026,0.078320214,0.60389631,0.041002244
1,789,0.97842211,0.077627656,0.6059226,0.040954042
1,790,0.97842211,0.077627656,0.6059226,0.040954042
1,791,0.97856087,0.077432546,0.60924515,0.040884661
1,792,0.97856087,0.077432546,0.60924515,0.040884661
1,793,0.97856087,0.077432546,0.60924515,0.040884661
1,794,0.97782963,0.077258608,0.6097711,0.040918254
1,795,0.98650411,0.077795225,0.60472103,0.040862125
1,796,0.98930545,0.078401103,0.60307876,0.040705116
1,797,0.98930545,0.078401103,0.60307876,0.040705116
1,798,0.98930545,0.078401103,0.60307876,0.040705116
1,799,0.98930545,0.078401103,0.60307876,0.040705116
1,800,0.98930545,0.078401103,0.60307876,0.040705116
1,801,0.98692208,0.078609319,0.6031688,0.040786275
1,802,0.98636058,0.078116751,0.60234704,0.040787418
1,803,0.98492781,0.07894033,0.60384529,0.040728798
1,804,0.98492781,0.07894033,0.60384529,0.040728798
1,805,0.98585772,0.079525383,0.59832676,0.040868225
1,806,0.9852278,0.079147104,0.60543981,0.040881987
1,807,0.9852278,0.079147104,0.60543981,0.040881987
1,808,0.98112594,0.077560449,0.60704642,0.040788611
1,809,0.98194233,0.078545425,0.60689567,0.040606904
1,810,0.98194233,0.078545425,0.60689567,0.040606904
1,811,0.98194233,0.078545425,0.60689567,0.040606904
1,812,0.97915942,0.078018117,0.60754394,0.040838661
1,813,0.97915942,0.078018117,0.60754394,0.040838661
1,814,0.98575533,0.078597184,0.6050708,0.040633238
1,815,0.98575533,0.078597184,0.6050708,0.040633238
1,816,0.98575533,0.078597184,0.6050708,0.040633238
1,817,0.98575533,0.078597184,0.6050708,0.040633238
1,818,0.98575533,0.078597184,0.6050708,0.040633238
1,819,0.98575533,0.078597184,0.6050708,0.040633238
1,820,0.97952933,0.078208047,0.6083323,0.040978364
1,821,0.97952933,0.078208047,0.6083323,0.040978364
1,822,0.97952933,0.078208047,0.6083323,0.040978364
1,823,0.9835706,0.077608109,0.60420695,0.040982268
1,824,0.9835706,0.077608109,0.60420695,0.040982268
1,825,0.9835706,0.077608109,0.60420695,0.040982268
1,826,0.9835706,0.077608109,0.60420695,0.040982268
1,827,0.9835706,0.077608109,0.60420695,0.040982268
1,828,0.9835706,0.077608109,0.60420695,0.040982268
1,829,0.9835706,0.077608109,0.60420695,0.040982268
1,830,0.98761733,0.078125988,0.6024748,0.040868387
1,831,0.98761733,0.078125988,0.6024748,0.040868387
1,832,0.98617076,0.078227941,0.60558244,0.040499671
1,833,0.98617076,0.078227941,0.60558244,0.040499671
1,834,0.98617076,0.078227941,0.60558244,0.040499671
1,835,0.98408209,0.078025623,0.60500643,0.0405127
1,836,0.98408209,0.078025623,0.60500643,0.0405127
1,837,0.99136545,0.078978861,0.60099243,0.040340973
1,838,0.98458581,0.07890805,0.60335999,0.040975639
1,839,0.98465448,0.078503921,0.6030027,0.041112457
1,840,0.98575643,0.078430333,0.59973887,0.041024245
1,841,0.98727028,0.078472487,0.60411957,0.041089457
1,842,0.98639621,0.078555117,0.60175626,0.040930244
1,843,0.98639621,0.078555117,0.60175626,0.040930244
1,844,0.98639621,0.078555117,0.60175626,0.040930244
1,845,0.98896704,0.078327727,0.60042602,0.040749421
1,846,0.98884937,0.078641731,0.59985951,0.040607594
1,847,0.98884937,0.078641731,0.59985951,0.040607594
1,848,0.98884937,0.078641731,0.59985951,0.040607594
1,849,0.98884937,0.078641731,0.59985951,0.040607594
1,850,0.98884937,0.078641731,0.59985951,0.040607594
1,851,0.98884937,0.078641731,0.59985951,0.040607594
1,852,0.98884937,0.078641731,0.59985951,0.040607594
1,853,0.98609875,0.079166947,0.59993274,0.040743892
1,854,0.98609875,0.079166947,0.59993274,0.040743892
1,855,0.9952426,0.079061684,0.59854308,0.039980347
1,856,0.99504781,0.079073047,0.59922298,0.040212131
1,857,0.99504781,0.079073047,0.59922298,0.040212131
1,858,0.99504781,0.079073047,0.59922298,0.040212131
1,859,0.99504781,0.079073047,0.59922298,0.040212131
1,860,0.99504781,0.079073047,0.59922298,0.040212131
1,861,0.99504781,0.079073047,0.59922298,0.040212131
1,862,0.99845679,0.079573494,0.59681327,0.040301808
1,863,0.99845679,0.079573494,0.59681327,0.040301808
1,864,0.99845679,0.079573494,0.59681327,0.040301808
1,865,0.99845679,0.079573494,0.59681327,0.040301808
1,866,0.99845679,0.079573494,0.59681327,0.040301808
1,867,0.99845679,0.079573494,0.59681327,0.040301808
1,868,0.99845679,0.079573494,0.59681327,0.040301808
1,869,0.99845679,0.079573494,0.59681327,0.040301808
1,870,0.99501792,0.079603883,0.59505047,0.040492306
1,871,0.99667276,0.07899201,0.59725228,0.04041527
1,872,0.99667276,0.07899201,0.59725228,0.04041527
1,873,0.99667276,0.07899201,0.59725228,0.04041527
1,874,1.0019222,0.079109525,0.59471058,0.040183592
1,875,1.0019222,0.079109525,0.59471058,0.040183592
1,876,0.99739798,0.080225576,0.59817249,0.040084924
1,877,0.99739798,0.080225576,0.59817249,0.040084924
1,878,0.99739798,0.080225576,0.59817249,0.040084924
1,879,0.99450459,0.079321687,0.59992559,0.040379702
1,880,0.99450459,0.079321687,0.59992559,0.040379702
1,881,0.99450459,0.079321687,0.59992559,0.040379702
1,882,0.99218647,0.079585158,0.59968424,0.040453676
1,883,0.99218647,0.079585158,0.59968424,0.040453676
1,884,0.99218647,0.079585158,0.59968424,0.040453676
1,885,0.99462898,0.079820693,0.59853439,0.040452603
1,886,0.99767044,0.079477028,0.59826053,0.040119026
1,887,0.99754115,0.079557348,0.59825329,0.040317807
1,888,1.0030473,0.079386695,0.59344239,0.040044656
1,889,1.0030473,0.079386695,0.59344239,0.040044656
1,890,1.0016138,0.079037494,0.59593087,0.040029814
1,891,0.98989391,0.077871821,0.59825297,0.040962814
1,892,0.99299676,0.078983858,0.59555376,0.040817909
1,893,0.99793541,0.07930077,0.59296727,0.040706994
1,894,0.99703039,0.078876503,0.59509201,0.040425311
1,895,0.99961267,0.079406812,0.59910505,0.040362569
1,896,0.99663132,0.079988673,0.59372514,0.040176125
1,897,0.99955455,0.080358811,0.59290739,0.040127413
1,898,0.99955455,0.080358811,0.59290739,0.040127413
1,899,0.99166802,0.080236187,0.59861231,0.040273115
1,900,0.9968483,0.080495295,0.5982515,0.040360729
1,901,1.001098,0.080553542,0.59784401,0.040221251
1,902,1.0020953,0.079669787,0.59589452,0.040393477
1,903,0.99381576,0.079519146,0.59767966,0.040266436
1,904,0.99577282,0.079666306,0.59793106,0.040419236
1,905,0.99577282,0.079666306,0.59793106,0.040419236
1,906,0.99577282,0.079666306,0.59793106,0.040419236
1,907,0.99891014,0.079326024,0.59441372,0.040513638
1,908,0.99603575,0.080440826,0.596434,0.040501636
1,909,0.99603575,0.080440826,0.596434,0.040501636
1,910,0.99794339,0.080219244,0.59878928,0.040403211
1,911,0.99901257,0.079811119,0.59219699,0.04054003
1,912,0.99756646,0.080654344,0.59511849,0.040373864
1,913,0.99979358,0.080295261,0.59091319,0.040621327
1,914,0.99979358,0.080295261,0.59091319,0.040621327
1,915,0.99979358,0.080295261,0.59091319,0.040621327
1,916,0.99979358,0.080295261,0.59091319,0.040621327
1,917,0.99601516,0.079104745,0.59905353,0.040411249
1,918,0.99424893,0.079344724,0.59995871,0.040459103
1,919,0.99424893,0.079344724,0.59995871,0.040459103
1,920,0.99424893,0.079344724,0.59995871,0.040459103
1,921,0.99424893,0.079344724,0.59995871,0.040459103
1,922,0.99402117,0.078926118,0.59897581,0.040543587
1,923,0.9851587,0.078012276,0.60305247,0.040779315
1,924,0.9851587,0.078012276,0.60305247,0.040779315
1,925,0.9851587,0.078012276,0.60305247,0.040779315
1,926,0.9851587,0.078012276,0.60305247,0.040779315
1,927,0.9851587,0.078012276,0.60305247,0.040779315
1,928,0.98825446,0.078853036,0.60176029,0.040582882
1,929,0.98825446,0.078853036,0.60176029,0.040582882
1,930,0.98825446,0.078853036,0.60176029,0.040582882
1,931,0.98825446,0.078853036,0.60176029,0.040582882
1,932,0.98825446,0.078853036,0.60176029,0.040582882
1,933,0.98825446,0.078853036,0.60176029,0.040582882
1,934,0.99146973,0.078880923,0.59735948,0.040752657
1,935,0.99146973,0.078880923,0.59735948,0.040752657
1,936,0.99702835,0.079309988,0.59624646,0.040500292
1,937,0.99219254,0.079346606,0.60051539,0.040376706
1,938,0.99219254,0.079346606,0.60051539,0.040376706
1,939,0.99219254,0.079346606,0.60051539,0.040376706
1,940,0.99219254,0.079346606,0.60051539,0.040376706
1,941,0.99051793,0.078953288,0.60080657,0.040300505
1,942,0.99311528,0.0788901,0.60176677,0.040441868
1,943,0.99311528,0.0788901,0.60176677,0.040441868
1,944,0.99311528,0.0788901,0.60176677,0.040441868
1,945,0.99882005,0.079104505,0.59581907,0.04059846
1,946,1.0024065,0.079157598,0.59509524,0.040434234
1,947,1.0024065,0.079157598,0.59509524,0.040434234
1,948,0.99948912,0.079340476,0.59272185,0.040485005
1,949,0.99948912,0.079340476,0.59272185,0.040485005
1,950,0.99948912,0.079340476,0.59272185,0.040485005
1,951,0.99759882,0.079831914,0.59635291,0.040487983
1,952,0.99759882,0.079831914,0.59635291,0.040487983
1,953,0.99759882,0.079831914,0.59635291,0.040487983
1,954,0.99431058,0.079604636,0.59682812,0.040633513
1,955,0.99431058,0.079604636,0.59682812,0.040633513
1,956,0.99431058,0.079604636,0.59682812,0.040633513
1,957,0.99431058,0.079604636,0.59682812,0.040633513
1,958,0.99174939,0.079256143,0.60017212,0.040792822
1,959,0.99174939,0.079256143,0.60017212,0.040792822
1,960,0.99174939,0.079256143,0.60017212,0.040792822
1,961,0.994475,0.079395649,0.60285219,0.040581988
1,962,0.98965725,0.079306801,0.59995373,0.040622512
1,963,0.98965725,0.079306801,0.59995373,0.040622512
1,964,0.99765981,0.079157343,0.59921702,0.040369655
1,965,0.99765981,0.079157343,0.59921702,0.040369655
1,966,0.99300306,0.079167757,0.60227133,0.040411602
1,967,0.99588266,0.079017494,0.59962031,0.040561498
1,968,0.99588266,0.079017494,0.59962031,0.040561498
1,969,0.99588266,0.079017494,0.59962031,0.040561498
1,970,0.99588266,0.079017494,0.59962031,0.040561498
1,971,0.99086916,0.07988553,0.59845259,0.040526463
1,972,0.99230013,0.079690052,0.59954432,0.040345165
1,973,0.99387978,0.07933786,0.59929038,0.040197704
1,974,0.99387978,0.07933786,0.59929038,0.040197704
1,975,0.99387978,0.07933786,0.59929038,0.040197704
1,976,0.99387978,0.07933786,0.59929038,0.040197704
1,977,0.99620015,0.07964016,0.59845936,0.040178534
1,978,0.99620015,0.07964016,0.59845936,0.040178534
1,979,0.99714223,0.07920569,0.59884699,0.04020491
1,980,0.99714223,0.07920569,0.59884699,0.04020491
1,981,0.99714223,0.07920569,0.59884699,0.04020491
1,982,0.99691796,0.079120303,0.59465012,0.040314192
1,983,0.99691796,0.079120303,0.59465012,0.040314192
1,984,0.99691796,0.079120303,0.59465012,0.040314192
1,985,0.99691796,0.079120303,0.59465012,0.040314192
1,986,0.99622657,0.079426389,0.59481638,0.040320399
1,987,0.99371142,0.079715784,0.598404,0.040123002
1,988,0.99371142,0.079715784,0.598404,0.040123002
1,989,0.99371142,0.079715784,0.598404,0.040123002
1,990,0.99180571,0.079408092,0.60026808,0.040345891
1,991,0.99251324,0.079224845,0.60049246,0.040324711
1,992,0.99251324,0.079224845,0.60049246,0.040324711
1,993,0.99524569,0.078837307,0.60016526,0.040536619
1,994,0.99524569,0.078837307,0.60016526,0.040536619
1,995,0.98864199,0.078648081,0.60064447,0.040347418
1,996,0.98864199,0.078648081,0.60064447,0.040347418
1,997,0.98683008,0.078995327,0.59699379,0.04047984
1,998,0.99364002,0.079719402,0.59918189,0.040073376
1,999,0.99364002,0.079719402,0.59918189,0.040073376
1,1000,0.99552821,0.079761573,0.59897764,0.040239204
1,1001,0.99552821,0.079761573,0.59897764,0.040239204
1,1002,1.0002764,0.079884781,0.59440257,0.040404956
1,1003,1.0002764,0.079884781,0.59440257,0.040404956
1,1004,1.0002764,0.079884781,0.59440257,0.040404956
1,1005,0.99678686,0.080480149,0.59699494,0.040364557
1,1006,0.99556129,0.079657573,0.59897139,0.040413385
1,1007,0.99556129,0.079657573,0.59897139,0.040413385
1,1008,0.99556129,0.079657573,0.59897139,0.040413385
1,1009,0.99556129,0.079657573,0.59897139,0.040413385
1,1010,0.99556129,0.079657573,0.59897139,0.040413385
1,1011,0.99245665,0.079429278,0.59754366,0.040247636
1,1012,1.0016227,0.079130485,0.59367793,0.040552911
1,1013,1.0049225,0.080268852,0.59096937,0.040456977
1,1014,1.005226,0.07997258,0.5918008,0.04050569
1,1015,1.0124742,0.08033157,0.58626975,0.04017813
1,1016,1.0124742,0.08033157,0.58626975,0.04017813
1,1017,1.0121236,0.079893975,0.58964657,0.039978098
1,1018,1.0121236,0.079893975,0.58964657,0.039978098
1,1019,1.0121236,0.079893975,0.58964657,0.039978098
1,1020,1.0121236,0.079893975,0.58964657,0.039978098
1,1021,1.0103912,0.080037147,0.58585588,0.040039532
1,1022,1.0103912,0.080037147,0.58585588,0.040039532
1,1023,1.0088922,0.080076138,0.58592748,0.040143551
1,1024,1.0093158,0.079948242,0.59012886,0.040230564
1,1025,1.0121211,0.080604313,0.58494509,0.039821325
1,1026,1.0074327,0.080059056,0.59018697,0.040449153
1,1027,1.0074327,0.080059056,0.59018697,0.040449153
1,1028,1.0074327,0.080059056,0.59018697,0.040449153
1,1029,1.0074327,0.080059056,0.59018697,0.040449153
1,1030,1.0113402,0.080248263,0.59123958,0.040105738
1,1031,1.0113402,0.080248263,0.59123958,0.040105738
1,1032,1.0113402,0.080248263,0.59123958,0.040105738
1,1033,1.005024,0.080249617,0.59261444,0.040027389
1,1034,1.005024,0.080249617,0.59261444,0.040027389
1,1035,1.005024,0.080249617,0.59261444,0.040027389
1,1036,1.0079489,0.079869611,0.59293872,0.040025598
1,1037,1.0079489,0.079869611,0.59293872,0.040025598
1,1038,0.9988688,0.080175763,0.59745973,0.039947847
1,1039,0.9988688,0.080175763,0.59745973,0.039947847
1,1040,1.0034699,0.079490167,0.59590893,0.039870821
1,1041,1.0034699,0.079490167,0.59590893,0.039870821
1,1042,1.0034699,0.079490167,0.59590893,0.039870821
1,1043,1.0042258,0.07988181,0.59563578,0.04019875
1,1044,1.0013809,0.08010913,0.59507152,0.040304038
1,1045,1.0013809,0.08010913,0.59507152,0.040304038
1,1046,0.99520947,0.078387338,0.59580535,0.040677983
1,1047,0.99520947,0.078387338,0.59580535,0.040677983
1,1048,0.99520947,0.078387338,0.59580535,0.040677983
1,1049,0.99414365,0.077900328,0.60078485,0.040750711
1,1050,0.99020392,0.077845865,0.60323111,0.041107594
1,1051,0.98120537,0.078423017,0.60311045,0.041247569
1,1052,0.98066934,0.077752304,0.60763591,0.041216902
1,1053,0.98066934,0.077752304,0.60763591,0.041216902
1,1054,0.98066934,0.077752304,0.60763591,0.041216902
1,1055,0.98066934,0.077752304,0.60763591,0.041216902
1,1056,0.97915078,0.077409897,0.60816544,0.041245706
1,1057,0.97915078,0.077409897,0.60816544,0.041245706
1,1058,0.97915078,0.077409897,0.60816544,0.041245706
1,1059,0.97915078,0.077409897,0.60816544,0.041245706
1,1060,0.97915078,0.077409897,0.60816544,0.041245706
1,1061,0.97915078,0.077409897,0.60816544,0.041245706
1,1062,0.97618495,0.077399505,0.60767824,0.041243599
1,1063,0.97618495,0.077399505,0.60767824,0.041243599
1,1064,0.97747481,0.07746964,0.60849333,0.0410567
1,1065,0.97747481,0.07746964,0.60849333,0.0410567
1,1066,0.97747481,0.07746964,0.60849333,0.0410567
1,1067,0.97747481,0.07746964,0.60849333,0.0410567
1,1068,0.97608261,0.078218382,0.60537267,0.04101773
1,1069,0.98475737,0.078026464,0.59991881,0.040614765
1,1070,0.98475737,0.078026464,0.59991881,0.040614765
1,1071,0.99313897,0.078583265,0.60339592,0.040494425
1,1072,0.9939247,0.078823702,0.59801942,0.040427663
1,1073,0.9939247,0.078823702,0.59801942,0.040427663
1,1074,0.9939247,0.078823702,0.59801942,0.040427663
1,1075,0.9927579,0.077789089,0.59922255,0.040718668
1,1076,0.9927579,0.077789089,0.59922255,0.040718668
1,1077,0.98971185,0.078919929,0.59946715,0.040713506
1,1078,0.98971185,0.078919929,0.59946715,0.040713506
1,1079,0.98971185,0.078919929,0.59946715,0.040713506
1,1080,0.98971185,0.078919929,0.59946715,0.040713506
1,1081,0.99627013,0.079435709,0.59650128,0.040483946
1,1082,0.99627013,0.079435709,0.59650128,0.040483946
1,1083,0.99627013,0.079435709,0.59650128,0.040483946
1,1084,0.99627013,0.079435709,0.59650128,0.040483946
1,1085,0.99627013,0.079435709,0.59650128,0.040483946
1,1086,0.99487674,0.079405517,0.59789488,0.040556745
1,1087,1.0000448,0.079405589,0.59609547,0.040481798
1,1088,0.99921206,0.07968972,0.5931999,0.040268245
1,1089,1.0043249,0.07948069,0.59574081,0.040402531
1,1090,0.99687241,0.079736206,0.59500054,0.040109277
1,1091,1.0027669,0.0800107,0.59219882,0.040380259
1,1092,1.0027669,0.0800107,0.59219882,0.040380259
1,1093,1.0027669,0.0800107,0.59219882,0.040380259
1,1094,1.0027669,0.0800107,0.59219882,0.040380259
1,1095,0.99745292,0.079301173,0.59496705,0.040173937
1,1096,0.99802772,0.078889824,0.59747309,0.040087301
1,1097,0.99991103,0.078877173,0.59695124,0.040259251
1,1098,0.99751721,0.079888101,0.5991185,0.040339854
1,1099,0.99783936,0.07971429,0.59798754,0.040468146
1,1100,0.99783936,0.07971429,0.59798754,0.040468146
1,1101,1.0005358,0.080198344,0.59599485,0.040131295
1,1102,1.0030453,0.078794602,0.59393856,0.040179085
1,1103,1.0030453,0.078794602,0.59393856,0.040179085
1,1104,1.0030453,0.078794602,0.59393856,0.040179085
1,1105,1.0046956,0.079049782,0.59406636,0.039968484
1,1106,1.0046956,0.079049782,0.59406636,0.039968484
1,1107,0.99935825,0.079226315,0.59834331,0.039776456
1,1108,0.99935825,0.079226315,0.59834331,0.039776456
1,1109,0.99619197,0.079493636,0.59982297,0.040022931
1,1110,0.99738439,0.07901704,0.59799556,0.039941992
1,1111,0.99864067,0.078430861,0.59869227,0.040454145
1,1112,0.99808988,0.078821593,0.59231117,0.040709062
1,1113,0.99689407,0.078890886,0.59377955,0.040912627
1,1114,0.99681863,0.07922147,0.59892684,0.040825909
1,1115,1.0022518,0.079391534,0.59820197,0.040343244
1,1116,0.99029498,0.079639747,0.6006459,0.040029487
1,1117,0.99164203,0.080303546,0.59913832,0.040398107
1,1118,0.99164203,0.080303546,0.59913832,0.040398107
1,1119,0.99154027,0.080197807,0.59785097,0.040379729
1,1120,0.99159405,0.079973924,0.59912564,0.040093316
1,1121,0.99213328,0.079261858,0.59746823,0.040145377
1,1122,0.99738442,0.079001977,0.59774641,0.040035799
1,1123,0.99738442,0.079001977,0.59774641,0.040035799
1,1124,0.99738442,0.079001977,0.59774641,0.040035799
1,1125,0.9979725,0.078833449,0.59775671,0.040337937
1,1126,0.9979725,0.078833449,0.59775671,0.040337937
1,1127,0.9979725,0.078833449,0.59775671,0.040337937
1,1128,0.98797028,0.079363913,0.60075458,0.040508372
1,1129,0.98797028,0.079363913,0.60075458,0.040508372
1,1130,0.99023962,0.079043202,0.60117892,0.040512686
1,1131,0.99023962,0.079043202,0.60117892,0.040512686
1,1132,0.99023962,0.079043202,0.60117892,0.040512686
1,1133,0.99023962,0.079043202,0.60117892,0.040512686
1,1134,0.98709232,0.078560375,0.60342373,0.040381645
1,1135,0.99056081,0.07870669,0.6028521,0.040531259
1,1136,0.99056081,0.07870669,0.6028521,0.040531259
1,1137,0.99056081,0.07870669,0.6028521,0.040531259
1,1138,0.98586219,0.078843361,0.60466311,0.040717512
1,1139,0.98586219,0.078843361,0.60466311,0.040717512
1,1140,0.98586219,0.078843361,0.60466311,0.040717512
1,1141,0.98586219,0.078843361,0.60466311,0.040717512
1,1142,0.98586219,0.078843361,0.60466311,0.040717512
1,1143,0.98586219,0.078843361,0.60466311,0.040717512
1,1144,0.98557092,0.077985013,0.60149489,0.041021879
1,1145,0.98666018,0.07854615,0.59947669,0.041019032
1,1146,0.98666018,0.07854615,0.59947669,0.041019032
1,1147,0.98196403,0.078183144,0.60661004,0.041030781
1,1148,0.98150372,0.078018526,0.60449202,0.041332374
1,1149,0.9824335,0.078508114,0.60522439,0.04109
1,1150,0.98513677,0.078293703,0.60562838,0.041046675
1,1151,0.98421741,0.078265324,0.60591433,0.041028766
1,1152,0.98421741,0.078265324,0.60591433,0.041028766
1,1153,0.98421741,0.078265324,0.60591433,0.041028766
1,1154,0.98151609,0.078180148,0.60699768,0.041235512
1,1155,0.98414695,0.078898693,0.60157042,0.040787569
1,1156,0.98414695,0.078898693,0.60157042,0.040787569
1,1157,0.98321666,0.078785269,0.60526576,0.040911374
1,1158,0.98679704,0.078245216,0.6024729,0.040764638
1,1159,0.98679704,0.078245216,0.6024729,0.040764638
1,1160,0.98340789,0.077927816,0.60290346,0.040694137
1,1161,0.98340789,0.077927816,0.60290346,0.040694137
1,1162,0.99008733,0.077818831,0.60027617,0.041108268
1,1163,0.99158556,0.078353781,0.60193038,0.040773832
1,1164,0.99158556,0.078353781,0.60193038,0.040773832
1,1165,0.98765281,0.078027037,0.60322556,0.04067314
1,1166,0.98765281,0.078027037,0.60322556,0.04067314
1,1167,0.98732245,0.078959835,0.60256897,0.040601029
1,1168,0.98448698,0.078420451,0.60406558,0.040509311
1,1169,0.98448698,0.078420451,0.60406558,0.040509311
1,1170,0.98448698,0.078420451,0.60406558,0.040509311
1,1171,0.98810606,0.078478637,0.60176398,0.040596597
1,1172,0.98810606,0.078478637,0.60176398,0.040596597
1,1173,0.98810606,0.078478637,0.60176398,0.040596597
1,1174,0.98810606,0.078478637,0.60176398,0.040596597
1,1175,0.98744237,0.078332512,0.60156175,0.040572791
1,1176,0.98744237,0.078332512,0.60156175,0.040572791
1,1177,0.99485931,0.078878169,0.59986149,0.040540736
1,1178,0.9969141,0.07969045,0.59710539,0.040381656
1,1179,0.9969141,0.07969045,0.59710539,0.040381656
1,1180,0.99817473,0.080255381,0.5958136,0.040302812
1,1181,0.99817473,0.080255381,0.5958136,0.040302812
1,1182,0.99817473,0.080255381,0.5958136,0.040302812
1,1183,0.99538006,0.08062779,0.59567712,0.04024813
1,1184,0.99538006,0.08062779,0.59567712,0.04024813
1,1185,0.9943118,0.080267533,0.59521709,0.040203688
1,1186,1.0073355,0.080985804,0.59006741,0.040277409
1,1187,1.0139052,0.080831444,0.58899279,0.039737362
1,1188,1.0151906,0.081418332,0.587881,0.039684155
1,1189,1.0163151,0.080895131,0.58850781,0.039554735
1,1190,1.0157007,0.081786384,0.58499632,0.039869045
1,1191,1.016281,0.081715125,0.58512394,0.039562838
1,1192,1.016281,0.081715125,0.58512394,0.039562838
1,1193,1.016281,0.081715125,0.58512394,0.039562838
1,1194,1.016281,0.081715125,0.58512394,0.039562838
1,1195,1.016281,0.081715125,0.58512394,0.039562838
1,1196,1.017688,0.081484109,0.58251202,0.039795078
1,1197,1.0225616,0.082546884,0.58147749,0.039524923
1,1198,1.0172486,0.083061216,0.58232214,0.039702646
1,1199,1.0172486,0.083061216,0.58232214,0.039702646
1,1200,1.0186855,0.082648877,0.58368637,0.039602104
1,1201,1.0175858,0.081781233,0.58678189,0.03930354
1,1202,1.0186947,0.082937358,0.58226132,0.039591236
1,1203,1.0186947,0.082937358,0.58226132,0.039591236
1,1204,1.0160706,0.082299071,0.58513281,0.039346346
1,1205,1.0160706,0.082299071,0.58513281,0.039346346
1,1206,1.0160706,0.082299071,0.58513281,0.039346346
1,1207,1.0160706,0.082299071,0.58513281,0.039346346
1,1208,1.0160706,0.082299071,0.58513281,0.039346346
1,1209,1.0160706,0.082299071,0.58513281,0.039346346
1,1210,1.0219523,0.081929367,0.58215332,0.039444897
1,1211,1.0219523,0.081929367,0.58215332,0.039444897
1,1212,1.0147289,0.081668613,0.58484197,0.039722179
1,1213,1.0147289,0.081668613,0.58484197,0.039722179
1,1214,1.0147289,0.081668613,0.58484197,0.039722179
1,1215,1.0147289,0.081668613,0.58484197,0.039722179
1,1216,1.0092399,0.081624651,0.58757661,0.039845871
1,1217,1.0120746,0.081058654,0.58845732,0.039842139
1,1218,1.0120746,0.081058654,0.58845732,0.039842139
1,1219,1.0120746,0.081058654,0.58845732,0.039842139
1,1220,1.0120746,0.081058654,0.58845732,0.039842139
1,1221,1.010767,0.08139806,0.58647999,0.039906186
1,1222,1.010767,0.08139806,0.58647999,0.039906186
1,1223,1.0113609,0.08163463,0.58461613,0.039703537
1,1224,1.005913,0.081546541,0.58822803,0.039748022
1,1225,1.0075884,0.081601119,0.58714169,0.039946866
1,1226,1.0075884,0.081601119,0.58714169,0.039946866
1,1227,1.0054955,0.0810409,0.59072271,0.039872389
1,1228,1.0061565,0.080587428,0.59254757,0.040081109
1,1229,1.0061565,0.080587428,0.59254757,0.040081109
1,1230,1.0061565,0.080587428,0.59254757,0.040081109
1,1231,1.0061565,0.080587428,0.59254757,0.040081109
1,1232,1.0061565,0.080587428,0.59254757,0.040081109
1,1233,1.0086074,0.07985403,0.59289791,0.039933413
1,1234,1.0086074,0.07985403,0.59289791,0.039933413
1,1235,1.0049379,0.080355387,0.59170578,0.040005332
1,1236,1.0049379,0.080355387,0.59170578,0.040005332
1,1237,1.0049379,0.080355387,0.59170578,0.040005332
1,1238,1.0029504,0.080303768,0.59181715,0.040128349
1,1239,1.0029504,0.080303768,0.59181715,0.040128349
1,1240,1.0029504,0.080303768,0.59181715,0.040128349
1,1241,1.0029504,0.080303768,0.59181715,0.040128349
1,1242,1.0001053,0.080310769,0.59037681,0.039947602
1,1243,1.0052723,0.080411715,0.59305352,0.039996233
1,1244,1.0052723,0.080411715,0.59305352,0.039996233
1,1245,1.0032435,0.08063043,0.59056268,0.039997046
1,1246,1.00604,0.080949557,0.59024056,0.039689011
1,1247,1.0087247,0.080607495,0.59029121,0.039630878
1,1248,1.0056773,0.080724132,0.58957864,0.039943663
1,1249,1.0033669,0.080536505,0.5919828,0.040004967
1,1250,1.0031455,0.079908979,0.59461474,0.040281169
1,1251,1.003536,0.079763419,0.59574676,0.04002367
1,1252,1.0033868,0.080241007,0.59283518,0.040196575
1,1253,1.0031927,0.079983485,0.59247174,0.040215852
1,1254,1.0031927,0.079983485,0.59247174,0.040215852
1,1255,1.0031927,0.079983485,0.59247174,0.040215852
1,1256,1.0068873,0.079948435,0.58944512,0.04012792
1,1257,1.0050396,0.080080375,0.59096805,0.040202724
1,1258,1.0050396,0.080080375,0.59096805,0.040202724
1,1259,1.0050396,0.080080375,0.59096805,0.040202724
1,1260,1.0050396,0.080080375,0.59096805,0.040202724
1,1261,1.0047359,0.080236434,0.59506836,0.039948014
1,1262,1.0034037,0.07984054,0.5933116,0.040241231
1,1263,1.0034037,0.07984054,0.5933116,0.040241231
1,1264,1.0024781,0.079975889,0.59231758,0.03999269
1,1265,1.0024781,0.079975889,0.59231758,0.03999269
1,1266,1.0024781,0.079975889,0.59231758,0.03999269
1,1267,1.004938,0.080377281,0.59099849,0.040142965
1,1268,1.0085545,0.080448007,0.59200323,0.039712031
1,1269,1.0085545,0.080448007,0.59200323,0.039712031
1,1270,1.0098429,0.080253877,0.59145849,0.039719302
1,1271,1.0098429,0.080253877,0.59145849,0.039719302
1,1272,1.0070873,0.080104519,0.58934737,0.040100992
1,1273,1.0082505,0.080373484,0.59028727,0.040141829
1,1274,1.0077264,0.080751646,0.58855222,0.039924583
1,1275,1.0088418,0.080558088,0.58817077,0.039858609
1,1276,1.0088418,0.080558088,0.58817077,0.039858609
1,1277,1.0088418,0.080558088,0.58817077,0.039858609
1,1278,1.0088418,0.080558088,0.58817077,0.039858609
1,1279,1.011167,0.080994087,0.58999302,0.039687304
1,1280,1.011167,0.080994087,0.58999302,0.039687304
1,1281,1.011167,0.080994087,0.58999302,0.039687304
1,1282,1.0050572,0.081234082,0.5869462,0.040050251
1,1283,1.0023173,0.081279157,0.58894839,0.040142494
1,1284,1.000055,0.081485903,0.59266982,0.040192592
1,1285,1.0076598,0.080941065,0.58983036,0.040037093
1,1286,1.0076598,0.080941065,0.58983036,0.040037093
1,1287,1.0076598,0.080941065,0.58983036,0.040037093
1,1288,1.0075383,0.08118753,0.58801858,0.039960051
1,1289,1.0075383,0.08118753,0.58801858,0.039960051
1,1290,1.0075383,0.08118753,0.58801858,0.039960051
1,1291,1.0075383,0.08118753,0.58801858,0.039960051
1,1292,1.0075383,0.08118753,0.58801858,0.039960051
1,1293,1.0075383,0.08118753,0.58801858,0.039960051
1,1294,1.0075383,0.08118753,0.58801858,0.039960051
1,1295,1.0087351,0.081436529,0.58881471,0.039791415
1,1296,1.0087351,0.081436529,0.58881471,0.039791415
1,1297,1.0087351,0.081436529,0.58881471,0.039791415
1,1298,1.0087351,0.081436529,0.58881471,0.039791415
1,1299,1.0087351,0.081436529,0.58881471,0.039791415
1,1300,1.0087351,0.081436529,0.58881471,0.039791415
1,1301,1.0087351,0.081436529,0.58881471,0.039791415
1,1302,1.0087351,0.081436529,0.58881471,0.039791415
1,1303,1.0087351,0.081436529,0.58881471,0.039791415
1,1304,1.0087351,0.081436529,0.58881471,0.039791415
1,1305,1.0117467,0.081252311,0.58591986,0.039986302
1,1306,1.0101576,0.081013847,0.5873167,0.039644131
1,1307,1.0101576,0.081013847,0.5873167,0.039644131
1,1308,1.0121895,0.081092579,0.58463698,0.03995592
1,1309,1.0121895,0.081092579,0.58463698,0.03995592
1,1310,1.0108418,0.081184752,0.58723523,0.039872605
1,1311,1.0108418,0.081184752,0.58723523,0.039872605
1,1312,1.0108418,0.081184752,0.58723523,0.039872605
1,1313,1.013926,0.080952834,0.58727021,0.039829275
1,1314,1.0144767,0.081070095,0.58308248,0.039946251
1,1315,1.0144767,0.081070095,0.58308248,0.039946251
1,1316,1.0152425,0.081570211,0.58430897,0.039754793
1,1317,1.0152425,0.081570211,0.58430897,0.039754793
1,1318,1.0241988,0.082416,0.57715186,0.039516767
1,1319,1.0241988,0.082416,0.57715186,0.039516767
1,1320,1.0231686,0.08216903,0.57791754,0.039581852
1,1321,1.0169376,0.082304831,0.584007,0.039691756
1,1322,1.0169376,0.082304831,0.584007,0.039691756
1,1323,1.0169376,0.082304831,0.584007,0.039691756
1,1324,1.0086141,0.082046979,0.58743977,0.039707284
1,1325,1.0108214,0.081867327,0.58777309,0.039721141
1,1326,1.0108214,0.081867327,0.58777309,0.039721141
1,1327,1.0100354,0.081560911,0.58846591,0.039742232
1,1328,1.0100354,0.081560911,0.58846591,0.039742232
1,1329,1.0100354,0.081560911,0.58846591,0.039742232
1,1330,1.01203,0.081903168,0.58590535,0.039941076
1,1331,1.01203,0.081903168,0.58590535,0.039941076
1,1332,1.0144235,0.081143923,0.5856866,0.039905186
1,1333,1.0144235,0.081143923,0.5856866,0.039905186
1,1334,1.0144235,0.081143923,0.5856866,0.039905186
1,1335,1.0144235,0.081143923,0.5856866,0.039905186
1,1336,1.0085034,0.08114373,0.58722549,0.039987578
1,1337,1.0126994,0.081238371,0.58765641,0.039889023
1,1338,1.015158,0.081323757,0.58367792,0.039847153
1,1339,1.015158,0.081323757,0.58367792,0.039847153
1,1340,1.0200937,0.081292019,0.58154277,0.039877821
1,1341,1.0183341,0.081613289,0.58172576,0.040075969
1,1342,1.0183341,0.081613289,0.58172576,0.040075969
1,1343,1.0183341,0.081613289,0.58172576,0.040075969
1,1344,1.0183341,0.081613289,0.58172576,0.040075969
1,1345,1.012479,0.080771266,0.58254951,0.040010987
1,1346,1.012479,0.080771266,0.58254951,0.040010987
1,1347,1.012479,0.080771266,0.58254951,0.040010987
1,1348,1.0087546,0.080340968,0.58632465,0.039923017
1,1349,1.0087546,0.080340968,0.58632465,0.039923017
1,1350,1.0182477,0.080892951,0.58599885,0.039973933
1,1351,1.0186229,0.081501439,0.58396697,0.039607143
1,1352,1.0186229,0.081501439,0.58396697,0.039607143
1,1353,1.0186229,0.081501439,0.58396697,0.039607143
1,1354,1.0186229,0.081501439,0.58396697,0.039607143
1,1355,1.0183234,0.081512455,0.58603297,0.039772152
1,1356,1.017233,0.081900756,0.58431152,0.040013672
1,1357,1.0096008,0.08217081,0.58469711,0.039922595
1,1358,1.0118107,0.082012135,0.58765463,0.040013611
1,1359,1.0118107,0.082012135,0.58765463,0.040013611
1,1360,1.0118107,0.082012135,0.58765463,0.040013611
1,1361,1.0118107,0.082012135,0.58765463,0.040013611
1,1362,1.0118107,0.082012135,0.58765463,0.040013611
1,1363,1.0133415,0.082015084,0.58691495,0.039653408
1,1364,1.0110994,0.081434315,0.58626916,0.039971392
1,1365,1.0084071,0.081126062,0.58680406,0.03950621
1,1366,1.0149688,0.08114702,0.58281469,0.039438826
1,1367,1.0149688,0.08114702,0.58281469,0.039438826
1,1368,1.0190441,0.081262047,0.58541559,0.039213176
1,1369,1.0209049,0.080861793,0.5848802,0.039333418
1,1370,1.0209049,0.080861793,0.5848802,0.039333418
1,1371,1.0209049,0.080861793,0.5848802,0.039333418
1,1372,1.0135018,0.081090613,0.58894241,0.039598395
1,1373,1.0049434,0.080028484,0.59663163,0.039682642
1,1374,1.0049434,0.080028484,0.59663163,0.039682642
1,1375,1.0075303,0.079852418,0.59184509,0.039672994
1,1376,1.0090914,0.080409274,0.59169049,0.040054069
1,1377,1.0090914,0.080409274,0.59169049,0.040054069
1,1378,1.0090914,0.080409274,0.59169049,0.040054069
1,1379,1.0113244,0.080767433,0.5893522,0.03990248
1,1380,1.0113244,0.080767433,0.5893522,0.03990248
1,1381,1.0113244,0.080767433,0.5893522,0.03990248
1,1382,1.0062658,0.079714481,0.59203241,0.040083432
1,1383,1.0062658,0.079714481,0.59203241,0.040083432
1,1384,1.0062658,0.079714481,0.59203241,0.040083432
1,1385,1.0014056,0.079484915,0.59280368,0.040283234
1,1386,1.0014056,0.079484915,0.59280368,0.040283234
1,1387,1.0032512,0.080633242,0.59087145,0.040008939
1,1388,1.0050466,0.080690287,0.59097048,0.039913611
1,1389,1.0050466,0.080690287,0.59097048,0.039913611
1,1390,1.00151,0.080684176,0.59236297,0.040106514
1,1391,1.00151,0.080684176,0.59236297,0.040106514
1,1392,0.99854987,0.080274408,0.59521754,0.040150246
1,1393,0.99854987,0.080274408,0.59521754,0.040150246
1,1394,0.99854987,0.080274408,0.59521754,0.040150246
1,1395,0.99854987,0.080274408,0.59521754,0.040150246
1,1396,0.99854987,0.080274408,0.59521754,0.040150246
1,1397,0.99854987,0.080274408,0.59521754,0.040150246
1,1398,1.0037384,0.079473657,0.59384921,0.039605499
1,1399,1.0010951,0.07886494,0.5983139,0.040122607
1,1400,0.99805403,0.080555302,0.59488703,0.040023081
1,1401,0.99805403,0.080555302,0.59488703,0.040023081
1,1402,0.99805403,0.080555302,0.59488703,0.040023081
1,1403,0.99805403,0.080555302,0.59488703,0.040023081
1,1404,0.99805403,0.080555302,0.59488703,0.040023081
1,1405,0.99805403,0.080555302,0.59488703,0.040023081
1,1406,1.0073656,0.08138213,0.59029149,0.03989206
1,1407,0.9955786,0.080484952,0.59275884,0.040415085
1,1408,1.0060069,0.07994781,0.5931518,0.040395423
1,1409,1.0060069,0.07994781,0.5931518,0.040395423
1,1410,1.0045241,0.080353225,0.59386539,0.040023765
1,1411,1.0032539,0.081101192,0.59320566,0.039869208
1,1412,1.0032539,0.081101192,0.59320566,0.039869208
1,1413,1.008073,0.080710215,0.58819122,0.040434587
1,1414,1.0050368,0.080781595,0.59025641,0.040271107
1,1415,1.0062753,0.079428875,0.59627475,0.040004005
1,1416,1.0102875,0.080050124,0.58864896,0.040001257
1,1417,1.0102875,0.080050124,0.58864896,0.040001257
1,1418,1.0102875,0.080050124,0.58864896,0.040001257
1,1419,1.008982,0.080041985,0.58866712,0.040176418
1,1420,1.008982,0.080041985,0.58866712,0.040176418
1,1421,1.0055928,0.080556073,0.5908018,0.040402767
1,1422,1.0055928,0.080556073,0.5908018,0.040402767
1,1423,1.0055928,0.080556073,0.5908018,0.040402767
1,1424,1.0055928,0.080556073,0.5908018,0.040402767
1,1425,1.0055928,0.080556073,0.5908018,0.040402767
1,1426,1.0055928,0.080556073,0.5908018,0.040402767
1,1427,1.0055928,0.080556073,0.5908018,0.040402767
1,1428,1.0055928,0.080556073,0.5908018,0.040402767
1,1429,1.0069975,0.080923713,0.58993479,0.039729507
1,1430,1.0069975,0.080923713,0.58993479,0.039729507
1,1431,1.0069975,0.080923713,0.58993479,0.039729507
1,1432,1.0083459,0.081502123,0.58869347,0.039941287
1,1433,1.0089592,0.080656043,0.59202966,0.040111006
1,1434,1.0060678,0.080660306,0.59100712,0.039986894
1,1435,1.0060678,0.080660306,0.59100712,0.039986894
1,1436,1.0054926,0.080459303,0.59225052,0.040024095
1,1437,1.0045316,0.080673027,0.59152203,0.039981011
1,1438,1.0045316,0.080673027,0.59152203,0.039981011
1,1439,1.0045316,0.080673027,0.59152203,0.039981011
1,1440,1.0045316,0.080673027,0.59152203,0.039981011
1,1441,1.0045316,0.080673027,0.59152203,0.039981011
1,1442,1.0001829,0.080469555,0.59472058,0.040159243
1,1443,1.000665,0.080174894,0.59236073,0.040399968
1,1444,1.000665,0.080174894,0.59236073,0.040399968
1,1445,1.000665,0.080174894,0.59236073,0.040399968
1,1446,1.000665,0.080174894,0.59236073,0.040399968
1,1447,1.000665,0.080174894,0.59236073,0.040399968
1,1448,1.000665,0.080174894,0.59236073,0.040399968
1,1449,1.000665,0.080174894,0.59236073,0.040399968
1,1450,1.000665,0.080174894,0.59236073,0.040399968
1,1451,0.99918449,0.07989576,0.59525668,0.040194963
1,1452,0.99918449,0.07989576,0.59525668,0.040194963
1,1453,0.99918449,0.07989576,0.59525668,0.040194963
1,1454,0.99918449,0.07989576,0.59525668,0.040194963
1,1455,0.9965586,0.080215261,0.59895785,0.040304415
1,1456,0.99430434,0.080045054,0.59370758,0.040588468
1,1457,1.0014049,0.079528065,0.59551018,0.040615732
1,1458,0.99766101,0.079205969,0.5927949,0.040730288
1,1459,0.99946193,0.0784255,0.5915883,0.04050807
1,1460,0.99946193,0.0784255,0.5915883,0.04050807
1,1461,1.0032257,0.078895297,0.59424267,0.0404102
1,1462,1.0032257,0.078895297,0.59424267,0.0404102
1,1463,1.0026774,0.079465057,0.59675151,0.040190248
1,1464,1.0026774,0.079465057,0.59675151,0.040190248
1,1465,1.0075426,0.080186062,0.59349936,0.040174582
1,1466,1.0063269,0.080596466,0.59261305,0.039921914
1,1467,1.008818,0.080529268,0.59073121,0.040049658
1,1468,1.008818,0.080529268,0.59073121,0.040049658
1,1469,1.008818,0.080529268,0.59073121,0.040049658
1,1470,1.008818,0.080529268,0.59073121,0.040049658
1,1471,1.0122664,0.080405472,0.58644681,0.040341663
1,1472,1.0122664,0.080405472,0.58644681,0.040341663
1,1473,1.0122664,0.080405472,0.58644681,0.040341663
1,1474,1.0063382,0.080260204,0.59040101,0.039698111
1,1475,1.0071433,0.080812009,0.58829926,0.040120091
1,1476,1.000542,0.079690061,0.59253852,0.040325067
1,1477,1.000542,0.079690061,0.59253852,0.040325067
1,1478,1.004609,0.080198498,0.59425362,0.040058583
1,1479,1.004609,0.080198498,0.59425362,0.040058583
1,1480,1.0052276,0.08061306,0.59420453,0.040039187
1,1481,1.0052276,0.08061306,0.59420453,0.040039187
1,1482,1.0052276,0.08061306,0.59420453,0.040039187
1,1483,0.99487175,0.080630239,0.59541995,0.040130942
1,1484,0.9997625,0.081020242,0.58918385,0.039837594
1,1485,1.0074628,0.081088842,0.58786841,0.040019989
1,1486,1.0098133,0.081080076,0.58950496,0.039995978
1,1487,1.0098133,0.081080076,0.58950496,0.039995978
1,1488,1.0115976,0.082064876,0.58664281,0.039912855
1,1489,1.0134963,0.081085275,0.58458776,0.039580034
1,1490,1.0134963,0.081085275,0.58458776,0.039580034
1,1491,1.0051183,0.08026978,0.59012491,0.039933725
1,1492,1.0051183,0.08026978,0.59012491,0.039933725
1,1493,1.0051183,0.08026978,0.59012491,0.039933725
1,1494,1.0051183,0.08026978,0.59012491,0.039933725
1,1495,1.0100546,0.08064148,0.58861956,0.039808868
1,1496,1.006869,0.080748219,0.58912294,0.040201558
1,1497,1.006869,0.080748219,0.58912294,0.040201558
1,1498,1.006869,0.080748219,0.58912294,0.040201558
1,1499,1.006869,0.080748219,0.58912294,0.040201558
1,1500,1.0058768,0.081065583,0.5903811,0.040334512
1,1501,1.0093452,0.080355734,0.58943513,0.040295086
1,1502,1.0093452,0.080355734,0.58943513,0.040295086
1,1503,1.0038318,0.080275389,0.58995,0.04035169
1,1504,1.0121258,0.08101816,0.58714638,0.039906549
1,1505,1.0121258,0.08101816,0.58714638,0.039906549
1,1506,1.0121258,0.08101816,0.58714638,0.039906549
1,1507,1.0121258,0.08101816,0.58714638,0.039906549
1,1508,1.0121258,0.08101816,0.58714638,0.039906549
1,1509,1.0121258,0.08101816,0.58714638,0.039906549
1,1510,1.0121258,0.08101816,0.58714638,0.039906549
1,1511,1.0121258,0.08101816,0.58714638,0.039906549
1,1512,1.0121258,0.08101816,0.58714638,0.039906549
1,1513,1.0121258,0.08101816,0.58714638,0.039906549
1,1514,1.006172,0.080666325,0.59132133,0.039776031
1,1515,1.006172,0.080666325,0.59132133,0.039776031
1,1516,1.006172,0.080666325,0.59132133,0.039776031
1,1517,1.006172,0.080666325,0.59132133,0.039776031
1,1518,1.008975,0.080515457,0.58897106,0.040022663
1,1519,1.000826,0.080117994,0.58998559,0.040066184
1,1520,1.000826,0.080117994,0.58998559,0.040066184
1,1521,1.000826,0.080117994,0.58998559,0.040066184
1,1522,1.0048477,0.080285702,0.5894499,0.040441068
1,1523,1.0048477,0.080285702,0.5894499,0.040441068
1,1524,1.005804,0.079622619,0.59164856,0.039843937
1,1525,1.0063533,0.078932096,0.59304388,0.04004349
1,1526,0.99384192,0.07992157,0.59958665,0.040109291
1,1527,0.98894783,0.079747321,0.60184331,0.04055615
1,1528,0.98894783,0.079747321,0.60184331,0.04055615
1,1529,0.99767371,0.07971734,0.59371874,0.040483716
1,1530,0.99767371,0.07971734,0.59371874,0.040483716
1,1531,0.99693753,0.080051179,0.59473919,0.040099382
1,1532,0.99693753,0.080051179,0.59473919,0.040099382
1,1533,0.99693753,0.080051179,0.59473919,0.040099382
1,1534,0.99693753,0.080051179,0.59473919,0.040099382
1,1535,1.0011895,0.079719523,0.59348926,0.040168115
1,1536,1.0011895,0.079719523,0.59348926,0.040168115
1,1537,1.0011895,0.079719523,0.59348926,0.040168115
1,1538,1.0011895,0.079719523,0.59348926,0.040168115
1,1539,0.9988795,0.07959144,0.5944318,0.03999897
1,1540,0.99512462,0.079947141,0.59532097,0.040196349
1,1541,0.99951339,0.078851462,0.59831814,0.040035299
1,1542,0.99951339,0.078851462,0.59831814,0.040035299
1,1543,0.99951339,0.078851462,0.59831814,0.040035299
1,1544,0.9999193,0.07953285,0.59645654,0.040472558
1,1545,0.9999193,0.07953285,0.59645654,0.040472558
1,1546,0.99842106,0.079428877,0.59649146,0.039988452
1,1547,0.99564124,0.079400427,0.59824821,0.040069113
1,1548,0.99479393,0.079103668,0.59347546,0.040217212
1,1549,0.99479393,0.079103668,0.59347546,0.040217212
1,1550,0.99967553,0.080260247,0.59348191,0.040417307
1,1551,1.0017653,0.08024054,0.59128124,0.040054136
1,1552,1.0005152,0.079746063,0.59263395,0.040411852
1,1553,1.0005152,0.079746063,0.59263395,0.040411852
1,1554,1.0013765,0.079334575,0.59329514,0.040523279
1,1555,1.0033866,0.080040611,0.5918718,0.040136744
1,1556,1.0033866,0.080040611,0.5918718,0.040136744
1,1557,1.0033866,0.080040611,0.5918718,0.040136744
1,1558,1.0033866,0.080040611,0.5918718,0.040136744
1,1559,1.0035102,0.079740144,0.59416023,0.039990748
1,1560,1.0040711,0.080010831,0.59308048,0.03986152
1,1561,1.0065652,0.080804857,0.59127652,0.039580775
1,1562,1.0146144,0.080618173,0.58694324,0.039569359
1,1563,1.0130428,0.080757825,0.58763978,0.03989195
1,1564,1.0109491,0.080560447,0.58714187,0.040146956
1,1565,1.0084186,0.081194602,0.5866708,0.039998044
1,1566,1.0084186,0.081194602,0.5866708,0.039998044
1,1567,1.0060965,0.08100749,0.58763579,0.040030305
1,1568,1.0060965,0.08100749,0.58763579,0.040030305
1,1569,1.0049678,0.081410892,0.59041565,0.040247541
1,1570,1.0049678,0.081410892,0.59041565,0.040247541
1,1571,1.0049678,0.081410892,0.59041565,0.040247541
1,1572,1.0085544,0.081838446,0.58823706,0.040040173
1,1573,1.0095917,0.081584878,0.58507978,0.040059392
1,1574,1.0141095,0.080935723,0.58930675,0.040031697
1,1575,1.009345,0.08207649,0.58921359,0.039995439
1,1576,1.009345,0.08207649,0.58921359,0.039995439
1,1577,1.009345,0.08207649,0.58921359,0.039995439
1,1578,1.0105559,0.081393715,0.59145978,0.039822455
1,1579,1.0105559,0.081393715,0.59145978,0.039822455
1,1580,1.0123175,0.081932028,0.58902107,0.039304188
1,1581,1.0123175,0.081932028,0.58902107,0.039304188
1,1582,1.0123175,0.081932028,0.58902107,0.039304188
1,1583,1.0123175,0.081932028,0.58902107,0.039304188
1,1584,1.0123175,0.081932028,0.58902107,0.039304188
1,1585,1.013127,0.082035526,0.58472236,0.039677745
1,1586,1.011028,0.081132747,0.58693021,0.039808166
1,1587,1.011028,0.081132747,0.58693021,0.039808166
1,1588,1.0106171,0.080755553,0.58340687,0.039894029
1,1589,1.0109492,0.080892123,0.58736053,0.039909779
1,1590,1.0109492,0.080892123,0.58736053,0.039909779
1,1591,1.0109492,0.080892123,0.58736053,0.039909779
1,1592,1.0109492,0.080892123,0.58736053,0.039909779
1,1593,1.0069188,0.080898139,0.59041746,0.039922842
1,1594,1.0120114,0.080841622,0.58698878,0.03966377
1,1595,1.0120114,0.080841622,0.58698878,0.03966377
1,1596,1.0120114,0.080841622,0.58698878,0.03966377
1,1597,1.0120114,0.080841622,0.58698878,0.03966377
1,1598,1.0120192,0.08094354,0.58992941,0.039631375
1,1599,1.0120192,0.08094354,0.58992941,0.039631375
1,1600,1.010387,0.080691251,0.59100983,0.039909211
1,1601,1.0047857,0.079918981,0.59174248,0.039826785
1,1602,1.0047857,0.079918981,0.59174248,0.039826785
1,1603,1.0015814,0.080977919,0.59407459,0.039775205
1,1604,1.0121011,0.080801088,0.59093211,0.039836044
1,1605,1.0063763,0.080129977,0.591685,0.040185499
1,1606,1.0063763,0.080129977,0.591685,0.040185499
1,1607,1.0063763,0.080129977,0.591685,0.040185499
1,1608,1.0054416,0.080471887,0.59214807,0.04018132
1,1609,1.0054416,0.080471887,0.59214807,0.04018132
1,1610,1.0054416,0.080471887,0.59214807,0.04018132
1,1611,1.0063035,0.079972538,0.59109738,0.040097322
1,1612,1.0009146,0.080630321,0.59064741,0.040102419
1,1613,1.0034214,0.080864858,0.58979215,0.040220529
1,1614,1.0053535,0.080630735,0.58830462,0.040026793
1,1615,1.0116821,0.08096205,0.5860322,0.040141918
1,1616,1.0079297,0.080793988,0.58760267,0.039872664
1,1617,1.0079297,0.080793988,0.58760267,0.039872664
1,1618,1.0079297,0.080793988,0.58760267,0.039872664
1,1619,1.0068131,0.080993347,0.59085199,0.040053718
1,1620,1.0068131,0.080993347,0.59085199,0.040053718
1,1621,1.0068131,0.080993347,0.59085199,0.040053718
1,1622,1.0068131,0.080993347,0.59085199,0.040053718
1,1623,1.0068131,0.080993347,0.59085199,0.040053718
1,1624,1.0068131,0.080993347,0.59085199,0.040053718
1,1625,1.0089972,0.080861966,0.58846138,0.039971772
1,1626,1.00454,0.080355696,0.59183172,0.039935194
1,1627,1.00454,0.080355696,0.59183172,0.039935194
1,1628,1.004019,0.081273268,0.5906653,0.039778504
1,1629,1.0109881,0.081539475,0.58863411,0.039610343
1,1630,1.005607,0.080127039,0.59055224,0.040291991
1,1631,1.005607,0.080127039,0.59055224,0.040291991
1,1632,1.005607,0.080127039,0.59055224,0.040291991
1,1633,1.0097353,0.080823827,0.58864094,0.040172229
1,1634,1.0086513,0.080888467,0.58840392,0.039985353
1,1635,1.0112017,0.080346763,0.5891173,0.039969169
1,1636,1.0112017,0.080346763,0.5891173,0.039969169
1,1637,1.0112017,0.080346763,0.5891173,0.039969169
1,1638,1.0123389,0.081419887,0.5909177,0.039531581
1,1639,1.0133912,0.081741065,0.58413588,0.039432601
1,1640,1.0107399,0.08145099,0.58403787,0.039702717
1,1641,1.0099832,0.081325057,0.5837677,0.039918067
1,1642,1.0100773,0.081240054,0.5858876,0.04024603
1,1643,1.0139641,0.080908401,0.58431222,0.039646389
1,1644,1.0152546,0.081269228,0.58607613,0.039990853
1,1645,1.0171046,0.081290326,0.58566751,0.03997131
1,1646,1.0171046,0.081290326,0.58566751,0.03997131
1,1647,1.0171046,0.081290326,0.58566751,0.03997131
1,1648,1.0122296,0.081688625,0.58546945,0.039878325
1,1649,1.0178766,0.081265723,0.58503296,0.03938514
1,1650,1.0147394,0.081644891,0.58611678,0.039752674
1,1651,1.0132995,0.081483241,0.58828859,0.03952254
1,1652,1.0132995,0.081483241,0.58828859,0.03952254
1,1653,1.0132995,0.081483241,0.58828859,0.03952254
1,1654,1.0132995,0.081483241,0.58828859,0.03952254
1,1655,1.0132995,0.081483241,0.58828859,0.03952254
1,1656,1.0132995,0.081483241,0.58828859,0.03952254
1,1657,1.0128278,0.081326298,0.58776941,0.039913797
1,1658,1.0128278,0.081326298,0.58776941,0.039913797
1,1659,1.0128278,0.081326298,0.58776941,0.039913797
1,1660,1.0128278,0.081326298,0.58776941,0.039913797
1,1661,1.0128278,0.081326298,0.58776941,0.039913797
1,1662,1.015377,0.08138766,0.58727186,0.039704116
1,1663,1.012134,0.081670193,0.58547492,0.040135452
1,1664,1.012134,0.081670193,0.58547492,0.040135452
1,1665,1.012134,0.081670193,0.58547492,0.040135452
1,1666,1.012134,0.081670193,0.58547492,0.040135452
1,1667,1.0111298,0.081129962,0.58326639,0.040011862
1,1668,1.0147489,0.081020226,0.58760935,0.039614508
1,1669,1.0147489,0.081020226,0.58760935,0.039614508
1,1670,1.0191962,0.08099193,0.58305505,0.039685769
1,1671,1.0131353,0.081095958,0.58444883,0.039827627
1,1672,1.0131353,0.081095958,0.58444883,0.039827627
1,1673,1.0131353,0.081095958,0.58444883,0.039827627
1,1674,1.0131353,0.081095958,0.58444883,0.039827627
1,1675,1.0131353,0.081095958,0.58444883,0.039827627
1,1676,1.015542,0.082115274,0.58532126,0.039394793
1,1677,1.015542,0.082115274,0.58532126,0.039394793
1,1678,1.015542,0.082115274,0.58532126,0.039394793
1,1679,1.0201028,0.082466667,0.58391418,0.039550321
1,1680,1.0201028,0.082466667,0.58391418,0.039550321
1,1681,1.0201028,0.082466667,0.58391418,0.039550321
1,1682,1.0249881,0.082646257,0.58046918,0.039387762
1,1683,1.0229677,0.08241235,0.58354165,0.039231485
1,1684,1.0229677,0.08241235,0.58354165,0.039231485
1,1685,1.0204255,0.082240608,0.58303741,0.039408705
1,1686,1.0204255,0.082240608,0.58303741,0.039408705
1,1687,1.0204255,0.082240608,0.58303741,0.039408705
1,1688,1.0204255,0.082240608,0.58303741,0.039408705
1,1689,1.0204255,0.082240608,0.58303741,0.039408705
1,1690,1.0209712,0.082305715,0.58092814,0.039531363
1,1691,1.0209712,0.082305715,0.58092814,0.039531363
1,1692,1.0209712,0.082305715,0.58092814,0.039531363
1,1693,1.019074,0.082437182,0.58014285,0.039597341
1,1694,1.019074,0.082437182,0.58014285,0.039597341
1,1695,1.0208235,0.082456069,0.58150966,0.039690077
1,1696,1.0208235,0.082456069,0.58150966,0.039690077
1,1697,1.0167179,0.082848172,0.58156645,0.039389075
1,1698,1.0167179,0.082848172,0.58156645,0.039389075
1,1699,1.0169607,0.082167271,0.58675386,0.039099017
1,1700,1.0110399,0.082010575,0.58752343,0.039427337
1,1701,1.0110399,0.082010575,0.58752343,0.039427337
1,1702,1.0145621,0.081330247,0.58899139,0.039483331
1,1703,1.0170744,0.080651335,0.5856598,0.039534143
1,1704,1.0138438,0.080631499,0.58996818,0.039691821
1,1705,1.0138438,0.080631499,0.58996818,0.039691821
1,1706,1.0138438,0.080631499,0.58996818,0.039691821
1,1707,1.0076147,0.079765832,0.58972482,0.03989966
1,1708,1.0018259,0.079709402,0.59054426,0.04016164
1,1709,1.0035724,0.079504693,0.59451057,0.040009656
1,1710,1.0050586,0.080017903,0.59083382,0.040063047
1,1711,1.0050586,0.080017903,0.59083382,0.040063047
1,1712,1.0050586,0.080017903,0.59083382,0.040063047
1,1713,1.0050586,0.080017903,0.59083382,0.040063047
1,1714,1.0050586,0.080017903,0.59083382,0.040063047
1,1715,1.0050586,0.080017903,0.59083382,0.040063047
1,1716,1.0052591,0.080586036,0.59044606,0.040205911
1,1717,1.0052591,0.080586036,0.59044606,0.040205911
1,1718,1.0052591,0.080586036,0.59044606,0.040205911
1,1719,1.0052591,0.080586036,0.59044606,0.040205911
1,1720,1.0064851,0.080165367,0.59080683,0.040283662
1,1721,1.0064851,0.080165367,0.59080683,0.040283662
1,1722,0.99930575,0.08059124,0.59339988,0.040278976
1,1723,0.99930575,0.08059124,0.59339988,0.040278976
1,1724,0.99901072,0.080086486,0.59532538,0.04018743
1,1725,0.99692596,0.079766228,0.59423034,0.040122032
1,1726,0.9968489,0.07983251,0.59410207,0.040298089
1,1727,1.0064716,0.080267654,0.59181902,0.040002468
1,1728,1.0064716,0.080267654,0.59181902,0.040002468
1,1729,1.0064716,0.080267654,0.59181902,0.040002468
1,1730,1.0064716,0.080267654,0.59181902,0.040002468
1,1731,1.0066113,0.080573883,0.59116708,0.039726263
1,1732,1.0042694,0.080297432,0.58993105,0.040061486
1,1733,1.0070976,0.08050805,0.58887402,0.040081522
1,1734,1.0070976,0.08050805,0.58887402,0.040081522
1,1735,1.0045513,0.080702425,0.58900916,0.040045466
1,1736,1.0024585,0.081138116,0.59230699,0.040247029
1,1737,1.0003831,0.081104399,0.59163488,0.040685409
1,1738,1.0025561,0.081865005,0.5899706,0.040451644
1,1739,0.99628943,0.080888617,0.59524542,0.040734111
1,1740,0.99715095,0.080141285,0.59891771,0.040860102
1,1741,0.99569365,0.079341564,0.60057717,0.040955245
1,1742,0.99189529,0.079313779,0.59876134,0.040944019
1,1743,0.99189529,0.079313779,0.59876134,0.040944019
1,1744,0.99189529,0.079313779,0.59876134,0.040944019
1,1745,0.98465487,0.078876475,0.6033786,0.0408038
1,1746,0.98519387,0.078833454,0.60267187,0.040701851
1,1747,0.99150128,0.07885446,0.60208538,0.040701616
1,1748,0.99223934,0.079692704,0.59798207,0.040789648
1,1749,0.99223934,0.079692704,0.59798207,0.040789648
1,1750,0.99671028,0.079579259,0.5980037,0.040019356
1,1751,0.99671028,0.079579259,0.5980037,0.040019356
1,1752,0.99693571,0.079552234,0.59537002,0.040364078
1,1753,0.99312536,0.0790041,0.59835485,0.040289619
1,1754,0.99312536,0.0790041,0.59835485,0.040289619
1,1755,0.99312536,0.0790041,0.59835485,0.040289619
1,1756,0.99312536,0.0790041,0.59835485,0.040289619
1,1757,0.99312536,0.0790041,0.59835485,0.040289619
1,1758,0.99141198,0.079073222,0.59879049,0.040639304
1,1759,0.99141198,0.079073222,0.59879049,0.040639304
1,1760,0.99620375,0.079640616,0.59615118,0.040521621
1,1761,0.99620375,0.079640616,0.59615118,0.040521621
1,1762,0.99620375,0.079640616,0.59615118,0.040521621
1,1763,0.99620375,0.079640616,0.59615118,0.040521621
1,1764,0.99620375,0.079640616,0.59615118,0.040521621
1,1765,0.99620375,0.079640616,0.59615118,0.040521621
1,1766,0.99828175,0.080174957,0.59398833,0.040406466
1,1767,0.99828175,0.080174957,0.59398833,0.040406466
1,1768,0.99225402,0.079626524,0.5968886,0.040564167
1,1769,0.99403458,0.07866255,0.5963129,0.040573979
1,1770,0.99209249,0.078690433,0.59714676,0.040740456
1,1771,0.99256008,0.079716909,0.60011107,0.040290398
1,1772,0.99256008,0.079716909,0.60011107,0.040290398
1,1773,0.99256008,0.079716909,0.60011107,0.040290398
1,1774,0.99256008,0.079716909,0.60011107,0.040290398
1,1775,0.99256008,0.079716909,0.60011107,0.040290398
1,1776,0.99687157,0.078874101,0.6002597,0.04030593
1,1777,1.0003863,0.079303914,0.59605997,0.040057187
1,1778,1.0003863,0.079303914,0.59605997,0.040057187
1,1779,0.99770494,0.079419613,0.59766898,0.040236528
1,1780,0.9929212,0.079022193,0.59778948,0.040319746
1,1781,0.9929212,0.079022193,0.59778948,0.040319746
1,1782,0.9929212,0.079022193,0.59778948,0.040319746
1,1783,0.98584688,0.078402811,0.60241572,0.040661058
1,1784,0.98513101,0.078382967,0.60307089,0.040776917
1,1785,0.98513101,0.078382967,0.60307089,0.040776917
1,1786,0.98513101,0.078382967,0.60307089,0.040776917
1,1787,0.98513101,0.078382967,0.60307089,0.040776917
1,1788,0.99214623,0.078185276,0.59907737,0.041062128
1,1789,0.99214623,0.078185276,0.59907737,0.041062128
1,1790,0.98459183,0.077806936,0.60259969,0.04118882
1,1791,0.98459183,0.077806936,0.60259969,0.04118882
1,1792,0.98459183,0.077806936,0.60259969,0.04118882
1,1793,0.98560384,0.078084269,0.60405593,0.041204788
1,1794,0.98560384,0.078084269,0.60405593,0.041204788
1,1795,0.98972555,0.078011288,0.60212076,0.041159635
1,1796,0.99143255,0.078914741,0.59870194,0.041236682
1,1797,0.97939187,0.078972148,0.60083199,0.040832719
1,1798,0.9680429,0.07698336,0.61267963,0.041339408
1,1799,0.9680429,0.07698336,0.61267963,0.041339408
1,1800,0.9700066,0.076658417,0.60947965,0.04159104
1,1801,0.9700066,0.076658417,0.60947965,0.04159104
1,1802,0.9700066,0.076658417,0.60947965,0.04159104
1,1803,0.97984681,0.076942187,0.60802475,0.04142793
1,1804,0.97421871,0.076932742,0.60723396,0.04141487
1,1805,0.97421871,0.076932742,0.60723396,0.04141487
1,1806,0.97955903,0.076625236,0.60858971,0.041220923
1,1807,0.9737108,0.076356349,0.61166531,0.04137429
1,1808,0.9737108,0.076356349,0.61166531,0.04137429
1,1809,0.97119319,0.076847901,0.61393759,0.041186906
1,1810,0.97119319,0.076847901,0.61393759,0.041186906
1,1811,0.96921183,0.076833929,0.61313897,0.041232826
1,1812,0.96921183,0.076833929,0.61313897,0.041232826
1,1813,0.97083246,0.076942372,0.61298924,0.041550685
1,1814,0.97083246,0.076942372,0.61298924,0.041550685
1,1815,0.97083246,0.076942372,0.61298924,0.041550685
1,1816,0.97122901,0.076401421,0.61517898,0.041451551
1,1817,0.97122901,0.076401421,0.61517898,0.041451551
1,1818,0.96888138,0.075998368,0.61505538,0.041371023
1,1819,0.96951305,0.076101358,0.61438224,0.041753943
1,1820,0.96404098,0.07652923,0.61667519,0.041694425
1,1821,0.96404098,0.07652923,0.61667519,0.041694425
1,1822,0.96404098,0.07652923,0.61667519,0.041694425
1,1823,0.9677811,0.076877427,0.61546767,0.041521263
1,1824,0.9677811,0.076877427,0.61546767,0.041521263
1,1825,0.96926244,0.076618922,0.6131296,0.041542034
1,1826,0.96926244,0.076618922,0.6131296,0.041542034
1,1827,0.96926244,0.076618922,0.6131296,0.041542034
1,1828,0.98289006,0.077292716,0.60522042,0.041233456
1,1829,0.98289006,0.077292716,0.60522042,0.041233456
1,1830,0.98310388,0.077842951,0.60316149,0.041174341
1,1831,0.98069864,0.078161204,0.60370149,0.041182508
1,1832,0.98523014,0.078508838,0.60185372,0.041324696
1,1833,0.98523014,0.078508838,0.60185372,0.041324696
1,1834,0.98538227,0.078746414,0.60343709,0.041442621
1,1835,0.98489799,0.078984529,0.59985909,0.041415662
1,1836,0.98489799,0.078984529,0.59985909,0.041415662
1,1837,0.98489799,0.078984529,0.59985909,0.041415662
1,1838,0.98489799,0.078984529,0.59985909,0.041415662
1,1839,0.98806156,0.079192335,0.60406108,0.041187865
1,1840,0.98845526,0.07860601,0.59969262,0.04135784
1,1841,0.98845526,0.07860601,0.59969262,0.04135784
1,1842,0.99103327,0.078889996,0.59881405,0.041239696
1,1843,0.98802268,0.07833738,0.5995617,0.041030889
1,1844,0.98769805,0.079035556,0.60381811,0.040640105
1,1845,0.98769805,0.079035556,0.60381811,0.040640105
1,1846,0.98914773,0.07902272,0.60117158,0.040664463
1,1847,0.98914773,0.07902272,0.60117158,0.040664463
1,1848,0.98914773,0.07902272,0.60117158,0.040664463
1,1849,0.99439423,0.079427249,0.59859589,0.040547714
1,1850,0.99439423,0.079427249,0.59859589,0.040547714
1,1851,0.99154085,0.079555086,0.6003637,0.040272523
1,1852,0.99154085,0.079555086,0.6003637,0.040272523
1,1853,0.99474949,0.079737034,0.59933987,0.040383392
1,1854,0.99474949,0.079737034,0.59933987,0.040383392
1,1855,0.99474949,0.079737034,0.59933987,0.040383392
1,1856,0.99892554,0.079066454,0.6005923,0.040141743
1,1857,0.9910299,0.078608782,0.59945243,0.040492527
1,1858,0.9910299,0.078608782,0.59945243,0.040492527
1,1859,0.98833407,0.079465905,0.59913102,0.040610331
1,1860,0.98833407,0.079465905,0.59913102,0.040610331
1,1861,0.98853314,0.078276186,0.60503121,0.040716755
1,1862,0.98851769,0.078992752,0.60183865,0.04046937
1,1863,0.98832865,0.078679711,0.60085985,0.040783683
1,1864,0.98832865,0.078679711,0.60085985,0.040783683
1,1865,0.98832865,0.078679711,0.60085985,0.040783683
1,1866,0.98832865,0.078679711,0.60085985,0.040783683
1,1867,0.98832865,0.078679711,0.60085985,0.040783683
1,1868,0.98832865,0.078679711,0.60085985,0.040783683
1,1869,0.98832865,0.078679711,0.60085985,0.040783683
1,1870,0.98832865,0.078679711,0.60085985,0.040783683
1,1871,0.98832865,0.078679711,0.60085985,0.040783683
1,1872,0.98832865,0.078679711,0.60085985,0.040783683
1,1873,0.98832865,0.078679711,0.60085985,0.040783683
1,1874,0.98832865,0.078679711,0.60085985,0.040783683
1,1875,0.98832865,0.078679711,0.60085985,0.040783683
1,1876,0.98832865,0.078679711,0.60085985,0.040783683
1,1877,0.98832865,0.078679711,0.60085985,0.040783683
1,1878,0.98832865,0.078679711,0.60085985,0.040783683
1,1879,0.98832865,0.078679711,0.60085985,0.040783683
1,1880,0.98832865,0.078679711,0.60085985,0.040783683
1,1881,0.98897745,0.078598759,0.59948235,0.04040802
1,1882,0.98897745,0.078598759,0.59948235,0.04040802
1,1883,1.001607,0.079180788,0.59622899,0.040066666
1,1884,1.001607,0.079180788,0.59622899,0.040066666
1,1885,1.001607,0.079180788,0.59622899,0.040066666
1,1886,1.001607,0.079180788,0.59622899,0.040066666
1,1887,0.99618137,0.07914898,0.59945402,0.040083236
1,1888,0.99618137,0.07914898,0.59945402,0.040083236
1,1889,0.99194313,0.07870232,0.59784096,0.040648271
1,1890,0.99194313,0.07870232,0.59784096,0.040648271
1,1891,0.99382233,0.078936156,0.59964856,0.040609161
1,1892,0.99382233,0.078936156,0.59964856,0.040609161
1,1893,0.99382233,0.078936156,0.59964856,0.040609161
1,1894,0.99118756,0.078993037,0.600233,0.040610342
1,1895,0.99118756,0.078993037,0.600233,0.040610342
1,1896,0.99118756,0.078993037,0.600233,0.040610342
1,1897,0.99118756,0.078993037,0.600233,0.040610342
1,1898,0.99118756,0.078993037,0.600233,0.040610342
1,1899,0.99121382,0.078288375,0.5985335,0.040831994
1,1900,0.98621009,0.07808802,0.60334134,0.040846427
1,1901,0.98621009,0.07808802,0.60334134,0.040846427
1,1902,0.99225831,0.077939969,0.60097572,0.040691176
1,1903,0.99225831,0.077939969,0.60097572,0.040691176
1,1904,0.98954735,0.078827036,0.59916488,0.040611651
1,1905,0.98954735,0.078827036,0.59916488,0.040611651
1,1906,0.98954735,0.078827036,0.59916488,0.040611651
1,1907,0.98954735,0.078827036,0.59916488,0.040611651
1,1908,0.98809383,0.079053202,0.59933178,0.040702702
1,1909,0.99230926,0.07859284,0.59880155,0.04047517
1,1910,0.99230926,0.07859284,0.59880155,0.04047517
1,1911,0.99230926,0.07859284,0.59880155,0.04047517
1,1912,0.99230926,0.07859284,0.59880155,0.04047517
1,1913,0.99230926,0.07859284,0.59880155,0.04047517
1,1914,0.99206308,0.079296566,0.59706666,0.040507611
1,1915,0.99206308,0.079296566,0.59706666,0.040507611
1,1916,0.99206308,0.079296566,0.59706666,0.040507611
1,1917,0.99329815,0.078358707,0.59876965,0.040713489
1,1918,0.98902518,0.079255962,0.59784031,0.040792348
1,1919,0.98885358,0.079373395,0.6004165,0.040715336
1,1920,0.98885358,0.079373395,0.6004165,0.040715336
1,1921,0.98885358,0.079373395,0.6004165,0.040715336
1,1922,0.99494834,0.079312753,0.59815689,0.040521571
1,1923,0.99241953,0.079416625,0.59750964,0.04053168
1,1924,0.99630829,0.078574751,0.59878911,0.040305105
1,1925,0.99993357,0.079712306,0.59477376,0.040259492
1,1926,0.99993357,0.079712306,0.59477376,0.040259492
1,1927,0.99993357,0.079712306,0.59477376,0.040259492
1,1928,0.99993357,0.079712306,0.59477376,0.040259492
1,1929,0.99911319,0.079377752,0.59638634,0.040096329
1,1930,0.99911319,0.079377752,0.59638634,0.040096329
1,1931,0.99911319,0.079377752,0.59638634,0.040096329
1,1932,0.99724813,0.079815528,0.59656086,0.040184871
1,1933,0.99724813,0.079815528,0.59656086,0.040184871
1,1934,0.99724813,0.079815528,0.59656086,0.040184871
1,1935,0.99724813,0.079815528,0.59656086,0.040184871
1,1936,0.99724813,0.079815528,0.59656086,0.040184871
1,1937,0.99771968,0.079489339,0.59564545,0.040353171
1,1938,1.0006901,0.080223609,0.59213617,0.040191769
1,1939,1.0006901,0.080223609,0.59213617,0.040191769
1,1940,1.0072936,0.080855033,0.58912148,0.039673498
1,1941,1.009063,0.081139515,0.59175221,0.039964743
1,1942,1.0079446,0.080520157,0.59252328,0.039980015
1,1943,1.005613,0.08083559,0.59115314,0.040279857
1,1944,1.005613,0.08083559,0.59115314,0.040279857
1,1945,1.005613,0.08083559,0.59115314,0.040279857
1,1946,1.0124732,0.080913526,0.58651723,0.040126176
1,1947,1.0091803,0.080601351,0.59232019,0.039860632
1,1948,1.0091803,0.080601351,0.59232019,0.039860632
1,1949,0.99938967,0.080282556,0.59490208,0.039738027
1,1950,0.99938967,0.080282556,0.59490208,0.039738027
1,1951,1.0029629,0.079582245,0.59192334,0.039822845
1,1952,1.0106451,0.080490345,0.59299675,0.039789423
1,1953,1.00135,0.080493749,0.59378032,0.040101416
1,1954,0.99988818,0.080221198,0.59492421,0.040301112
1,1955,0.99988818,0.080221198,0.59492421,0.040301112
1,1956,0.99988818,0.080221198,0.59492421,0.040301112
1,1957,0.99988818,0.080221198,0.59492421,0.040301112
1,1958,1.0032963,0.080382761,0.59517617,0.039996281
1,1959,0.99702561,0.079503816,0.5955524,0.040007345
1,1960,0.99702561,0.079503816,0.5955524,0.040007345
1,1961,1.0038215,0.07964881,0.59423343,0.039923352
1,1962,1.0038215,0.07964881,0.59423343,0.039923352
1,1963,1.0038215,0.07964881,0.59423343,0.039923352
1,1964,1.0100793,0.079786324,0.59027919,0.040166964
1,1965,1.0100793,0.079786324,0.59027919,0.040166964
1,1966,0.99993286,0.079506385,0.59253239,0.04055715
1,1967,0.99993286,0.079506385,0.59253239,0.04055715
1,1968,0.99346573,0.079965053,0.59617581,0.040602897
1,1969,0.99346573,0.079965053,0.59617581,0.040602897
1,1970,0.99705223,0.079866583,0.59381591,0.040434359
1,1971,0.99705223,0.079866583,0.59381591,0.040434359
1,1972,0.99438205,0.079726705,0.59831205,0.040390197
1,1973,0.99438205,0.079726705,0.59831205,0.040390197
1,1974,0.99438205,0.079726705,0.59831205,0.040390197
1,1975,1.000797,0.079122674,0.59366329,0.040253288
1,1976,1.0044674,0.079504357,0.59576858,0.040112572
1,1977,1.0044674,0.079504357,0.59576858,0.040112572
1,1978,1.007482,0.080004464,0.59329461,0.039927553
1,1979,1.007482,0.080004464,0.59329461,0.039927553
1,1980,1.007482,0.080004464,0.59329461,0.039927553
1,1981,1.0093218,0.079994644,0.59021888,0.039853817
1,1982,1.0073032,0.080923814,0.58948631,0.039718195
1,1983,1.0073032,0.080923814,0.58948631,0.039718195
1,1984,1.005967,0.080741016,0.58861128,0.03984003
1,1985,1.0116192,0.081148103,0.58868989,0.039594117
1,1986,1.0147177,0.081611996,0.58873958,0.039608985
1,1987,1.0172663,0.081473401,0.58705873,0.039472886
1,1988,1.0197488,0.080879481,0.58370591,0.039872833
1,1989,1.0197488,0.080879481,0.58370591,0.039872833
1,1990,1.0197488,0.080879481,0.58370591,0.039872833
1,1991,1.0197488,0.080879481,0.58370591,0.039872833
1,1992,1.0197488,0.080879481,0.58370591,0.039872833
1,1993,1.01865,0.081444476,0.58755543,0.039556903
1,1994,1.01865,0.081444476,0.58755543,0.039556903
1,1995,1.0134754,0.081967567,0.58734286,0.039827736
1,1996,1.0134754,0.081967567,0.58734286,0.039827736
1,1997,1.0134754,0.081967567,0.58734286,0.039827736
1,1998,1.0134754,0.081967567,0.58734286,0.039827736
1,1999,1.0163407,0.08187982,0.58666944,0.039746344
1,2000,1.0163407,0.08187982,0.58666944,0.039746344
1,2001,1.0167956,0.081286349,0.58561263,0.039281137
1,2002,1.0167956,0.081286349,0.58561263,0.039281137
1,2003,1.0167956,0.081286349,0.58561263,0.039281137
1,2004,1.0190259,0.081625132,0.5823725,0.039333921
1,2005,1.0210759,0.082407049,0.58453768,0.039288805
1,2006,1.020001,0.080897568,0.58221358,0.039791809
1,2007,1.0092694,0.081252041,0.58640648,0.039948297
1,2008,1.0148412,0.081626148,0.58543881,0.039915399
1,2009,1.015695,0.081708309,0.58492556,0.039474126
1,2010,1.0210644,0.08210474,0.58351208,0.039395401
1,2011,1.0210644,0.08210474,0.58351208,0.039395401
1,2012,1.0215872,0.082099111,0.58029769,0.039618878
1,2013,1.0207859,0.082084731,0.58215819,0.039613062
1,2014,1.0207859,0.082084731,0.58215819,0.039613062
1,2015,1.0158772,0.082078063,0.58462002,0.039609496
1,2016,1.0158772,0.082078063,0.58462002,0.039609496
1,2017,1.0158772,0.082078063,0.58462002,0.039609496
1,2018,1.0158772,0.082078063,0.58462002,0.039609496
1,2019,1.0158772,0.082078063,0.58462002,0.039609496
1,2020,1.0158772,0.082078063,0.58462002,0.039609496
1,2021,1.0158772,0.082078063,0.58462002,0.039609496
1,2022,1.0158772,0.082078063,0.58462002,0.039609496
1,2023,1.0158772,0.082078063,0.58462002,0.039609496
1,2024,1.0158772,0.082078063,0.58462002,0.039609496
1,2025,1.0158772,0.082078063,0.58462002,0.039609496
1,2026,1.0158772,0.082078063,0.58462002,0.039609496
1,2027,1.017687,0.081728964,0.5860172,0.039481094
1,2028,1.017687,0.081728964,0.5860172,0.039481094
1,2029,1.0191786,0.081619055,0.58391176,0.039620121
1,2030,1.0191786,0.081619055,0.58391176,0.039620121
1,2031,1.0112416,0.081828151,0.58954903,0.039663622
1,2032,1.0112416,0.081828151,0.58954903,0.039663622
1,2033,1.0112416,0.081828151,0.58954903,0.039663622
1,2034,1.0112416,0.081828151,0.58954903,0.039663622
1,2035,1.0086836,0.081672417,0.58618859,0.040003303
1,2036,1.0086836,0.081672417,0.58618859,0.040003303
1,2037,1.0059883,0.081469162,0.58921335,0.040005573
1,2038,1.0072782,0.080964754,0.58805377,0.03993984
1,2039,1.0042858,0.079357266,0.59398604,0.040051423
1,2040,1.0056589,0.080663232,0.58906233,0.03997439
1,2041,1.0056589,0.080663232,0.58906233,0.03997439
1,2042,1.0056589,0.080663232,0.58906233,0.03997439
1,2043,1.0056589,0.080663232,0.58906233,0.03997439
1,2044,1.0056589,0.080663232,0.58906233,0.03997439
1,2045,1.0072359,0.080685947,0.59149447,0.039873558
1,2046,1.0072359,0.080685947,0.59149447,0.039873558
1,2047,1.0091327,0.081164778,0.58912184,0.039798044
1,2048,1.0084168,0.081123534,0.58891267,0.03960113
1,2049,1.0084168,0.081123534,0.58891267,0.03960113
1,2050,1.0084168,0.081123534,0.58891267,0.03960113
1,2051,1.0084168,0.081123534,0.58891267,0.03960113
1,2052,1.0084168,0.081123534,0.58891267,0.03960113
1,2053,1.0084168,0.081123534,0.58891267,0.03960113
1,2054,1.010718,0.080790943,0.59015316,0.03958752
1,2055,1.010718,0.080790943,0.59015316,0.03958752
1,2056,1.010718,0.080790943,0.59015316,0.03958752
1,2057,1.010718,0.080790943,0.59015316,0.03958752
1,2058,1.0080063,0.081171165,0.58663158,0.03962413
1,2059,1.0099791,0.080759938,0.5877077,0.039767115
1,2060,1.0099791,0.080759938,0.5877077,0.039767115
1,2061,1.0128525,0.081039887,0.58739403,0.040073838
1,2062,1.0128525,0.081039887,0.58739403,0.040073838
1,2063,1.0178872,0.080699043,0.58469239,0.040122497
1,2064,1.0178872,0.080699043,0.58469239,0.040122497
1,2065,1.0167731,0.080498337,0.58436444,0.03979054
1,2066,1.0130273,0.081080964,0.58585488,0.040230915
1,2067,1.0125914,0.081950963,0.58394176,0.03972448
1,2068,1.0125914,0.081950963,0.58394176,0.03972448
1,2069,1.013998,0.081716827,0.58670634,0.039933039
1,2070,1.0126367,0.080915649,0.5884733,0.039477413
1,2071,1.0060714,0.080722886,0.59065397,0.039674538
1,2072,1.0060714,0.080722886,0.59065397,0.039674538
1,2073,1.0060714,0.080722886,0.59065397,0.039674538
1,2074,1.0060714,0.080722886,0.59065397,0.039674538
1,2075,1.0060714,0.080722886,0.59065397,0.039674538
1,2076,1.0060714,0.080722886,0.59065397,0.039674538
1,2077,1.0060714,0.080722886,0.59065397,0.039674538
1,2078,1.0060714,0.080722886,0.59065397,0.039674538
1,2079,1.0060714,0.080722886,0.59065397,0.039674538
1,2080,1.0060714,0.080722886,0.59065397,0.039674538
1,2081,1.0066034,0.080887729,0.59080724,0.039639145
1,2082,1.0066034,0.080887729,0.59080724,0.039639145
1,2083,1.0066034,0.080887729,0.59080724,0.039639145
1,2084,1.0066034,0.080887729,0.59080724,0.039639145
1,2085,1.0066034,0.080887729,0.59080724,0.039639145
1,2086,1.0066034,0.080887729,0.59080724,0.039639145
1,2087,1.0066034,0.080887729,0.59080724,0.039639145
1,2088,1.0000701,0.080416157,0.59696649,0.040046222
1,2089,0.99505307,0.078932045,0.59792218,0.040280909
1,2090,0.99505307,0.078932045,0.59792218,0.040280909
1,2091,0.99505307,0.078932045,0.59792218,0.040280909
1,2092,0.99505307,0.078932045,0.59792218,0.040280909
1,2093,0.99335599,0.079308996,0.59806721,0.04059514
1,2094,0.99487493,0.079654213,0.5985073,0.040364778
1,2095,0.99565439,0.078957624,0.5958374,0.040605457
1,2096,1.0009627,0.079512698,0.5945879,0.040251133
1,2097,1.0024174,0.079995085,0.59510947,0.040184775
1,2098,1.0005082,0.080910945,0.59360293,0.040156087
1,2099,0.99968643,0.080573238,0.59401372,0.040142281
1,2100,0.99968643,0.080573238,0.59401372,0.040142281
1,2101,1.0074662,0.080455416,0.59155668,0.040088396
1,2102,1.0074662,0.080455416,0.59155668,0.040088396
1,2103,1.0048383,0.080092376,0.59216724,0.040045423
1,2104,1.0040578,0.080320806,0.59244079,0.040249993
1,2105,1.0040578,0.080320806,0.59244079,0.040249993
1,2106,1.0040578,0.080320806,0.59244079,0.040249993
1,2107,1.0040578,0.080320806,0.59244079,0.040249993
1,2108,1.0031684,0.080084136,0.59562567,0.039969119
1,2109,1.0028863,0.080169585,0.59414309,0.039931777
1,2110,1.0028863,0.080169585,0.59414309,0.039931777
1,2111,1.0028863,0.080169585,0.59414309,0.039931777
1,2112,1.0028863,0.080169585,0.59414309,0.039931777
1,2113,1.0028863,0.080169585,0.59414309,0.039931777
1,2114,1.0028863,0.080169585,0.59414309,0.039931777
1,2115,1.0028863,0.080169585,0.59414309,0.039931777
1,2116,1.0065019,0.080851724,0.58764107,0.040124812
1,2117,1.0091223,0.080563326,0.58692748,0.040084134
1,2118,1.0100432,0.080517403,0.58643085,0.040186992
1,2119,1.0133582,0.081011828,0.58740501,0.040051728
1,2120,1.0133582,0.081011828,0.58740501,0.040051728
1,2121,1.0101874,0.081576873,0.58916176,0.039848642
1,2122,1.0101874,0.081576873,0.58916176,0.039848642
1,2123,1.0081318,0.082018698,0.58928108,0.039625147
1,2124,1.0056113,0.081814519,0.5869868,0.039990985
1,2125,1.0141963,0.08038044,0.58854471,0.039835249
1,2126,1.0141963,0.08038044,0.58854471,0.039835249
1,2127,1.0141963,0.08038044,0.58854471,0.039835249
1,2128,1.0141963,0.08038044,0.58854471,0.039835249
1,2129,1.0118982,0.080420941,0.58987672,0.039798393
1,2130,1.0118982,0.080420941,0.58987672,0.039798393
1,2131,1.0118982,0.080420941,0.58987672,0.039798393
1,2132,1.0118982,0.080420941,0.58987672,0.039798393
1,2133,1.0118982,0.080420941,0.58987672,0.039798393
1,2134,1.0118982,0.080420941,0.58987672,0.039798393
1,2135,1.0109153,0.080605561,0.58801324,0.039709859
1,2136,1.0109153,0.080605561,0.58801324,0.039709859
1,2137,1.0109153,0.080605561,0.58801324,0.039709859
1,2138,1.0109153,0.080605561,0.58801324,0.039709859
1,2139,1.0133236,0.081126171,0.58797585,0.039615304
1,2140,1.0133236,0.081126171,0.58797585,0.039615304
1,2141,1.0086858,0.081105774,0.58886938,0.039662319
1,2142,1.0070759,0.080825397,0.58888798,0.039807253
1,2143,1.0070759,0.080825397,0.58888798,0.039807253
1,2144,1.006172,0.080400461,0.59004987,0.039834478
1,2145,0.99942242,0.08045946,0.59299558,0.040014842
1,2146,0.99942242,0.08045946,0.59299558,0.040014842
1,2147,0.99942242,0.08045946,0.59299558,0.040014842
1,2148,0.9985943,0.079776413,0.59570407,0.040746939
1,2149,1.0011068,0.080501415,0.59443623,0.040440119
1,2150,1.0072599,0.079980983,0.5919038,0.040239039
1,2151,1.0060235,0.080473194,0.59138861,0.039856057
1,2152,1.0060235,0.080473194,0.59138861,0.039856057
1,2153,1.0097568,0.080621446,0.5908923,0.039678702
1,2154,1.0097568,0.080621446,0.5908923,0.039678702
1,2155,1.0097568,0.080621446,0.5908923,0.039678702
1,2156,1.0068897,0.080540692,0.59199969,0.039865391
1,2157,1.0068897,0.080540692,0.59199969,0.039865391
1,2158,1.0068897,0.080540692,0.59199969,0.039865391
1,2159,1.0068897,0.080540692,0.59199969,0.039865391
1,2160,1.0068897,0.080540692,0.59199969,0.039865391
1,2161,1.0068897,0.080540692,0.59199969,0.039865391
1,2162,1.0068897,0.080540692,0.59199969,0.039865391
1,2163,1.0088893,0.081055442,0.58921015,0.0398873
1,2164,1.0088893,0.081055442,0.58921015,0.0398873
1,2165,1.0088893,0.081055442,0.58921015,0.0398873
1,2166,1.0088893,0.081055442,0.58921015,0.0398873
1,2167,1.0088893,0.081055442,0.58921015,0.0398873
1,2168,1.0063692,0.080837725,0.58911355,0.039865806
1,2169,1.0041724,0.081209843,0.59090478,0.039998093
1,2170,1.0041724,0.081209843,0.59090478,0.039998093
1,2171,1.0041724,0.081209843,0.59090478,0.039998093
1,2172,1.0041724,0.081209843,0.59090478,0.039998093
1,2173,1.0041724,0.081209843,0.59090478,0.039998093
1,2174,1.0041724,0.081209843,0.59090478,0.039998093
1,2175,1.0057041,0.080995839,0.59086821,0.039650273
1,2176,1.0057041,0.080995839,0.59086821,0.039650273
1,2177,1.0057041,0.080995839,0.59086821,0.039650273
1,2178,1.0057041,0.080995839,0.59086821,0.039650273
1,2179,1.0045947,0.081789906,0.59142953,0.04011143
1,2180,1.0045947,0.081789906,0.59142953,0.04011143
1,2181,1.0045947,0.081789906,0.59142953,0.04011143
1,2182,1.0045947,0.081789906,0.59142953,0.04011143
1,2183,1.0173275,0.081487924,0.58459164,0.0398787
1,2184,1.0180613,0.081034913,0.58296959,0.039896172
1,2185,1.0123026,0.080590727,0.58498825,0.040431748
1,2186,1.0117857,0.080245421,0.58653758,0.040132712
1,2187,1.0117857,0.080245421,0.58653758,0.040132712
1,2188,1.0076435,0.080950744,0.58784713,0.040264217
1,2189,1.0076435,0.080950744,0.58784713,0.040264217
1,2190,1.0047144,0.080495596,0.58846808,0.040234432
1,2191,1.0047144,0.080495596,0.58846808,0.040234432
1,2192,1.0047144,0.080495596,0.58846808,0.040234432
1,2193,1.0069037,0.079758675,0.59112672,0.040305059
1,2194,1.0069037,0.079758675,0.59112672,0.040305059
1,2195,1.0011659,0.079509559,0.59333742,0.040359141
1,2196,1.0011659,0.079509559,0.59333742,0.040359141
1,2197,1.0011659,0.079509559,0.59333742,0.040359141
1,2198,0.99641069,0.078880081,0.59710635,0.040540167
1,2199,0.99641069,0.078880081,0.59710635,0.040540167
1,2200,0.99641069,0.078880081,0.59710635,0.040540167
1,2201,0.99641069,0.078880081,0.59710635,0.040540167
1,2202,0.99073236,0.078791247,0.59976102,0.040407612
1,2203,0.99073236,0.078791247,0.59976102,0.040407612
1,2204,0.99338775,0.079301965,0.59927644,0.040597362
1,2205,0.99966174,0.079794336,0.59799206,0.040286508
1,2206,0.99966174,0.079794336,0.59799206,0.040286508
1,2207,0.99411421,0.079580683,0.59493195,0.040488018
1,2208,1.0013539,0.08000754,0.59423892,0.040088141
1,2209,1.0013539,0.08000754,0.59423892,0.040088141
1,2210,1.0013539,0.08000754,0.59423892,0.040088141
1,2211,1.0013539,0.08000754,0.59423892,0.040088141
1,2212,1.0013539,0.08000754,0.59423892,0.040088141
1,2213,0.99886433,0.080222007,0.59240145,0.039979907
1,2214,1.0065071,0.080356912,0.59401475,0.040064212
1,2215,1.0075213,0.079831316,0.58928509,0.040174849
1,2216,1.0075213,0.079831316,0.58928509,0.040174849
1,2217,1.0038515,0.079803121,0.59121556,0.040369498
1,2218,1.0039754,0.080342381,0.59123652,0.040041662
1,2219,1.0039754,0.080342381,0.59123652,0.040041662
1,2220,1.0023261,0.080675694,0.59400065,0.039864649
1,2221,1.0047894,0.080708391,0.59409544,0.039880941
1,2222,1.0047894,0.080708391,0.59409544,0.039880941
1,2223,1.00581,0.080977423,0.59099945,0.039837458
1,2224,1.008448,0.080424862,0.58893117,0.039957321
1,2225,1.008448,0.080424862,0.58893117,0.039957321
1,2226,1.008448,0.080424862,0.58893117,0.039957321
1,2227,1.008448,0.080424862,0.58893117,0.039957321
1,2228,1.008448,0.080424862,0.58893117,0.039957321
1,2229,1.0078677,0.080230425,0.59082007,0.04010984
1,2230,1.0078677,0.080230425,0.59082007,0.04010984
1,2231,1.0053909,0.080420429,0.59152399,0.040274258
1,2232,1.0095446,0.080795391,0.59293254,0.040003451
1,2233,1.0095446,0.080795391,0.59293254,0.040003451
1,2234,1.0052335,0.079348441,0.59187314,0.040189059
1,2235,1.0052335,0.079348441,0.59187314,0.040189059
1,2236,1.0052335,0.079348441,0.59187314,0.040189059
1,2237,0.99929255,0.078997777,0.59589472,0.039969747
1,2238,0.99929255,0.078997777,0.59589472,0.039969747
1,2239,1.0030778,0.0792451,0.59716682,0.040137876
1,2240,0.99704143,0.079741932,0.59246729,0.040369152
1,2241,1.0045097,0.079567744,0.59285084,0.04015192
1,2242,1.004131,0.08042332,0.59013813,0.040234225
1,2243,1.0027746,0.080772001,0.5906284,0.04026333
1,2244,1.0066604,0.079954706,0.59118557,0.040436294
1,2245,0.99544571,0.079327867,0.5985,0.040622378
1,2246,0.99692797,0.079613742,0.5964511,0.040194213
1,2247,0.99180517,0.079087938,0.59929769,0.040418623
1,2248,0.99332921,0.07987193,0.59782106,0.040517999
1,2249,0.99332921,0.07987193,0.59782106,0.040517999
1,2250,0.99332921,0.07987193,0.59782106,0.040517999
1,2251,0.99332921,0.07987193,0.59782106,0.040517999
1,2252,0.99332921,0.07987193,0.59782106,0.040517999
1,2253,0.99272698,0.079185722,0.5988657,0.040763145
1,2254,0.99809081,0.079860578,0.59527511,0.040431378
1,2255,1.0044985,0.080631194,0.59401044,0.040098984
1,2256,1.0044985,0.080631194,0.59401044,0.040098984
1,2257,1.0044985,0.080631194,0.59401044,0.040098984
1,2258,1.006265,0.080761978,0.59220435,0.039861582
1,2259,1.006265,0.080761978,0.59220435,0.039861582
1,2260,1.006265,0.080761978,0.59220435,0.039861582
1,2261,1.006265,0.080761978,0.59220435,0.039861582
1,2262,1.006265,0.080761978,0.59220435,0.039861582
1,2263,1.006265,0.080761978,0.59220435,0.039861582
1,2264,1.006265,0.080761978,0.59220435,0.039861582
1,2265,1.006265,0.080761978,0.59220435,0.039861582
1,2266,1.0050617,0.08061267,0.59151853,0.039858675
1,2267,1.0050617,0.08061267,0.59151853,0.039858675
1,2268,1.0050617,0.08061267,0.59151853,0.039858675
1,2269,1.0050617,0.08061267,0.59151853,0.039858675
1,2270,1.0050617,0.08061267,0.59151853,0.039858675
1,2271,1.0050617,0.08061267,0.59151853,0.039858675
1,2272,1.0050617,0.08061267,0.59151853,0.039858675
1,2273,1.0008846,0.080553584,0.59288078,0.040110489
1,2274,1.0031017,0.07938317,0.59561741,0.040141348
1,2275,1.004355,0.079684193,0.59314851,0.040255808
1,2276,1.004355,0.079684193,0.59314851,0.040255808
1,2277,1.004355,0.079684193,0.59314851,0.040255808
1,2278,1.004355,0.079684193,0.59314851,0.040255808
1,2279,1.004355,0.079684193,0.59314851,0.040255808
1,2280,1.004355,0.079684193,0.59314851,0.040255808
1,2281,0.99851363,0.079697798,0.59729289,0.040222056
1,2282,0.99803771,0.080059119,0.59555164,0.040197177
1,2283,0.99803771,0.080059119,0.59555164,0.040197177
1,2284,0.99601739,0.080383402,0.59588106,0.040191373
1,2285,1.0041353,0.080072631,0.59213797,0.040252711
1,2286,1.0041353,0.080072631,0.59213797,0.040252711
1,2287,1.0041353,0.080072631,0.59213797,0.040252711
1,2288,1.0041353,0.080072631,0.59213797,0.040252711
1,2289,1.0041353,0.080072631,0.59213797,0.040252711
1,2290,1.0041353,0.080072631,0.59213797,0.040252711
1,2291,1.0007963,0.080535402,0.59791589,0.03993812
1,2292,1.0056587,0.079318407,0.59426454,0.039967294
1,2293,0.99783257,0.08073315,0.59831128,0.039866576
1,2294,0.99783257,0.08073315,0.59831128,0.039866576
1,2295,0.99847493,0.080399522,0.59858393,0.040312408
1,2296,1.0000154,0.080739332,0.59495896,0.040312396
1,2297,1.0000154,0.080739332,0.59495896,0.040312396
1,2298,1.0062169,0.081313881,0.58702031,0.040022394
1,2299,1.0062169,0.081313881,0.58702031,0.040022394
1,2300,1.0078173,0.080964556,0.5888758,0.040324849
1,2301,1.0039558,0.080335336,0.59049395,0.040206486
1,2302,1.0039558,0.080335336,0.59049395,0.040206486
1,2303,1.0046972,0.080408386,0.59092082,0.040041478
1,2304,1.0046972,0.080408386,0.59092082,0.040041478
1,2305,1.0091451,0.080366813,0.59200492,0.039762853
1,2306,1.0091451,0.080366813,0.59200492,0.039762853
1,2307,1.0091451,0.080366813,0.59200492,0.039762853
1,2308,1.0040903,0.081351512,0.59136006,0.039577742
1,2309,1.0062276,0.080356331,0.5901401,0.03962798
1,2310,1.0083042,0.080131511,0.59226557,0.039542564
1,2311,1.0083042,0.080131511,0.59226557,0.039542564
1,2312,1.0098073,0.08043044,0.58987129,0.039597347
1,2313,1.0098073,0.08043044,0.58987129,0.039597347
1,2314,1.0127035,0.080305894,0.58707925,0.040051077
1,2315,1.0127035,0.080305894,0.58707925,0.040051077
1,2316,1.0085022,0.080942841,0.5907752,0.039702891
1,2317,1.0081731,0.080249655,0.59224383,0.040237786
1,2318,1.002669,0.080354909,0.59243039,0.040567267
1,2319,1.0140418,0.081032131,0.58573894,0.040031668
1,2320,1.0140418,0.081032131,0.58573894,0.040031668
1,2321,1.0128047,0.081423257,0.58577099,0.040130313
1,2322,1.0140146,0.081166229,0.58353124,0.039861078
1,2323,1.0115798,0.081159649,0.58580578,0.039943715
1,2324,1.010806,0.080858603,0.58688471,0.039896746
1,2325,1.0117641,0.080215238,0.58595103,0.040057117
1,2326,1.0120206,0.08043984,0.58827865,0.039983413
1,2327,1.0048175,0.08084156,0.5916101,0.040192189
1,2328,1.0048175,0.08084156,0.5916101,0.040192189
1,2329,1.0048175,0.08084156,0.5916101,0.040192189
1,2330,1.0048175,0.08084156,0.5916101,0.040192189
1,2331,1.0048175,0.08084156,0.5916101,0.040192189
1,2332,1.0048175,0.08084156,0.5916101,0.040192189
1,2333,1.0048961,0.080349195,0.59066432,0.039701016
1,2334,1.002183,0.080896555,0.58996129,0.039860288
1,2335,1.0068487,0.080295463,0.59253862,0.039809271
1,2336,1.0066109,0.080634166,0.58983588,0.040238439
1,2337,1.0066109,0.080634166,0.58983588,0.040238439
1,2338,1.0011201,0.079669131,0.59015752,0.040319142
1,2339,0.99862346,0.079554217,0.59167214,0.040205504
1,2340,1.0026528,0.078980533,0.59662325,0.04010701
1,2341,1.0026528,0.078980533,0.59662325,0.04010701
1,2342,1.0026528,0.078980533,0.59662325,0.04010701
1,2343,1.0026528,0.078980533,0.59662325,0.04010701
1,2344,1.0047862,0.079302156,0.59663289,0.040131871
1,2345,1.0010394,0.079555677,0.59427232,0.039753007
1,2346,1.0021433,0.079445245,0.59325713,0.039870895
1,2347,1.0023039,0.079792833,0.5923811,0.039946643
1,2348,1.0064865,0.079927685,0.59410634,0.039938817
1,2349,1.0064865,0.079927685,0.59410634,0.039938817
1,2350,1.0064865,0.079927685,0.59410634,0.039938817
1,2351,1.0119438,0.080180996,0.588931,0.03995555
1,2352,1.0119438,0.080180996,0.588931,0.03995555
1,2353,1.0065712,0.080293584,0.58781038,0.040249075
1,2354,1.0076742,0.080514301,0.59194109,0.040163061
1,2355,1.0076742,0.080514301,0.59194109,0.040163061
1,2356,1.0076742,0.080514301,0.59194109,0.040163061
1,2357,1.0076742,0.080514301,0.59194109,0.040163061
1,2358,0.996631,0.079835059,0.59345583,0.040180727
1,2359,0.99685254,0.080291509,0.59723252,0.039919603
1,2360,1.0034179,0.079880966,0.59301006,0.040292968
1,2361,1.0034179,0.079880966,0.59301006,0.040292968
1,2362,1.0034179,0.079880966,0.59301006,0.040292968
1,2363,1.0018529,0.079892647,0.59444377,0.04014917
1,2364,0.99883222,0.080387753,0.59483837,0.040353375
1,2365,1.0030879,0.080801419,0.58896473,0.040044293
1,2366,1.0030879,0.080801419,0.58896473,0.040044293
1,2367,1.0030879,0.080801419,0.58896473,0.040044293
1,2368,1.0030879,0.080801419,0.58896473,0.040044293
1,2369,1.000218,0.080877993,0.59013517,0.040148586
1,2370,1.0053361,0.081461247,0.59008435,0.040112295
1,2371,1.0053361,0.081461247,0.59008435,0.040112295
1,2372,1.0113692,0.08069063,0.58825366,0.040035796
1,2373,1.0090962,0.080038123,0.58929843,0.039923294
1,2374,1.0055292,0.079792072,0.59003234,0.040001347
1,2375,1.0001815,0.079114541,0.59319494,0.040352296
1,2376,1.0019479,0.08016394,0.59148868,0.04021537
1,2377,1.0019479,0.08016394,0.59148868,0.04021537
1,2378,1.0019479,0.08016394,0.59148868,0.04021537
1,2379,1.0045709,0.07983156,0.59134169,0.040079868
1,2380,1.0045709,0.07983156,0.59134169,0.040079868
1,2381,1.0001063,0.07962548,0.59371045,0.040326042
1,2382,1.0001063,0.07962548,0.59371045,0.040326042
1,2383,1.0001063,0.07962548,0.59371045,0.040326042
1,2384,1.0001063,0.07962548,0.59371045,0.040326042
1,2385,1.0020442,0.079905696,0.59302308,0.040446433
1,2386,1.0020442,0.079905696,0.59302308,0.040446433
1,2387,0.99872779,0.079301573,0.59547051,0.040359271
1,2388,1.0036854,0.079461257,0.59162741,0.040419154
1,2389,1.0036854,0.079461257,0.59162741,0.040419154
1,2390,1.0016299,0.080053779,0.5949461,0.040320543
1,2391,0.99744493,0.079722256,0.59583728,0.040267871
1,2392,0.99744493,0.079722256,0.59583728,0.040267871
1,2393,1.0026913,0.080545853,0.59215249,0.04034957
1,2394,1.0026913,0.080545853,0.59215249,0.04034957
1,2395,1.0070362,0.079607165,0.58999122,0.040196354
1,2396,1.0101858,0.080286172,0.58782683,0.040068008
1,2397,1.0092958,0.080245509,0.5937519,0.040000787
1,2398,1.0138702,0.080149411,0.58533966,0.039910477
1,2399,1.016717,0.080521436,0.5841378,0.039648045
1,2400,1.016717,0.080521436,0.5841378,0.039648045
1,2401,1.0178715,0.080446195,0.58561084,0.040084157
1,2402,1.0184853,0.081208129,0.58522616,0.03996308
1,2403,1.0184853,0.081208129,0.58522616,0.03996308
1,2404,1.0184853,0.081208129,0.58522616,0.03996308
1,2405,1.012231,0.081668571,0.58658205,0.040045292
1,2406,1.012231,0.081668571,0.58658205,0.040045292
1,2407,1.0088633,0.081549045,0.5878516,0.039850609
1,2408,1.0088633,0.081549045,0.5878516,0.039850609
1,2409,1.0088633,0.081549045,0.5878516,0.039850609
1,2410,1.0130301,0.082098477,0.5857519,0.039682332
1,2411,1.0141141,0.081458331,0.58744392,0.039882961
1,2412,1.0101469,0.081264131,0.59029975,0.039734188
1,2413,1.0101469,0.081264131,0.59029975,0.039734188
1,2414,1.0101469,0.081264131,0.59029975,0.039734188
1,2415,1.0003489,0.079995084,0.5931092,0.040108958
1,2416,1.0003489,0.079995084,0.5931092,0.040108958
1,2417,1.0003489,0.079995084,0.5931092,0.040108958
1,2418,0.99953795,0.080586063,0.59576726,0.039645404
1,2419,0.99953795,0.080586063,0.59576726,0.039645404
1,2420,1.0044485,0.080396449,0.59374322,0.03954962
1,2421,1.0044485,0.080396449,0.59374322,0.03954962
1,2422,1.0044485,0.080396449,0.59374322,0.03954962
1,2423,1.0044485,0.080396449,0.59374322,0.03954962
1,2424,0.99462332,0.07886377,0.59846444,0.040119401
1,2425,0.99118539,0.078866068,0.60244829,0.040207002
1,2426,0.98954642,0.079382432,0.60075188,0.040896578
1,2427,0.98790606,0.078410522,0.603165,0.041011434
1,2428,0.98790606,0.078410522,0.603165,0.041011434
1,2429,0.98790606,0.078410522,0.603165,0.041011434
1,2430,0.98790606,0.078410522,0.603165,0.041011434
1,2431,0.98495399,0.078145485,0.60172059,0.041139657
1,2432,0.98520451,0.079142388,0.60102158,0.040734118
1,2433,0.98520451,0.079142388,0.60102158,0.040734118
1,2434,0.98518511,0.07830813,0.60212532,0.040830343
1,2435,0.98518511,0.07830813,0.60212532,0.040830343
1,2436,0.98608347,0.07786314,0.60437186,0.040706468
1,2437,0.98677507,0.077448967,0.60374148,0.040963182
1,2438,0.98677507,0.077448967,0.60374148,0.040963182
1,2439,0.98677507,0.077448967,0.60374148,0.040963182
1,2440,0.9897138,0.078225044,0.60260776,0.040947183
1,2441,0.9897138,0.078225044,0.60260776,0.040947183
1,2442,0.98166078,0.078049545,0.60747144,0.04065782
1,2443,0.98166078,0.078049545,0.60747144,0.04065782
1,2444,0.98407935,0.077653747,0.60727228,0.040519453
1,2445,0.98407935,0.077653747,0.60727228,0.040519453
1,2446,0.98407935,0.077653747,0.60727228,0.040519453
1,2447,0.98407935,0.077653747,0.60727228,0.040519453
1,2448,0.98407935,0.077653747,0.60727228,0.040519453
1,2449,0.98407935,0.077653747,0.60727228,0.040519453
1,2450,0.98407935,0.077653747,0.60727228,0.040519453
1,2451,0.98706088,0.078211423,0.60585109,0.040720492
1,2452,0.98706088,0.078211423,0.60585109,0.040720492
1,2453,0.98706088,0.078211423,0.60585109,0.040720492
1,2454,0.99083217,0.078419545,0.6043451,0.040502293
1,2455,0.99083217,0.078419545,0.6043451,0.040502293
1,2456,0.98936467,0.078080811,0.60231083,0.040727173
1,2457,0.98936467,0.078080811,0.60231083,0.040727173
1,2458,0.98936467,0.078080811,0.60231083,0.040727173
1,2459,0.98936467,0.078080811,0.60231083,0.040727173
1,2460,0.98936467,0.078080811,0.60231083,0.040727173
1,2461,0.98936467,0.078080811,0.60231083,0.040727173
1,2462,0.98936467,0.078080811,0.60231083,0.040727173
1,2463,0.98936467,0.078080811,0.60231083,0.040727173
1,2464,0.98545758,0.07774329,0.60777008,0.040733959
1,2465,0.98545758,0.07774329,0.60777008,0.040733959
1,2466,0.98466048,0.077471172,0.60843861,0.040704108
1,2467,0.99124549,0.078518192,0.60181873,0.040598174
1,2468,0.99124549,0.078518192,0.60181873,0.040598174
1,2469,0.99664895,0.078119174,0.59914278,0.040670731
1,2470,0.99664895,0.078119174,0.59914278,0.040670731
1,2471,0.99779058,0.078136222,0.59887734,0.040757736
1,2472,0.99445846,0.078240348,0.60010062,0.040166616
1,2473,0.9948217,0.078723095,0.60166523,0.039920655
1,2474,0.99428499,0.078508501,0.59784975,0.040313768
1,2475,0.99957514,0.079066975,0.59410649,0.040060201
1,2476,1.0042731,0.078848617,0.59288561,0.04013526
1,2477,1.0063607,0.079483129,0.58882106,0.040156807
1,2478,1.0009454,0.079277358,0.59207963,0.040564061
1,2479,1.0009454,0.079277358,0.59207963,0.040564061
1,2480,1.0009454,0.079277358,0.59207963,0.040564061
1,2481,1.0009454,0.079277358,0.59207963,0.040564061
1,2482,1.0009454,0.079277358,0.59207963,0.040564061
1,2483,0.99859299,0.079797997,0.59204265,0.040686485
1,2484,0.99859299,0.079797997,0.59204265,0.040686485
1,2485,0.99859299,0.079797997,0.59204265,0.040686485
1,2486,0.99859299,0.079797997,0.59204265,0.040686485
1,2487,1.000937,0.079769023,0.59260236,0.040607228
1,2488,0.99939741,0.079490602,0.59323441,0.040361664
1,2489,0.99939741,0.079490602,0.59323441,0.040361664
1,2490,0.99429981,0.07999928,0.59591029,0.040444468
1,2491,0.99429981,0.07999928,0.59591029,0.040444468
1,2492,0.99429981,0.07999928,0.59591029,0.040444468
1,2493,1.0031415,0.080727743,0.59444955,0.040160537
1,2494,1.0031415,0.080727743,0.59444955,0.040160537
1,2495,1.0020743,0.080547192,0.59375619,0.040181725
1,2496,1.0042114,0.08050967,0.59285317,0.040318906
1,2497,0.99310523,0.08014769,0.59513436,0.040383634
1,2498,0.99820964,0.079050543,0.59971294,0.040512188
1,2499,0.99314212,0.079140326,0.60116861,0.040212262
2,0,0.98327778,0.078227542,0.60596006,0.041077435
2,1,0.97897583,0.07753119,0.60833747,0.041245359
2,2,0.97897583,0.07753119,0.60833747,0.041245359
2,3,0.98043481,0.077021094,0.60907809,0.041210607
2,4,0.98043481,0.077021094,0.60907809,0.041210607
2,5,0.97558724,0.077584458,0.60723723,0.041127482
2,6,0.97558724,0.077584458,0.60723723,0.041127482
2,7,0.97991454,0.078493729,0.60467714,0.040748367
2,8,0.97843651,0.077375974,0.61076209,0.040861996
2,9,0.97843651,0.077375974,0.61076209,0.040861996
2,10,0.9795941,0.077497421,0.61093097,0.040807764
2,11,0.98185152,0.0771787,0.6100177,0.041207856
2,12,0.98344537,0.077561371,0.61011742,0.04103589
2,13,0.98344537,0.077561371,0.61011742,0.04103589
2,14,0.9765936,0.077873648,0.60740283,0.041288045
2,15,0.9765936,0.077873648,0.60740283,0.041288045
2,16,0.9765936,0.077873648,0.60740283,0.041288045
2,17,0.9765936,0.077873648,0.60740283,0.041288045
2,18,0.98191368,0.077302806,0.60839445,0.041035641
2,19,0.98191368,0.077302806,0.60839445,0.041035641
2,20,0.97678441,0.077676452,0.60851832,0.040963628
2,21,0.97678441,0.077676452,0.60851832,0.040963628
2,22,0.97678441,0.077676452,0.60851832,0.040963628
2,23,0.97678441,0.077676452,0.60851832,0.040963628
2,24,0.9782506,0.077907326,0.60926194,0.040682361
2,25,0.9782506,0.077907326,0.60926194,0.040682361
2,26,0.98735824,0.078215232,0.60589046,0.040687824
2,27,0.98863313,0.07920914,0.6015182,0.040621875
2,28,0.99024862,0.079270233,0.59947216,0.040537177
2,29,0.99024862,0.079270233,0.59947216,0.040537177
2,30,0.99597304,0.07925196,0.5956449,0.040361876
2,31,0.99597304,0.07925196,0.5956449,0.040361876
2,32,0.99990647,0.079080318,0.59650817,0.040143635
2,33,0.99990647,0.079080318,0.59650817,0.040143635
2,34,0.99990647,0.079080318,0.59650817,0.040143635
2,35,0.99775738,0.080123102,0.59308285,0.040286998
2,36,0.99908387,0.080167558,0.59117556,0.040077906
2,37,1.0077241,0.080373198,0.58807526,0.039841544
2,38,1.0076436,0.08050511,0.59015656,0.039926521
2,39,1.0078522,0.080256825,0.59013795,0.040184193
2,40,1.0078522,0.080256825,0.59013795,0.040184193
2,41,1.0078522,0.080256825,0.59013795,0.040184193
2,42,1.0078522,0.080256825,0.59013795,0.040184193
2,43,1.0055171,0.080332116,0.5884005,0.039995271
2,44,1.0055171,0.080332116,0.5884005,0.039995271
2,45,1.0076437,0.079866402,0.58954715,0.039960198
2,46,1.0041324,0.079816351,0.59438497,0.039985006
2,47,1.0071288,0.08027717,0.58987591,0.040135377
2,48,1.0071288,0.08027717,0.58987591,0.040135377
2,49,1.0071288,0.08027717,0.58987591,0.040135377
2,50,1.0071288,0.08027717,0.58987591,0.040135377
2,51,1.0088528,0.080472063,0.59002234,0.040074777
2,52,1.0088528,0.080472063,0.59002234,0.040074777
2,53,1.0088528,0.080472063,0.59002234,0.040074777
2,54,1.0104634,0.080136552,0.58762792,0.040090657
2,55,1.0104634,0.080136552,0.58762792,0.040090657
2,56,1.0104634,0.080136552,0.58762792,0.040090657
2,57,1.0114113,0.080154233,0.58924323,0.039940437
2,58,1.0114113,0.080154233,0.58924323,0.039940437
2,59,1.0114113,0.080154233,0.58924323,0.039940437
2,60,1.0111079,0.080733939,0.5901823,0.040246049
2,61,1.0102996,0.080318981,0.59183088,0.040167184
2,62,1.0102996,0.080318981,0.59183088,0.040167184
2,63,1.0097051,0.080333145,0.59117787,0.040038492
2,64,1.0062923,0.080969973,0.59101464,0.040124686
2,65,1.0062923,0.080969973,0.59101464,0.040124686
2,66,1.0062923,0.080969973,0.59101464,0.040124686
2,67,1.0062923,0.080969973,0.59101464,0.040124686
2,68,1.0062923,0.080969973,0.59101464,0.040124686
2,69,1.0064517,0.080055732,0.59195472,0.040186386
2,70,1.0064517,0.080055732,0.59195472,0.040186386
2,71,1.0064517,0.080055732,0.59195472,0.040186386
2,72,1.0064517,0.080055732,0.59195472,0.040186386
2,73,1.0064517,0.080055732,0.59195472,0.040186386
2,74,1.0064517,0.080055732,0.59195472,0.040186386
2,75,1.0064517,0.080055732,0.59195472,0.040186386
2,76,0.99851392,0.079885352,0.5930504,0.04026594
2,77,1.0031823,0.079656035,0.59326983,0.040150767
2,78,1.0031823,0.079656035,0.59326983,0.040150767
2,79,1.0031823,0.079656035,0.59326983,0.040150767
2,80,0.99912453,0.080377498,0.595728,0.040248714
2,81,0.99912453,0.080377498,0.595728,0.040248714
2,82,1.0064307,0.080703681,0.59012223,0.040114903
2,83,1.0064307,0.080703681,0.59012223,0.040114903
2,84,1.0120975,0.080586583,0.58696636,0.039886678
2,85,1.0108499,0.08168913,0.58897161,0.03993405
2,86,1.0045758,0.080819397,0.58756934,0.040048255
2,87,1.0045758,0.080819397,0.58756934,0.040048255
2,88,1.006702,0.080523732,0.59135306,0.04027156
2,89,1.006702,0.080523732,0.59135306,0.04027156
2,90,1.0062951,0.08040256,0.58819403,0.040042772
2,91,1.0062951,0.08040256,0.58819403,0.040042772
2,92,0.99995098,0.080429433,0.59559958,0.040332837
2,93,0.99995098,0.080429433,0.59559958,0.040332837
2,94,0.99522931,0.079667566,0.59927772,0.039977505
2,95,0.99522931,0.079667566,0.59927772,0.039977505
2,96,0.99522931,0.079667566,0.59927772,0.039977505
2,97,0.99943609,0.080487762,0.59617055,0.04006191
2,98,0.99943609,0.080487762,0.59617055,0.04006191
2,99,0.99943609,0.080487762,0.59617055,0.04006191
2,100,0.99508959,0.080729873,0.59779196,0.040203125
2,101,0.99508959,0.080729873,0.59779196,0.040203125
2,102,0.99717199,0.079611299,0.59374995,0.040075563
2,103,0.99717199,0.079611299,0.59374995,0.040075563
2,104,1.0109214,0.081035903,0.5869569,0.040214406
2,105,1.0109214,0.081035903,0.5869569,0.040214406
2,106,1.0109214,0.081035903,0.5869569,0.040214406
2,107,1.010896,0.081935022,0.58755475,0.039774689
2,108,1.010896,0.081935022,0.58755475,0.039774689
2,109,1.010896,0.081935022,0.58755475,0.039774689
2,110,1.0108182,0.082091981,0.58718596,0.039731422
2,111,1.0108182,0.082091981,0.58718596,0.039731422
2,112,1.0082199,0.081690752,0.58878573,0.039554764
2,113,1.0163568,0.081218367,0.58500993,0.039731909
2,114,1.0163568,0.081218367,0.58500993,0.039731909
2,115,1.0163568,0.081218367,0.58500993,0.039731909
2,116,1.0228142,0.081895438,0.57978887,0.039772478
2,117,1.0228142,0.081895438,0.57978887,0.039772478
2,118,1.0247166,0.082907272,0.58053579,0.039351458
2,119,1.0247166,0.082907272,0.58053579,0.039351458
2,120,1.0247166,0.082907272,0.58053579,0.039351458
2,121,1.0247166,0.082907272,0.58053579,0.039351458
2,122,1.0245728,0.082972998,0.58199052,0.0392919
2,123,1.0268874,0.082847948,0.57888049,0.039227621
2,124,1.0268874,0.082847948,0.57888049,0.039227621
2,125,1.029336,0.083342162,0.57604065,0.039278379
2,126,1.0287267,0.082655711,0.57701529,0.039564842
2,127,1.0286687,0.082268967,0.5765985,0.039293924
2,128,1.0321683,0.083369385,0.57674034,0.038880886
2,129,1.0286883,0.082871496,0.58104217,0.038892267
2,130,1.0286883,0.082871496,0.58104217,0.038892267
2,131,1.0293629,0.082622183,0.57925656,0.03908962
2,132,1.0293629,0.082622183,0.57925656,0.03908962
2,133,1.0293629,0.082622183,0.57925656,0.03908962
2,134,1.0293629,0.082622183,0.57925656,0.03908962
2,135,1.0293629,0.082622183,0.57925656,0.03908962
2,136,1.0293629,0.082622183,0.57925656,0.03908962
2,137,1.0281935,0.082570013,0.58180186,0.039105728
2,138,1.025983,0.082654818,0.58121018,0.038816553
2,139,1.023211,0.082653585,0.58312351,0.039060644
2,140,1.023211,0.082653585,0.58312351,0.039060644
2,141,1.0216657,0.080991098,0.58559374,0.039423075
2,142,1.017018,0.081306164,0.58526168,0.03937557
2,143,1.0194641,0.081191047,0.58600419,0.039565901
2,144,1.0104641,0.081992184,0.58762059,0.039534311
2,145,1.0038329,0.08122679,0.59116553,0.03978345
2,146,1.0058696,0.080904982,0.59249602,0.039757091
2,147,0.99816219,0.079987176,0.59443107,0.040161536
2,148,1.0018108,0.07946018,0.5949562,0.040186516
2,149,1.0018108,0.07946018,0.5949562,0.040186516
2,150,0.99833756,0.07897977,0.59804193,0.040174075
2,151,0.99811176,0.07921485,0.59669951,0.040066327
2,152,0.99148789,0.0790618,0.59783071,0.040234169
2,153,0.9964169,0.079207302,0.60089478,0.04037473
2,154,0.9981457,0.079373642,0.59809363,0.040260974
2,155,0.9981457,0.079373642,0.59809363,0.040260974
2,156,0.9981457,0.079373642,0.59809363,0.040260974
2,157,0.99850862,0.079150497,0.5989587,0.040303523
2,158,0.99850862,0.079150497,0.5989587,0.040303523
2,159,0.99650778,0.079377309,0.59862471,0.040319578
2,160,0.99650778,0.079377309,0.59862471,0.040319578
2,161,0.99650778,0.079377309,0.59862471,0.040319578
2,162,0.99650778,0.079377309,0.59862471,0.040319578
2,163,0.99650778,0.079377309,0.59862471,0.040319578
2,164,0.99650778,0.079377309,0.59862471,0.040319578
2,165,0.99650778,0.079377309,0.59862471,0.040319578
2,166,0.99650778,0.079377309,0.59862471,0.040319578
2,167,0.99869949,0.079694604,0.59604384,0.039913255
2,168,0.99869949,0.079694604,0.59604384,0.039913255
2,169,0.99869949,0.079694604,0.59604384,0.039913255
2,170,1.0025386,0.079586498,0.59623749,0.040175948
2,171,0.9988038,0.079784337,0.59339286,0.040071696
2,172,0.99584319,0.079964235,0.59404319,0.040073181
2,173,0.99584319,0.079964235,0.59404319,0.040073181
2,174,1.0020995,0.079627356,0.59510499,0.0402951
2,175,1.0020995,0.079627356,0.59510499,0.0402951
2,176,1.0020995,0.079627356,0.59510499,0.0402951
2,177,0.99984262,0.07949501,0.59554128,0.040109847
2,178,0.99837946,0.078801094,0.59717792,0.040200326
2,179,0.99837946,0.078801094,0.59717792,0.040200326
2,180,0.99462101,0.079299663,0.59554287,0.04015199
2,181,0.99462101,0.079299663,0.59554287,0.04015199
2,182,0.99991367,0.080226727,0.59388085,0.040330728
2,183,1.0029265,0.080291203,0.5919354,0.040096656
2,184,1.0060976,0.079977644,0.595193,0.039756395
2,185,1.0060976,0.079977644,0.595193,0.039756395
2,186,1.012577,0.080612757,0.59202793,0.039812733
2,187,1.0036817,0.080170993,0.58896951,0.039869573
2,188,1.0059945,0.079336431,0.59121371,0.039757026
2,189,1.0049274,0.07889778,0.59227811,0.040366305
2,190,0.99916419,0.079451716,0.59655404,0.040572877
2,191,0.99769134,0.079801026,0.59669385,0.040354864
2,192,0.99769134,0.079801026,0.59669385,0.040354864
2,193,0.99769134,0.079801026,0.59669385,0.040354864
2,194,0.99936267,0.079880736,0.59522032,0.040338445
2,195,0.99936267,0.079880736,0.59522032,0.040338445
2,196,0.99936267,0.079880736,0.59522032,0.040338445
2,197,0.99936267,0.079880736,0.59522032,0.040338445
2,198,0.99864281,0.080187343,0.59331263,0.04038491
2,199,0.99864281,0.080187343,0.59331263,0.04038491
2,200,0.99864281,0.080187343,0.59331263,0.04038491
2,201,1.0027517,0.080394398,0.59418318,0.04009309
2,202,1.0027517,0.080394398,0.59418318,0.04009309
2,203,0.99546295,0.080299708,0.5951786,0.040332572
2,204,1.0002669,0.080009105,0.5897278,0.040220911
2,205,1.0002669,0.080009105,0.5897278,0.040220911
2,206,1.0002669,0.080009105,0.5897278,0.040220911
2,207,1.0058894,0.080607256,0.58678089,0.04029259
2,208,1.0066082,0.079931661,0.5893562,0.040399211
2,209,1.0066082,0.079931661,0.5893562,0.040399211
2,210,1.0065833,0.080264354,0.58889393,0.040502896
2,211,1.0065833,0.080264354,0.58889393,0.040502896
2,212,1.0065833,0.080264354,0.58889393,0.040502896
2,213,1.0065833,0.080264354,0.58889393,0.040502896
2,214,1.0065833,0.080264354,0.58889393,0.040502896
2,215,1.0060903,0.081045309,0.58935084,0.040333514
2,216,1.0060903,0.081045309,0.58935084,0.040333514
2,217,1.000491,0.08044794,0.59233338,0.03986254
2,218,1.0055819,0.080450797,0.5925406,0.039971986
2,219,1.0055819,0.080450797,0.5925406,0.039971986
2,220,1.0055819,0.080450797,0.5925406,0.039971986
2,221,1.0055819,0.080450797,0.5925406,0.039971986
2,222,1.0055819,0.080450797,0.5925406,0.039971986
2,223,1.0054734,0.080511321,0.59244747,0.0401169
2,224,1.0057151,0.081049632,0.59183562,0.039947413
2,225,1.0085445,0.080823037,0.59020605,0.039806429
2,226,1.0097016,0.080641536,0.59075521,0.039862799
2,227,1.0060461,0.08084405,0.59129639,0.039854929
2,228,1.0060461,0.08084405,0.59129639,0.039854929
2,229,1.0031684,0.080799521,0.59191677,0.039995808
2,230,1.0042154,0.080904809,0.59037973,0.039767769
2,231,0.99714675,0.08096059,0.59542565,0.03992006
2,232,0.99948117,0.080602704,0.5949064,0.039851713
2,233,1.0025709,0.079951771,0.5939883,0.03988637
2,234,1.0014858,0.079577821,0.5961234,0.0399149
2,235,0.99850983,0.080015719,0.59494611,0.040265844
2,236,0.99850983,0.080015719,0.59494611,0.040265844
2,237,0.99850983,0.080015719,0.59494611,0.040265844
2,238,0.99850983,0.080015719,0.59494611,0.040265844
2,239,0.99850983,0.080015719,0.59494611,0.040265844
2,240,0.99850983,0.080015719,0.59494611,0.040265844
2,241,0.99850983,0.080015719,0.59494611,0.040265844
2,242,0.99850983,0.080015719,0.59494611,0.040265844
2,243,0.99850983,0.080015719,0.59494611,0.040265844
2,244,0.99850983,0.080015719,0.59494611,0.040265844
2,245,0.99850983,0.080015719,0.59494611,0.040265844
2,246,0.99850983,0.080015719,0.59494611,0.040265844
2,247,0.99577752,0.079750402,0.59836971,0.040241018
2,248,0.99577752,0.079750402,0.59836971,0.040241018
2,249,0.99577752,0.079750402,0.59836971,0.040241018
2,250,1.0022135,0.07949195,0.59574238,0.040261669
2,251,0.99505534,0.079083221,0.59996711,0.040332515
2,252,0.99377291,0.07901595,0.59732168,0.040432569
2,253,0.99377291,0.07901595,0.59732168,0.040432569
2,254,0.99377291,0.07901595,0.59732168,0.040432569
2,255,0.99377291,0.07901595,0.59732168,0.040432569
2,256,0.99377291,0.07901595,0.59732168,0.040432569
2,257,0.99377291,0.07901595,0.59732168,0.040432569
2,258,0.99377291,0.07901595,0.59732168,0.040432569
2,259,0.99377291,0.07901595,0.59732168,0.040432569
2,260,0.98863351,0.079408107,0.60067717,0.040265573
2,261,0.99547686,0.079219258,0.60074676,0.040741733
2,262,0.99168653,0.079552854,0.59963756,0.040632552
2,263,0.98839706,0.079427422,0.59970505,0.04061827
2,264,0.99653116,0.079779025,0.59872228,0.040376222
2,265,0.99984044,0.079559943,0.59608088,0.040422335
2,266,0.9987531,0.079918814,0.59310105,0.040326818
2,267,0.9987531,0.079918814,0.59310105,0.040326818
2,268,1.0026922,0.08013195,0.59407536,0.040365927
2,269,1.0026922,0.08013195,0.59407536,0.040365927
2,270,1.0026922,0.08013195,0.59407536,0.040365927
2,271,1.0026922,0.08013195,0.59407536,0.040365927
2,272,1.0024395,0.0803698,0.59564583,0.040190306
2,273,0.99793271,0.079288277,0.59498499,0.040338818
2,274,0.99793271,0.079288277,0.59498499,0.040338818
2,275,0.99793271,0.079288277,0.59498499,0.040338818
2,276,0.99793271,0.079288277,0.59498499,0.040338818
2,277,0.99628843,0.079877022,0.59455808,0.040541065
2,278,0.99446185,0.079695023,0.59443739,0.040551065
2,279,0.99705589,0.079483702,0.5973891,0.040438663
2,280,0.99681984,0.079721799,0.59734859,0.040296452
2,281,0.99681984,0.079721799,0.59734859,0.040296452
2,282,0.99681984,0.079721799,0.59734859,0.040296452
2,283,0.99404015,0.079744139,0.59662191,0.040309232
2,284,0.99583976,0.07909609,0.59754145,0.040367411
2,285,0.99344871,0.079069469,0.60020166,0.040635625
2,286,0.9908421,0.078989616,0.60011839,0.04060338
2,287,0.98795016,0.078847151,0.60151728,0.040968858
2,288,0.98802317,0.078674369,0.6025323,0.040682559
2,289,0.98429404,0.079179993,0.60073423,0.040529768
2,290,0.99403656,0.079478591,0.59684879,0.040578621
2,291,0.99814702,0.079879469,0.59724528,0.040037522
2,292,0.99814702,0.079879469,0.59724528,0.040037522
2,293,0.99244803,0.079648419,0.59514795,0.040520728
2,294,0.99611976,0.079475169,0.59642951,0.04035243
2,295,0.99611976,0.079475169,0.59642951,0.04035243
2,296,0.99611976,0.079475169,0.59642951,0.04035243
2,297,0.99595986,0.079335154,0.5979322,0.040158131
2,298,0.99650974,0.078868032,0.59838114,0.040524378
2,299,0.99650974,0.078868032,0.59838114,0.040524378
2,300,0.99650974,0.078868032,0.59838114,0.040524378
2,301,0.99590787,0.079510563,0.59431851,0.040598218
2,302,0.99675737,0.079242599,0.59615169,0.040508733
2,303,0.99675737,0.079242599,0.59615169,0.040508733
2,304,1.0015797,0.079414167,0.59746841,0.040249524
2,305,0.99597163,0.079314185,0.59859637,0.040068298
2,306,0.99806479,0.079463758,0.59777873,0.040149405
2,307,0.99682283,0.079271755,0.59711236,0.040474945
2,308,0.99682283,0.079271755,0.59711236,0.040474945
2,309,0.98968354,0.079152531,0.60185696,0.040046392
2,310,0.99746889,0.079226588,0.59561493,0.040086822
2,311,1.0017087,0.079403905,0.5962198,0.039959672
2,312,1.0017087,0.079403905,0.5962198,0.039959672
2,313,0.99514869,0.078426957,0.60030739,0.040387903
2,314,0.99514869,0.078426957,0.60030739,0.040387903
2,315,0.99514869,0.078426957,0.60030739,0.040387903
2,316,0.99106008,0.078419037,0.60298123,0.040365533
2,317,0.99817618,0.079134012,0.59781305,0.040689066
2,318,0.99627593,0.079665065,0.59669898,0.040365567
2,319,1.0000847,0.080998061,0.59407241,0.040379024
2,320,1.0027052,0.081386527,0.5945701,0.040018946
2,321,1.0027052,0.081386527,0.5945701,0.040018946
2,322,1.0036592,0.080687192,0.59145501,0.039696711
2,323,1.0036592,0.080687192,0.59145501,0.039696711
2,324,1.0036592,0.080687192,0.59145501,0.039696711
2,325,1.0036592,0.080687192,0.59145501,0.039696711
2,326,1.0035334,0.080595894,0.59178545,0.039969273
2,327,1.0004453,0.080062173,0.59285375,0.040539513
2,328,1.0004453,0.080062173,0.59285375,0.040539513
2,329,0.99355732,0.079640857,0.59806237,0.040505586
2,330,0.99355732,0.079640857,0.59806237,0.040505586
2,331,0.99726693,0.079620979,0.59319637,0.040409617
2,332,1.0018961,0.079131321,0.59186531,0.040021075
2,333,0.99801903,0.079377691,0.59501357,0.04001527
2,334,0.9954682,0.078838952,0.59818238,0.040346761
2,335,0.99212901,0.079154449,0.59799002,0.040299542
2,336,0.98722933,0.079137786,0.60333196,0.040792893
2,337,0.98780671,0.078641487,0.60185087,0.040738664
2,338,0.99527149,0.078796032,0.60134743,0.040236101
2,339,0.99088549,0.078468362,0.60295871,0.040272147
2,340,0.99088549,0.078468362,0.60295871,0.040272147
2,341,0.99088549,0.078468362,0.60295871,0.040272147
2,342,0.99894789,0.07852534,0.59564922,0.040666373
2,343,0.99090127,0.078725167,0.59885781,0.040689799
2,344,0.99090127,0.078725167,0.59885781,0.040689799
2,345,0.99090127,0.078725167,0.59885781,0.040689799
2,346,0.99090127,0.078725167,0.59885781,0.040689799
2,347,0.99544691,0.079785701,0.59681517,0.040647012
2,348,0.99778609,0.079416432,0.59899592,0.040588444
2,349,0.99873179,0.079039424,0.59679782,0.040658893
2,350,1.0001906,0.079314452,0.59500087,0.040470723
2,351,1.0011932,0.079163651,0.59154806,0.040257108
2,352,1.0029939,0.079195229,0.59664505,0.040017875
2,353,1.0029939,0.079195229,0.59664505,0.040017875
2,354,0.99879228,0.079410554,0.59453127,0.040304744
2,355,0.99879228,0.079410554,0.59453127,0.040304744
2,356,0.99879228,0.079410554,0.59453127,0.040304744
2,357,1.0030562,0.079844113,0.59389796,0.039997117
2,358,1.0030562,0.079844113,0.59389796,0.039997117
2,359,1.0071549,0.080115011,0.59073358,0.039959058
2,360,1.0035687,0.08053302,0.5914312,0.040438078
2,361,1.0043144,0.080082934,0.59365979,0.04037766
2,362,1.0043144,0.080082934,0.59365979,0.04037766
2,363,1.0036741,0.080600658,0.59118711,0.040319116
2,364,0.99927305,0.079763834,0.59889801,0.040068227
2,365,0.99207402,0.079760982,0.59747379,0.040101335
2,366,1.0007789,0.079520012,0.59672369,0.040077441
2,367,0.99830334,0.079845017,0.59247678,0.040249339
2,368,0.99830334,0.079845017,0.59247678,0.040249339
2,369,0.99719998,0.079394835,0.5991832,0.039990513
2,370,0.99598505,0.079900369,0.59688009,0.040425091
2,371,0.99598505,0.079900369,0.59688009,0.040425091
2,372,0.99598505,0.079900369,0.59688009,0.040425091
2,373,1.0008213,0.080306416,0.59338434,0.039957396
2,374,1.0008213,0.080306416,0.59338434,0.039957396
2,375,1.0008213,0.080306416,0.59338434,0.039957396
2,376,1.0008213,0.080306416,0.59338434,0.039957396
2,377,1.0026331,0.080346096,0.59688931,0.039928044
2,378,1.0023731,0.079999774,0.59370403,0.040028514
2,379,1.0023731,0.079999774,0.59370403,0.040028514
2,380,1.0023731,0.079999774,0.59370403,0.040028514
2,381,1.0023731,0.079999774,0.59370403,0.040028514
2,382,1.0023731,0.079999774,0.59370403,0.040028514
2,383,0.99714352,0.079678167,0.59459019,0.040369286
2,384,0.99706324,0.079335878,0.59478862,0.040130848
2,385,1.0021577,0.079855837,0.59077631,0.040125402
2,386,1.0021577,0.079855837,0.59077631,0.040125402
2,387,1.0030368,0.079813036,0.58780723,0.040279684
2,388,1.0111677,0.079889759,0.59255955,0.040004482
2,389,1.0111677,0.079889759,0.59255955,0.040004482
2,390,1.0110832,0.08004903,0.59235775,0.039812284
2,391,1.0110832,0.08004903,0.59235775,0.039812284
2,392,1.0004591,0.079033918,0.59437925,0.040098935
2,393,0.99383409,0.079248701,0.60045953,0.040436111
2,394,0.99383409,0.079248701,0.60045953,0.040436111
2,395,0.99305326,0.080091055,0.59396548,0.040400082
2,396,0.99790051,0.079417042,0.59609983,0.040518315
2,397,0.99790051,0.079417042,0.59609983,0.040518315
2,398,0.99710896,0.079523986,0.59618279,0.04046857
2,399,0.99655988,0.079307524,0.59414902,0.040387092
2,400,0.99988915,0.079719634,0.59291799,0.040333769
2,401,1.0002773,0.079932998,0.59381358,0.040401024
2,402,1.0002773,0.079932998,0.59381358,0.040401024
2,403,1.0002773,0.079932998,0.59381358,0.040401024
2,404,1.0002773,0.079932998,0.59381358,0.040401024
2,405,1.0002773,0.079932998,0.59381358,0.040401024
2,406,1.0002773,0.079932998,0.59381358,0.040401024
2,407,0.99822105,0.079638562,0.59558193,0.040114884
2,408,0.99822105,0.079638562,0.59558193,0.040114884
2,409,0.99822105,0.079638562,0.59558193,0.040114884
2,410,0.99255963,0.079347184,0.59859647,0.040544514
2,411,0.99916617,0.079430138,0.59660845,0.040148346
2,412,0.99916617,0.079430138,0.59660845,0.040148346
2,413,0.99916617,0.079430138,0.59660845,0.040148346
2,414,0.99916617,0.079430138,0.59660845,0.040148346
2,415,0.99916617,0.079430138,0.59660845,0.040148346
2,416,0.99916617,0.079430138,0.59660845,0.040148346
2,417,1.0014831,0.079574765,0.59549185,0.040077337
2,418,1.0014831,0.079574765,0.59549185,0.040077337
2,419,0.99426797,0.080242535,0.59662888,0.040361954
2,420,0.99913219,0.080074024,0.59605097,0.040034562
2,421,0.99913219,0.080074024,0.59605097,0.040034562
2,422,0.99913219,0.080074024,0.59605097,0.040034562
2,423,0.99913219,0.080074024,0.59605097,0.040034562
2,424,0.99913219,0.080074024,0.59605097,0.040034562
2,425,0.99913219,0.080074024,0.59605097,0.040034562
2,426,0.99913219,0.080074024,0.59605097,0.040034562
2,427,0.99913219,0.080074024,0.59605097,0.040034562
2,428,1.0041357,0.079735531,0.59628594,0.040131543
2,429,1.0051293,0.080915856,0.59398263,0.039796873
2,430,1.0051293,0.080915856,0.59398263,0.039796873
2,431,1.004523,0.080436802,0.59133603,0.039923071
2,432,0.99766592,0.080096454,0.59418415,0.040202562
2,433,0.99946639,0.079720935,0.59760032,0.040468397
2,434,1.0039293,0.080241624,0.59065022,0.040726106
2,435,1.0068451,0.08073224,0.59043943,0.040387245
2,436,1.0036968,0.081457119,0.59197952,0.039997734
2,437,1.0036968,0.081457119,0.59197952,0.039997734
2,438,1.0036968,0.081457119,0.59197952,0.039997734
2,439,1.0036968,0.081457119,0.59197952,0.039997734
2,440,1.0078618,0.081295347,0.59213408,0.039778968
2,441,1.0078618,0.081295347,0.59213408,0.039778968
2,442,1.0078618,0.081295347,0.59213408,0.039778968
2,443,1.0055177,0.08021848,0.58848598,0.039913532
2,444,1.0055177,0.08021848,0.58848598,0.039913532
2,445,1.0055177,0.08021848,0.58848598,0.039913532
2,446,1.0055177,0.08021848,0.58848598,0.039913532
2,447,1.0069166,0.080866188,0.58823443,0.039966008
2,448,1.0069166,0.080866188,0.58823443,0.039966008
2,449,1.0069166,0.080866188,0.58823443,0.039966008
2,450,1.0070513,0.080390403,0.59267971,0.040129256
2,451,1.0070513,0.080390403,0.59267971,0.040129256
2,452,1.0070513,0.080390403,0.59267971,0.040129256
2,453,1.0027893,0.079889231,0.59148838,0.040223957
2,454,1.0027893,0.079889231,0.59148838,0.040223957
2,455,1.0040698,0.080438034,0.59308999,0.040084812
2,456,1.0040698,0.080438034,0.59308999,0.040084812
2,457,1.000322,0.080323878,0.59527379,0.039969259
2,458,1.000322,0.080323878,0.59527379,0.039969259
2,459,1.000322,0.080323878,0.59527379,0.039969259
2,460,0.99624335,0.079815681,0.59597719,0.040216415
2,461,0.99624335,0.079815681,0.59597719,0.040216415
2,462,0.99624335,0.079815681,0.59597719,0.040216415
2,463,0.99624335,0.079815681,0.59597719,0.040216415
2,464,0.99624335,0.079815681,0.59597719,0.040216415
2,465,0.99945517,0.079914257,0.59461124,0.040178279
2,466,1.0072898,0.080381435,0.58968551,0.040044339
2,467,1.0072898,0.080381435,0.58968551,0.040044339
2,468,1.0072898,0.080381435,0.58968551,0.040044339
2,469,1.005122,0.080638407,0.59150853,0.040029321
2,470,1.005122,0.080638407,0.59150853,0.040029321
2,471,1.005122,0.080638407,0.59150853,0.040029321
2,472,1.005122,0.080638407,0.59150853,0.040029321
2,473,1.005122,0.080638407,0.59150853,0.040029321
2,474,1.005122,0.080638407,0.59150853,0.040029321
2,475,1.005122,0.080638407,0.59150853,0.040029321
2,476,1.005122,0.080638407,0.59150853,0.040029321
2,477,1.005122,0.080638407,0.59150853,0.040029321
2,478,1.005122,0.080638407,0.59150853,0.040029321
2,479,1.005122,0.080638407,0.59150853,0.040029321
2,480,1.005122,0.080638407,0.59150853,0.040029321
2,481,1.005122,0.080638407,0.59150853,0.040029321
2,482,1.0040578,0.079831973,0.5915117,0.040089836
2,483,1.0040578,0.079831973,0.5915117,0.040089836
2,484,1.0040578,0.079831973,0.5915117,0.040089836
2,485,1.0040578,0.079831973,0.5915117,0.040089836
2,486,1.0094089,0.080106171,0.58818423,0.039974769
2,487,1.0076581,0.080209403,0.5884433,0.039877778
2,488,1.0082814,0.079875036,0.58873155,0.040070301
2,489,1.0069698,0.079939852,0.59532894,0.039786462
2,490,1.0096729,0.079840926,0.59024378,0.039943413
2,491,1.0105321,0.080853592,0.5868822,0.040098458
2,492,1.0105321,0.080853592,0.5868822,0.040098458
2,493,1.0105321,0.080853592,0.5868822,0.040098458
2,494,1.0109196,0.080683841,0.5872257,0.040185588
2,495,1.0109196,0.080683841,0.5872257,0.040185588
2,496,1.0109196,0.080683841,0.5872257,0.040185588
2,497,1.0149643,0.080831854,0.58663423,0.039747368
2,498,1.0149643,0.080831854,0.58663423,0.039747368
2,499,1.0149643,0.080831854,0.58663423,0.039747368
2,500,1.0132892,0.081369302,0.58836042,0.039942465
2,501,1.0132892,0.081369302,0.58836042,0.039942465
2,502,1.0112554,0.081820809,0.5892114,0.039765172
2,503,1.0077882,0.081435807,0.58745405,0.039713445
2,504,1.0068673,0.08116646,0.59004962,0.039778016
2,505,1.0156435,0.08207711,0.58540521,0.039640252
2,506,1.0154656,0.081400322,0.58680234,0.039750683
2,507,1.0130912,0.080833163,0.5863208,0.039677733
2,508,1.0135978,0.081496263,0.58482836,0.039794507
2,509,1.0135978,0.081496263,0.58482836,0.039794507
2,510,1.0135978,0.081496263,0.58482836,0.039794507
2,511,1.0102609,0.080935225,0.58932882,0.039870496
2,512,1.0102609,0.080935225,0.58932882,0.039870496
2,513,1.0074478,0.081069396,0.58853611,0.040096589
2,514,1.0063081,0.080923512,0.58854662,0.040119847
2,515,1.0063081,0.080923512,0.58854662,0.040119847
2,516,1.0077763,0.081937468,0.58987367,0.040284303
2,517,1.0026379,0.081520332,0.5863141,0.040414351
2,518,0.99432813,0.081022342,0.59028949,0.04043201
2,519,0.99734308,0.080862268,0.5946897,0.040111922
2,520,1.0012288,0.080085169,0.5955445,0.040197556
2,521,0.99948784,0.08004821,0.59297367,0.040021091
2,522,0.99631708,0.080068992,0.59646284,0.040409623
2,523,0.99864172,0.080129045,0.59462156,0.040473228
2,524,0.99864172,0.080129045,0.59462156,0.040473228
2,525,1.0032621,0.079635117,0.59266458,0.040441398
2,526,1.0032621,0.079635117,0.59266458,0.040441398
2,527,0.99899912,0.080222104,0.59369577,0.040308581
2,528,0.99944982,0.08038606,0.59409466,0.040231555
2,529,0.99780697,0.079817442,0.59443531,0.040146231
2,530,1.0029546,0.079990643,0.59538951,0.039970107
2,531,1.0029546,0.079990643,0.59538951,0.039970107
2,532,1.0029546,0.079990643,0.59538951,0.039970107
2,533,1.0029546,0.079990643,0.59538951,0.039970107
2,534,1.0093543,0.080431072,0.58845222,0.039843037
2,535,1.0093543,0.080431072,0.58845222,0.039843037
2,536,1.0093543,0.080431072,0.58845222,0.039843037
2,537,1.0093543,0.080431072,0.58845222,0.039843037
2,538,1.0093543,0.080431072,0.58845222,0.039843037
2,539,1.0036667,0.079924504,0.59286386,0.040048759
2,540,1.0036667,0.079924504,0.59286386,0.040048759
2,541,0.99714995,0.079579106,0.59774162,0.040069092
2,542,0.99714995,0.079579106,0.59774162,0.040069092
2,543,0.99714995,0.079579106,0.59774162,0.040069092
2,544,0.99453397,0.07893955,0.59797651,0.040285981
2,545,0.99453397,0.07893955,0.59797651,0.040285981
2,546,0.99453397,0.07893955,0.59797651,0.040285981
2,547,0.99453397,0.07893955,0.59797651,0.040285981
2,548,0.99016247,0.07956641,0.60000108,0.04086585
2,549,0.99016247,0.07956641,0.60000108,0.04086585
2,550,0.99016247,0.07956641,0.60000108,0.04086585
2,551,0.98642148,0.07945623,0.60059557,0.040821137
2,552,0.99399018,0.080263805,0.59596368,0.040400368
2,553,0.99399018,0.080263805,0.59596368,0.040400368
2,554,0.99093196,0.079145955,0.60219006,0.040650567
2,555,0.99023547,0.078438966,0.60278495,0.040591865
2,556,0.98614827,0.078869061,0.60352587,0.040731693
2,557,0.98614827,0.078869061,0.60352587,0.040731693
2,558,0.9855851,0.079027137,0.60021123,0.040759757
2,559,0.9898762,0.079064952,0.60001613,0.041091345
2,560,0.98707877,0.078681598,0.60522673,0.040934716
2,561,0.98442311,0.077829691,0.60560652,0.040765822
2,562,0.98442311,0.077829691,0.60560652,0.040765822
2,563,0.98442311,0.077829691,0.60560652,0.040765822
2,564,0.98442311,0.077829691,0.60560652,0.040765822
2,565,0.98442311,0.077829691,0.60560652,0.040765822
2,566,0.98274446,0.078754883,0.6041827,0.040854522
2,567,0.98274446,0.078754883,0.6041827,0.040854522
2,568,0.98778095,0.078706066,0.6003435,0.040683137
2,569,0.9900791,0.07849801,0.59959872,0.040970299
2,570,0.99065703,0.078490058,0.59926346,0.040934539
2,571,0.99526744,0.079010292,0.59904425,0.040547696
2,572,0.99526744,0.079010292,0.59904425,0.040547696
2,573,0.99526744,0.079010292,0.59904425,0.040547696
2,574,0.99526744,0.079010292,0.59904425,0.040547696
2,575,0.99661282,0.079590641,0.59814795,0.04035527
2,576,0.99597425,0.079202035,0.60022592,0.040099395
2,577,0.99597425,0.079202035,0.60022592,0.040099395
2,578,0.99597425,0.079202035,0.60022592,0.040099395
2,579,1.0025476,0.079508613,0.59854964,0.040199334
2,580,1.0034127,0.079146132,0.59659253,0.040361694
2,581,0.99129106,0.07855954,0.59796794,0.040545763
2,582,0.98406582,0.078132224,0.60076247,0.040817278
2,583,0.98406582,0.078132224,0.60076247,0.040817278
2,584,0.98768403,0.078608617,0.59870707,0.040329561
2,585,0.99768314,0.078860972,0.59939533,0.040501526
2,586,0.9973606,0.078767728,0.59713961,0.040578491
2,587,1.0009288,0.079438801,0.59248317,0.040369061
2,588,0.99892536,0.079711698,0.59632864,0.040174438
2,589,0.99892536,0.079711698,0.59632864,0.040174438
2,590,0.99892536,0.079711698,0.59632864,0.040174438
2,591,0.99892536,0.079711698,0.59632864,0.040174438
2,592,0.99892536,0.079711698,0.59632864,0.040174438
2,593,0.99892536,0.079711698,0.59632864,0.040174438
2,594,1.000763,0.080201092,0.58985351,0.040130878
2,595,1.000763,0.080201092,0.58985351,0.040130878
2,596,1.000763,0.080201092,0.58985351,0.040130878
2,597,0.99950688,0.079932277,0.59420777,0.040478212
2,598,0.99950688,0.079932277,0.59420777,0.040478212
2,599,0.99950688,0.079932277,0.59420777,0.040478212
2,600,0.9973772,0.079765259,0.5952078,0.040565611
2,601,0.9993221,0.080112142,0.59333055,0.040515138
2,602,0.99985294,0.079685189,0.59679278,0.040513785
2,603,0.99985294,0.079685189,0.59679278,0.040513785
2,604,0.99985294,0.079685189,0.59679278,0.040513785
2,605,0.99401057,0.079753649,0.59701554,0.040122695
2,606,0.99401057,0.079753649,0.59701554,0.040122695
2,607,0.99343451,0.079009809,0.60161263,0.040156955
2,608,0.99343451,0.079009809,0.60161263,0.040156955
2,609,1.0006245,0.079386013,0.59767811,0.040174835
2,610,1.0001799,0.079598791,0.5965663,0.040259316
2,611,1.0001799,0.079598791,0.5965663,0.040259316
2,612,1.0001799,0.079598791,0.5965663,0.040259316
2,613,1.0013718,0.079860359,0.59346117,0.039987113
2,614,1.0044639,0.080309817,0.59142504,0.039922599
2,615,1.0044639,0.080309817,0.59142504,0.039922599
2,616,1.0044639,0.080309817,0.59142504,0.039922599
2,617,1.0044639,0.080309817,0.59142504,0.039922599
2,618,1.0026951,0.080747376,0.59147069,0.039822395
2,619,1.0055084,0.081532777,0.59150137,0.039981541
2,620,1.0093184,0.080727441,0.58916238,0.03977513
2,621,1.0099311,0.080881403,0.59191981,0.039855089
2,622,1.0074249,0.080640158,0.59309216,0.039813737
2,623,1.007416,0.080778732,0.58790329,0.039933362
2,624,1.007416,0.080778732,0.58790329,0.039933362
2,625,1.007416,0.080778732,0.58790329,0.039933362
2,626,1.010907,0.081196295,0.58636083,0.040188847
2,627,1.010907,0.081196295,0.58636083,0.040188847
2,628,1.0109273,0.080603121,0.58941303,0.040079125
2,629,1.011931,0.080054202,0.58741442,0.040159888
2,630,1.011931,0.080054202,0.58741442,0.040159888
2,631,1.011931,0.080054202,0.58741442,0.040159888
2,632,1.0051951,0.080738515,0.592436,0.04026178
2,633,1.0051951,0.080738515,0.592436,0.04026178
2,634,1.0051951,0.080738515,0.592436,0.04026178
2,635,1.0051951,0.080738515,0.592436,0.04026178
2,636,1.0051951,0.080738515,0.592436,0.04026178
2,637,1.0051951,0.080738515,0.592436,0.04026178
2,638,1.0051951,0.080738515,0.592436,0.04026178
2,639,1.0041285,0.080566096,0.58987911,0.039875153
2,640,1.0041285,0.080566096,0.58987911,0.039875153
2,641,1.0071301,0.080386936,0.58780224,0.040008451
2,642,1.0071301,0.080386936,0.58780224,0.040008451
2,643,1.0072972,0.080168476,0.58910182,0.04011296
2,644,1.0072972,0.080168476,0.58910182,0.04011296
2,645,1.0072972,0.080168476,0.58910182,0.04011296
2,646,1.0072972,0.080168476,0.58910182,0.04011296
2,647,1.0072972,0.080168476,0.58910182,0.04011296
2,648,1.0092143,0.08049772,0.58975653,0.039963231
2,649,1.0061244,0.080364975,0.59126089,0.039692862
2,650,1.0061244,0.080364975,0.59126089,0.039692862
2,651,1.0061244,0.080364975,0.59126089,0.039692862
2,652,0.99934193,0.079979712,0.59679951,0.040242811
2,653,1.0031763,0.079531891,0.59140308,0.04014229
2,654,0.99842639,0.079940423,0.59829992,0.040175177
2,655,0.99842639,0.079940423,0.59829992,0.040175177
2,656,0.99757037,0.079883454,0.5977253,0.040077478
2,657,0.99757037,0.079883454,0.5977253,0.040077478
2,658,0.99757037,0.079883454,0.5977253,0.040077478
2,659,0.99871146,0.080585261,0.59541018,0.040036617
2,660,0.99871146,0.080585261,0.59541018,0.040036617
2,661,0.99742507,0.080439441,0.59305941,0.040509939
2,662,0.99742507,0.080439441,0.59305941,0.040509939
2,663,0.99742507,0.080439441,0.59305941,0.040509939
2,664,1.0063199,0.079963285,0.59236497,0.04060459
2,665,1.00456,0.080613445,0.59183049,0.040293534
2,666,1.00456,0.080613445,0.59183049,0.040293534
2,667,1.00456,0.080613445,0.59183049,0.040293534
2,668,1.0007635,0.079978433,0.59678419,0.040056503
2,669,1.0007635,0.079978433,0.59678419,0.040056503
2,670,1.0007635,0.079978433,0.59678419,0.040056503
2,671,1.0018568,0.080278748,0.59362763,0.04011068
2,672,1.002477,0.079728267,0.59333609,0.040173925
2,673,1.0033608,0.07947743,0.59046264,0.040314575
2,674,1.0009804,0.079817725,0.59215782,0.040601352
2,675,1.0009804,0.079817725,0.59215782,0.040601352
2,676,1.0009804,0.079817725,0.59215782,0.040601352
2,677,1.0009804,0.079817725,0.59215782,0.040601352
2,678,1.005773,0.080093891,0.59306918,0.040233163
2,679,1.005773,0.080093891,0.59306918,0.040233163
2,680,1.0015822,0.079702504,0.59685494,0.040174381
2,681,0.99441505,0.080038638,0.59652814,0.03985061
2,682,0.9961994,0.079750222,0.59379918,0.040153613
2,683,1.000602,0.079259423,0.59330887,0.040745604
2,684,1.000602,0.079259423,0.59330887,0.040745604
2,685,0.99397631,0.080009164,0.59651423,0.040674815
2,686,0.98695433,0.079085227,0.60194355,0.040693767
2,687,0.98695433,0.079085227,0.60194355,0.040693767
2,688,0.98695433,0.079085227,0.60194355,0.040693767
2,689,0.99108833,0.07967391,0.60073717,0.040517316
2,690,0.99108833,0.07967391,0.60073717,0.040517316
2,691,0.99108833,0.07967391,0.60073717,0.040517316
2,692,0.99360506,0.080200477,0.5980802,0.040636281
2,693,0.99360506,0.080200477,0.5980802,0.040636281
2,694,0.99505206,0.079903474,0.59424803,0.040121671
2,695,0.99212088,0.080006546,0.59705415,0.040405847
2,696,0.99212088,0.080006546,0.59705415,0.040405847
2,697,0.99912038,0.080292174,0.59640361,0.040354044
2,698,0.99926382,0.079293084,0.59454033,0.040443307
2,699,1.0021308,0.079796829,0.59541671,0.040563358
2,700,0.99791285,0.07973999,0.59412078,0.0405757
2,701,0.99791285,0.07973999,0.59412078,0.0405757
2,702,0.99791285,0.07973999,0.59412078,0.0405757
2,703,0.99780435,0.079294087,0.59465357,0.040351532
2,704,0.99780435,0.079294087,0.59465357,0.040351532
2,705,1.0042253,0.07930089,0.59340073,0.040293921
2,706,1.0042253,0.07930089,0.59340073,0.040293921
2,707,1.0042253,0.07930089,0.59340073,0.040293921
2,708,0.98871375,0.079374849,0.59966594,0.040744199
2,709,0.9912693,0.079058042,0.60017556,0.040797204
2,710,0.98405165,0.079340131,0.6036467,0.04063982
2,711,0.99031554,0.078885538,0.60610568,0.040287016
2,712,0.98917781,0.079767111,0.60224305,0.040258159
2,713,0.99491416,0.078809067,0.59996134,0.040258137
2,714,0.99819288,0.078176958,0.59629744,0.040424516
2,715,0.99446328,0.078067676,0.60048457,0.040291867
2,716,0.99304703,0.07824351,0.59970464,0.04044496
2,717,0.99440457,0.078633613,0.59844582,0.040266566
2,718,0.99440457,0.078633613,0.59844582,0.040266566
2,719,0.99440457,0.078633613,0.59844582,0.040266566
2,720,0.99440457,0.078633613,0.59844582,0.040266566
2,721,0.99440457,0.078633613,0.59844582,0.040266566
2,722,0.99670557,0.078755524,0.59766374,0.040484442
2,723,0.99589793,0.078405874,0.5968524,0.040631243
2,724,0.99448862,0.078838049,0.59883987,0.04086198
2,725,0.99448862,0.078838049,0.59883987,0.04086198
2,726,0.99506487,0.07921651,0.59731832,0.040798055
2,727,0.99506487,0.07921651,0.59731832,0.040798055
2,728,0.99506487,0.07921651,0.59731832,0.040798055
2,729,0.99506487,0.07921651,0.59731832,0.040798055
2,730,0.98797616,0.079321941,0.60045636,0.040947853
2,731,0.9963517,0.079733312,0.60047868,0.040352487
2,732,0.9963517,0.079733312,0.60047868,0.040352487
2,733,0.99665221,0.079432391,0.60199983,0.040450497
2,734,0.9964334,0.079527924,0.59584273,0.040408951
2,735,0.99592095,0.07931997,0.59565253,0.040430971
2,736,0.99592095,0.07931997,0.59565253,0.040430971
2,737,0.98879078,0.078186476,0.60262156,0.040645025
2,738,0.98879078,0.078186476,0.60262156,0.040645025
2,739,0.98879078,0.078186476,0.60262156,0.040645025
2,740,0.98879078,0.078186476,0.60262156,0.040645025
2,741,0.98879078,0.078186476,0.60262156,0.040645025
2,742,0.98422653,0.078691915,0.60720227,0.040370408
2,743,0.98473468,0.078702212,0.60549919,0.040609026
2,744,0.98473468,0.078702212,0.60549919,0.040609026
2,745,0.99069953,0.078259954,0.60392355,0.040689017
2,746,0.99069953,0.078259954,0.60392355,0.040689017
2,747,0.98562122,0.079070328,0.60386585,0.040703539
2,748,0.98562122,0.079070328,0.60386585,0.040703539
2,749,0.98385644,0.07831631,0.60453348,0.040691761
2,750,0.98385644,0.07831631,0.60453348,0.040691761
2,751,0.98385644,0.07831631,0.60453348,0.040691761
2,752,0.98385644,0.07831631,0.60453348,0.040691761
2,753,0.98385644,0.07831631,0.60453348,0.040691761
2,754,0.98385644,0.07831631,0.60453348,0.040691761
2,755,0.98158735,0.078223548,0.60509189,0.040707658
2,756,0.98174474,0.077831878,0.60701355,0.040541062
2,757,0.98794396,0.078213578,0.6072084,0.04053351
2,758,0.97910405,0.078049028,0.60469891,0.040699754
2,759,0.98196798,0.077482145,0.60879441,0.040442513
2,760,0.98985423,0.077989098,0.60387918,0.0405913
2,761,0.98985423,0.077989098,0.60387918,0.0405913
2,762,0.98367816,0.077713304,0.60603935,0.040833275
2,763,0.98297779,0.078115019,0.60665861,0.041021987
2,764,0.98297779,0.078115019,0.60665861,0.041021987
2,765,0.98297779,0.078115019,0.60665861,0.041021987
2,766,0.98297779,0.078115019,0.60665861,0.041021987
2,767,0.98297779,0.078115019,0.60665861,0.041021987
2,768,0.98297779,0.078115019,0.60665861,0.041021987
2,769,0.98297779,0.078115019,0.60665861,0.041021987
2,770,0.98699405,0.078361502,0.60538844,0.040566106
2,771,0.98752146,0.078549231,0.60181901,0.040861574
2,772,0.9942014,0.079115379,0.60034945,0.040830012
2,773,0.99400942,0.079379067,0.59863273,0.040828591
2,774,0.99400942,0.079379067,0.59863273,0.040828591
2,775,0.99820248,0.079389589,0.59648752,0.040372415
2,776,0.99820248,0.079389589,0.59648752,0.040372415
2,777,0.99243614,0.079260568,0.5977893,0.040587684
2,778,0.99243614,0.079260568,0.5977893,0.040587684
2,779,0.98979311,0.078602736,0.5972005,0.040508558
2,780,1.001272,0.079598246,0.59144219,0.040390732
2,781,1.001272,0.079598246,0.59144219,0.040390732
2,782,1.0075269,0.080027628,0.58941887,0.039885438
2,783,1.0055841,0.080372134,0.59105906,0.040219433
2,784,1.0101363,0.081127952,0.58896122,0.039915064
2,785,1.0101363,0.081127952,0.58896122,0.039915064
2,786,1.0136956,0.082310237,0.5882261,0.039481071
2,787,1.0171776,0.082045009,0.58505203,0.039647058
2,788,1.0171776,0.082045009,0.58505203,0.039647058
2,789,1.0162984,0.081514723,0.58449263,0.039795892
2,790,1.0102671,0.081054212,0.58776709,0.039758004
2,791,1.0102671,0.081054212,0.58776709,0.039758004
2,792,1.0090463,0.081043243,0.5907569,0.039812906
2,793,1.0116105,0.080807686,0.59102943,0.039905302
2,794,1.0116105,0.080807686,0.59102943,0.039905302
2,795,1.0116105,0.080807686,0.59102943,0.039905302
2,796,1.0094309,0.08057291,0.59151908,0.039843707
2,797,1.0081823,0.080557271,0.58666957,0.039893998
2,798,1.0081823,0.080557271,0.58666957,0.039893998
2,799,1.0086777,0.080521898,0.58750459,0.039885227
2,800,1.0091362,0.080282856,0.58799954,0.040132021
2,801,1.0091362,0.080282856,0.58799954,0.040132021
2,802,1.0081554,0.080437492,0.59208764,0.040247421
2,803,1.0073874,0.080238178,0.59085289,0.040356362
2,804,1.0073874,0.080238178,0.59085289,0.040356362
2,805,1.0073874,0.080238178,0.59085289,0.040356362
2,806,1.0100844,0.079667337,0.59058535,0.039917319
2,807,1.0100844,0.079667337,0.59058535,0.039917319
2,808,1.0098291,0.079667874,0.58975198,0.039774756
2,809,1.0098291,0.079667874,0.58975198,0.039774756
2,810,1.0098291,0.079667874,0.58975198,0.039774756
2,811,1.0058334,0.079816008,0.58675112,0.0399203
2,812,0.99391282,0.081123218,0.59220916,0.040122899
2,813,0.99595979,0.081412061,0.59481935,0.040005526
2,814,0.99476384,0.08102962,0.59536134,0.040412591
2,815,0.99632067,0.080635264,0.59620448,0.040663764
2,816,0.99615819,0.080573523,0.59453539,0.040641404
2,817,0.99615819,0.080573523,0.59453539,0.040641404
2,818,0.99858995,0.079456961,0.59426661,0.040804942
2,819,0.99858995,0.079456961,0.59426661,0.040804942
2,820,0.99858995,0.079456961,0.59426661,0.040804942
2,821,0.99485728,0.079126675,0.59846605,0.040441985
2,822,0.99485728,0.079126675,0.59846605,0.040441985
2,823,0.99485728,0.079126675,0.59846605,0.040441985
2,824,0.99485728,0.079126675,0.59846605,0.040441985
2,825,1.0005714,0.080381124,0.59466182,0.040236439
2,826,1.0005714,0.080381124,0.59466182,0.040236439
2,827,1.0005714,0.080381124,0.59466182,0.040236439
2,828,1.0016963,0.079702852,0.59606096,0.040057561
2,829,0.99647022,0.079548682,0.59525628,0.039984308
2,830,0.99525612,0.079810059,0.59410381,0.0407013
2,831,0.99525612,0.079810059,0.59410381,0.0407013
2,832,0.99525612,0.079810059,0.59410381,0.0407013
2,833,0.99525612,0.079810059,0.59410381,0.0407013
2,834,0.99529372,0.079051779,0.59386873,0.040548278
2,835,0.99797802,0.079348591,0.59763081,0.040161153
2,836,0.99797802,0.079348591,0.59763081,0.040161153
2,837,0.99797802,0.079348591,0.59763081,0.040161153
2,838,0.99797802,0.079348591,0.59763081,0.040161153
2,839,0.99797802,0.079348591,0.59763081,0.040161153
2,840,0.99663652,0.079381028,0.59863247,0.040471601
2,841,0.99819089,0.079140877,0.59801693,0.040319454
2,842,1.0015909,0.079725832,0.59581733,0.040273253
2,843,1.0015909,0.079725832,0.59581733,0.040273253
2,844,0.99033998,0.079682012,0.59926823,0.040414296
2,845,0.99033998,0.079682012,0.59926823,0.040414296
2,846,0.99786738,0.079264447,0.59552728,0.040645847
2,847,1.0017061,0.080072471,0.59193709,0.040311667
2,848,1.000191,0.079611617,0.59408981,0.040447011
2,849,1.000191,0.079611617,0.59408981,0.040447011
2,850,1.0015873,0.079826887,0.59540395,0.040172049
2,851,1.0014851,0.080491801,0.5902817,0.040010411
2,852,1.0014851,0.080491801,0.5902817,0.040010411
2,853,0.99751587,0.079943887,0.59272347,0.040304871
2,854,0.99751587,0.079943887,0.59272347,0.040304871
2,855,0.99751587,0.079943887,0.59272347,0.040304871
2,856,1.0032092,0.080289,0.59283747,0.03993149
2,857,1.0032092,0.080289,0.59283747,0.03993149
2,858,1.0032092,0.080289,0.59283747,0.03993149
2,859,1.0032092,0.080289,0.59283747,0.03993149
2,860,1.0032092,0.080289,0.59283747,0.03993149
2,861,1.0093721,0.081538641,0.58565022,0.039907914
2,862,1.0078016,0.081297939,0.58843989,0.039831019
2,863,1.014547,0.08143426,0.58549077,0.039880981
2,864,1.0137613,0.081973868,0.58647877,0.039598396
2,865,1.0135575,0.082387453,0.58301609,0.039302548
2,866,1.0203043,0.081975115,0.58532906,0.039028404
2,867,1.0211737,0.08158589,0.58201824,0.039242197
2,868,1.0211737,0.08158589,0.58201824,0.039242197
2,869,1.0211737,0.08158589,0.58201824,0.039242197
2,870,1.0211737,0.08158589,0.58201824,0.039242197
2,871,1.0211737,0.08158589,0.58201824,0.039242197
2,872,1.0206761,0.081654046,0.58519892,0.039286156
2,873,1.0209367,0.08145203,0.58355218,0.039717434
2,874,1.0209367,0.08145203,0.58355218,0.039717434
2,875,1.0209367,0.08145203,0.58355218,0.039717434
2,876,1.017723,0.081624054,0.58141381,0.039570058
2,877,1.0158592,0.082011556,0.58387883,0.039547487
2,878,1.0158592,0.082011556,0.58387883,0.039547487
2,879,1.0158592,0.082011556,0.58387883,0.039547487
2,880,1.0164987,0.082442437,0.5827521,0.039231656
2,881,1.0164987,0.082442437,0.5827521,0.039231656
2,882,1.0164987,0.082442437,0.5827521,0.039231656
2,883,1.0164987,0.082442437,0.5827521,0.039231656
2,884,1.0267594,0.08307094,0.57806399,0.039217776
2,885,1.0267594,0.08307094,0.57806399,0.039217776
2,886,1.0267594,0.08307094,0.57806399,0.039217776
2,887,1.0267594,0.08307094,0.57806399,0.039217776
2,888,1.030514,0.082899434,0.57589616,0.038956009
2,889,1.0356549,0.082865646,0.57672801,0.039010561
2,890,1.0356549,0.082865646,0.57672801,0.039010561
2,891,1.0314932,0.081967219,0.57880697,0.039234814
2,892,1.0239678,0.08320515,0.58521322,0.038889868
2,893,1.0328932,0.082499869,0.57487012,0.039285967
2,894,1.0328932,0.082499869,0.57487012,0.039285967
2,895,1.0328932,0.082499869,0.57487012,0.039285967
2,896,1.0287813,0.082597707,0.57908028,0.038946212
2,897,1.0287813,0.082597707,0.57908028,0.038946212
2,898,1.0287813,0.082597707,0.57908028,0.038946212
2,899,1.0287813,0.082597707,0.57908028,0.038946212
2,900,1.0287813,0.082597707,0.57908028,0.038946212
2,901,1.0236347,0.082031178,0.5859781,0.038951841
2,902,1.0236347,0.082031178,0.5859781,0.038951841
2,903,1.018525,0.081315977,0.58396597,0.039399198
2,904,1.016025,0.081867647,0.58673046,0.039371093
2,905,1.016025,0.081867647,0.58673046,0.039371093
2,906,1.016025,0.081867647,0.58673046,0.039371093
2,907,1.014152,0.0803111,0.58898477,0.039912843
2,908,1.0127719,0.081024739,0.58467045,0.039569726
2,909,1.016497,0.081728108,0.58646308,0.039198197
2,910,1.016497,0.081728108,0.58646308,0.039198197
2,911,1.0198058,0.081357584,0.58485446,0.039439305
2,912,1.0175218,0.081216144,0.58532917,0.039871512
2,913,1.0175218,0.081216144,0.58532917,0.039871512
2,914,1.0171982,0.08066138,0.58660026,0.039759483
2,915,1.0102279,0.080889088,0.58981561,0.040065636
2,916,1.0064361,0.080349677,0.58933123,0.040056432
2,917,1.0080002,0.079810514,0.59145845,0.040034397
2,918,1.0080002,0.079810514,0.59145845,0.040034397
2,919,1.0068564,0.080240804,0.59220304,0.03994936
2,920,1.0048602,0.080048845,0.59310329,0.039796343
2,921,1.003536,0.080057351,0.59182178,0.039925661
2,922,1.0040649,0.080047402,0.58940439,0.040041387
2,923,1.0087303,0.080375776,0.58873241,0.040051666
2,924,1.0087303,0.080375776,0.58873241,0.040051666
2,925,1.0086855,0.080940356,0.58803641,0.039952363
2,926,1.0086855,0.080940356,0.58803641,0.039952363
2,927,1.0086855,0.080940356,0.58803641,0.039952363
2,928,1.0069362,0.080433601,0.59191553,0.039992355
2,929,1.0069362,0.080433601,0.59191553,0.039992355
2,930,1.0064571,0.080267428,0.59130438,0.040052732
2,931,1.0064571,0.080267428,0.59130438,0.040052732
2,932,1.0033924,0.080276123,0.59518552,0.040244143
2,933,1.0060754,0.080592966,0.58938773,0.039956657
2,934,1.0060754,0.080592966,0.58938773,0.039956657
2,935,1.0060754,0.080592966,0.58938773,0.039956657
2,936,1.0060754,0.080592966,0.58938773,0.039956657
2,937,1.0060754,0.080592966,0.58938773,0.039956657
2,938,1.004346,0.080696233,0.59224319,0.040245111
2,939,1.0042734,0.081086075,0.5854611,0.040482122
2,940,1.0021688,0.081305569,0.5879768,0.040337443
2,941,1.007944,0.080794169,0.58660992,0.040214286
2,942,1.0127112,0.0807761,0.58385229,0.040135364
2,943,1.0094067,0.081604906,0.58671393,0.039964034
2,944,1.0094067,0.081604906,0.58671393,0.039964034
2,945,1.0073255,0.081459056,0.58675377,0.03985985
2,946,1.0110251,0.080810364,0.58592231,0.039846262
2,947,1.0142731,0.081248727,0.58868786,0.039596068
2,948,1.0078705,0.081719677,0.58582092,0.039853261
2,949,1.0078705,0.081719677,0.58582092,0.039853261
2,950,1.0078705,0.081719677,0.58582092,0.039853261
2,951,1.0078705,0.081719677,0.58582092,0.039853261
2,952,1.0112293,0.081118298,0.5838306,0.039681094
2,953,1.0187421,0.081613661,0.58374735,0.039639181
2,954,1.0187421,0.081613661,0.58374735,0.039639181
2,955,1.015578,0.081608597,0.58464684,0.039769467
2,956,1.015578,0.081608597,0.58464684,0.039769467
2,957,1.0130589,0.081865192,0.58669752,0.039847524
2,958,1.016281,0.081978142,0.58639016,0.039436468
2,959,1.0137116,0.081796727,0.58816276,0.039492062
2,960,1.0196948,0.081064783,0.58342372,0.039589189
2,961,1.0203829,0.081433675,0.58233941,0.039576392
2,962,1.0190253,0.081771327,0.58237401,0.03940846
2,963,1.0190253,0.081771327,0.58237401,0.03940846
2,964,1.0190253,0.081771327,0.58237401,0.03940846
2,965,1.0190253,0.081771327,0.58237401,0.03940846
2,966,1.015175,0.082266968,0.58346802,0.039635658
2,967,1.015175,0.082266968,0.58346802,0.039635658
2,968,1.015175,0.082266968,0.58346802,0.039635658
2,969,1.015175,0.082266968,0.58346802,0.039635658
2,970,1.015175,0.082266968,0.58346802,0.039635658
2,971,1.015175,0.082266968,0.58346802,0.039635658
2,972,1.015175,0.082266968,0.58346802,0.039635658
2,973,1.0151564,0.082212168,0.58518879,0.039386566
2,974,1.0104111,0.082121062,0.58567149,0.039561303
2,975,1.0148168,0.081942718,0.58695642,0.039806731
2,976,1.0148168,0.081942718,0.58695642,0.039806731
2,977,1.017997,0.082351611,0.58206601,0.039370741
2,978,1.017997,0.082351611,0.58206601,0.039370741
2,979,1.0187248,0.082541395,0.5793843,0.039338513
2,980,1.0186028,0.0813459,0.58451051,0.039775214
2,981,1.0186028,0.0813459,0.58451051,0.039775214
2,982,1.0186028,0.0813459,0.58451051,0.039775214
2,983,1.0186028,0.0813459,0.58451051,0.039775214
2,984,1.016621,0.080769807,0.58419847,0.040003736
2,985,1.016621,0.080769807,0.58419847,0.040003736
2,986,1.0158244,0.081317459,0.58276335,0.039779941
2,987,1.0158244,0.081317459,0.58276335,0.039779941
2,988,1.0158244,0.081317459,0.58276335,0.039779941
2,989,1.0158244,0.081317459,0.58276335,0.039779941
2,990,1.0152875,0.081680904,0.58224599,0.040024126
2,991,1.014408,0.082077129,0.58263058,0.039854292
2,992,1.0180493,0.081826575,0.58654338,0.039470566
2,993,1.0173906,0.081794854,0.58618606,0.039233905
2,994,1.0143932,0.08201218,0.58576726,0.03920213
2,995,1.0143932,0.08201218,0.58576726,0.03920213
2,996,1.0143932,0.08201218,0.58576726,0.03920213
2,997,1.008741,0.08170398,0.5911158,0.039491784
2,998,1.008791,0.081607241,0.58788752,0.039942647
2,999,1.008791,0.081607241,0.58788752,0.039942647
2,1000,1.0098532,0.081118825,0.58816874,0.039992955
2,1001,1.0098532,0.081118825,0.58816874,0.039992955
2,1002,1.0098532,0.081118825,0.58816874,0.039992955
2,1003,1.0098532,0.081118825,0.58816874,0.039992955
2,1004,1.0098532,0.081118825,0.58816874,0.039992955
2,1005,1.0098532,0.081118825,0.58816874,0.039992955
2,1006,1.0098532,0.081118825,0.58816874,0.039992955
2,1007,1.0146662,0.080259469,0.5875349,0.039942143
2,1008,1.0146662,0.080259469,0.5875349,0.039942143
2,1009,1.0175318,0.0808488,0.58255197,0.039861839
2,1010,1.0155255,0.080920367,0.58394734,0.039860956
2,1011,1.0155255,0.080920367,0.58394734,0.039860956
2,1012,1.0101636,0.080191839,0.58613663,0.040060358
2,1013,1.0101636,0.080191839,0.58613663,0.040060358
2,1014,1.0101636,0.080191839,0.58613663,0.040060358
2,1015,1.0019724,0.079866536,0.58930166,0.040433416
2,1016,1.0019724,0.079866536,0.58930166,0.040433416
2,1017,1.0076519,0.080081117,0.59005799,0.040407296
2,1018,0.99568003,0.079793757,0.59564644,0.040543715
2,1019,0.99329963,0.08041275,0.59810284,0.040512368
2,1020,0.99226832,0.079105192,0.59538596,0.040406857
2,1021,0.99920334,0.079300827,0.59355266,0.040056983
2,1022,1.0010421,0.079710335,0.59360243,0.040037336
2,1023,1.0010421,0.079710335,0.59360243,0.040037336
2,1024,0.99749884,0.079649467,0.59667058,0.040035608
2,1025,0.99749884,0.079649467,0.59667058,0.040035608
2,1026,0.99701325,0.079656324,0.59537479,0.040122967
2,1027,0.99370003,0.079871666,0.59830583,0.040204217
2,1028,0.99370003,0.079871666,0.59830583,0.040204217
2,1029,0.99370003,0.079871666,0.59830583,0.040204217
2,1030,0.99370003,0.079871666,0.59830583,0.040204217
2,1031,0.99370003,0.079871666,0.59830583,0.040204217
2,1032,0.99370003,0.079871666,0.59830583,0.040204217
2,1033,0.99370003,0.079871666,0.59830583,0.040204217
2,1034,1.0021703,0.079683868,0.59107433,0.040502131
2,1035,1.0021703,0.079683868,0.59107433,0.040502131
2,1036,1.005124,0.079545456,0.59114606,0.040007892
2,1037,1.005124,0.079545456,0.59114606,0.040007892
2,1038,1.0098517,0.080381885,0.58981351,0.039841472
2,1039,1.0098517,0.080381885,0.58981351,0.039841472
2,1040,1.005698,0.080774782,0.59288438,0.039845037
2,1041,1.005698,0.080774782,0.59288438,0.039845037
2,1042,1.0058887,0.08130929,0.59226464,0.04010255
2,1043,1.0058887,0.08130929,0.59226464,0.04010255
2,1044,1.0033609,0.081099456,0.59041388,0.039845026
2,1045,1.0043004,0.08102361,0.59242552,0.040164818
2,1046,1.0043004,0.08102361,0.59242552,0.040164818
2,1047,1.0043004,0.08102361,0.59242552,0.040164818
2,1048,1.0043004,0.08102361,0.59242552,0.040164818
2,1049,1.0043004,0.08102361,0.59242552,0.040164818
2,1050,1.0035347,0.080873152,0.59295718,0.039882411
2,1051,1.0035347,0.080873152,0.59295718,0.039882411
2,1052,1.0057533,0.080956025,0.59017614,0.039917972
2,1053,1.0057533,0.080956025,0.59017614,0.039917972
2,1054,1.007627,0.081331872,0.5886797,0.039826772
2,1055,1.007627,0.081331872,0.5886797,0.039826772
2,1056,1.007627,0.081331872,0.5886797,0.039826772
2,1057,1.007627,0.081331872,0.5886797,0.039826772
2,1058,1.0141036,0.081611798,0.58548336,0.039826817
2,1059,1.0141036,0.081611798,0.58548336,0.039826817
2,1060,1.0141036,0.081611798,0.58548336,0.039826817
2,1061,1.0141036,0.081611798,0.58548336,0.039826817
2,1062,1.0141036,0.081611798,0.58548336,0.039826817
2,1063,1.0141036,0.081611798,0.58548336,0.039826817
2,1064,1.0141036,0.081611798,0.58548336,0.039826817
2,1065,1.0141036,0.081611798,0.58548336,0.039826817
2,1066,1.0141036,0.081611798,0.58548336,0.039826817
2,1067,1.0182919,0.081231085,0.58492369,0.039904598
2,1068,1.0114851,0.080711544,0.58599105,0.039838249
2,1069,1.0122299,0.080291108,0.58838594,0.039776585
2,1070,1.0122299,0.080291108,0.58838594,0.039776585
2,1071,1.0122299,0.080291108,0.58838594,0.039776585
2,1072,1.0046352,0.080355689,0.59153058,0.040152663
2,1073,1.0046352,0.080355689,0.59153058,0.040152663
2,1074,1.0046352,0.080355689,0.59153058,0.040152663
2,1075,1.0046352,0.080355689,0.59153058,0.040152663
2,1076,1.0046352,0.080355689,0.59153058,0.040152663
2,1077,1.0046352,0.080355689,0.59153058,0.040152663
2,1078,0.99879941,0.080271504,0.59431834,0.0400734
2,1079,1.0005248,0.079714335,0.59647479,0.04024427
2,1080,1.0005248,0.079714335,0.59647479,0.04024427
2,1081,0.99806274,0.079922166,0.59676503,0.039937645
2,1082,0.99806274,0.079922166,0.59676503,0.039937645
2,1083,0.99701112,0.079772687,0.59753283,0.039971457
2,1084,0.99701112,0.079772687,0.59753283,0.039971457
2,1085,0.99701112,0.079772687,0.59753283,0.039971457
2,1086,0.99701112,0.079772687,0.59753283,0.039971457
2,1087,0.99585835,0.079915183,0.59394085,0.040085683
2,1088,0.99671077,0.080356107,0.5926562,0.040320953
2,1089,0.9995501,0.080138561,0.59502064,0.03971569
2,1090,1.0010737,0.079989348,0.59779107,0.039635346
2,1091,1.0006964,0.080344932,0.59801249,0.040094952
2,1092,1.0006964,0.080344932,0.59801249,0.040094952
2,1093,0.99704266,0.080653801,0.59556093,0.04042345
2,1094,1.0052474,0.080439348,0.59248731,0.040074881
2,1095,0.99890092,0.080029994,0.59468835,0.040237083
2,1096,0.99890092,0.080029994,0.59468835,0.040237083
2,1097,1.003016,0.080092255,0.59219709,0.040310378
2,1098,1.003016,0.080092255,0.59219709,0.040310378
2,1099,0.99976747,0.080200851,0.59195323,0.040479226
2,1100,1.0071547,0.080116723,0.59224082,0.040073087
2,1101,1.0071547,0.080116723,0.59224082,0.040073087
2,1102,0.99845359,0.079953663,0.59317369,0.040604839
2,1103,0.99861955,0.079755191,0.59307594,0.040173173
2,1104,0.99673532,0.079779528,0.59558995,0.040416625
2,1105,0.99578446,0.079460817,0.59825546,0.040446894
2,1106,0.99518204,0.079271996,0.59676953,0.040495014
2,1107,0.99518204,0.079271996,0.59676953,0.040495014
2,1108,0.99518204,0.079271996,0.59676953,0.040495014
2,1109,0.99518204,0.079271996,0.59676953,0.040495014
2,1110,0.99518204,0.079271996,0.59676953,0.040495014
2,1111,0.99518204,0.079271996,0.59676953,0.040495014
2,1112,0.99953482,0.079282106,0.59657141,0.040539043
2,1113,1.0002418,0.079598821,0.59483532,0.040656389
2,1114,0.99842777,0.078745789,0.5953593,0.040609398
2,1115,1.0043588,0.079374042,0.59342724,0.040545607
2,1116,0.99796154,0.079388845,0.59285526,0.040525535
2,1117,0.99764014,0.079550678,0.598021,0.040425439
2,1118,1.0021605,0.07961363,0.5943847,0.040151165
2,1119,0.99581971,0.079343189,0.59656822,0.040541914
2,1120,1.0007317,0.079863904,0.59316362,0.040352911
2,1121,1.0007317,0.079863904,0.59316362,0.040352911
2,1122,1.0007317,0.079863904,0.59316362,0.040352911
2,1123,1.0007317,0.079863904,0.59316362,0.040352911
2,1124,0.99982773,0.080102298,0.58894092,0.040180304
2,1125,1.005397,0.081013961,0.58847317,0.04006564
2,1126,1.005397,0.081013961,0.58847317,0.04006564
2,1127,1.0062948,0.0812758,0.5899317,0.03972706
2,1128,1.0062948,0.0812758,0.5899317,0.03972706
2,1129,1.0062948,0.0812758,0.5899317,0.03972706
2,1130,1.0062948,0.0812758,0.5899317,0.03972706
2,1131,1.0062948,0.0812758,0.5899317,0.03972706
2,1132,1.0076162,0.08113241,0.59025277,0.040070372
2,1133,1.0076162,0.08113241,0.59025277,0.040070372
2,1134,1.0022547,0.081127421,0.59298534,0.040226084
2,1135,1.0022547,0.081127421,0.59298534,0.040226084
2,1136,1.0022547,0.081127421,0.59298534,0.040226084
2,1137,1.0022547,0.081127421,0.59298534,0.040226084
2,1138,1.0022547,0.081127421,0.59298534,0.040226084
2,1139,1.0063313,0.080049171,0.59050414,0.040128051
2,1140,1.0041459,0.080124554,0.59263289,0.039871896
2,1141,1.0041459,0.080124554,0.59263289,0.039871896
2,1142,1.0039735,0.080406694,0.59379299,0.039919325
2,1143,1.0039735,0.080406694,0.59379299,0.039919325
2,1144,1.0004787,0.080283309,0.59569432,0.039996696
2,1145,0.99971827,0.079990219,0.59460397,0.039994817
2,1146,0.99971827,0.079990219,0.59460397,0.039994817
2,1147,1.0040676,0.080652129,0.59087681,0.040006622
2,1148,1.0040676,0.080652129,0.59087681,0.040006622
2,1149,1.0040676,0.080652129,0.59087681,0.040006622
2,1150,1.0040676,0.080652129,0.59087681,0.040006622
2,1151,1.0040676,0.080652129,0.59087681,0.040006622
2,1152,0.99748291,0.079614551,0.59895981,0.040261938
2,1153,0.9966857,0.079780264,0.59743373,0.040265382
2,1154,0.99649695,0.079228817,0.59698024,0.040580724
2,1155,0.99721906,0.079455051,0.59627475,0.040232978
2,1156,0.9986136,0.079720664,0.59788656,0.040357883
2,1157,0.9986136,0.079720664,0.59788656,0.040357883
2,1158,0.9986136,0.079720664,0.59788656,0.040357883
2,1159,0.9986136,0.079720664,0.59788656,0.040357883
2,1160,1.0003867,0.079446047,0.59680825,0.040202253
2,1161,1.0020108,0.079638577,0.59142565,0.040226995
2,1162,1.0020108,0.079638577,0.59142565,0.040226995
2,1163,1.0020108,0.079638577,0.59142565,0.040226995
2,1164,1.0077061,0.079955787,0.5912167,0.040240663
2,1165,1.0077061,0.079955787,0.5912167,0.040240663
2,1166,1.0077061,0.079955787,0.5912167,0.040240663
2,1167,1.0077061,0.079955787,0.5912167,0.040240663
2,1168,1.0077061,0.079955787,0.5912167,0.040240663
2,1169,1.0080621,0.080011868,0.58887946,0.040233809
2,1170,1.0080621,0.080011868,0.58887946,0.040233809
2,1171,0.99961247,0.081111007,0.59279352,0.040083088
2,1172,1.0036961,0.080741277,0.59177696,0.040110142
2,1173,1.0059371,0.081073924,0.58840233,0.039906215
2,1174,1.0114076,0.081896565,0.58844172,0.03973749
2,1175,1.0099975,0.081041752,0.58726314,0.039692038
2,1176,1.0099975,0.081041752,0.58726314,0.039692038
2,1177,1.0121162,0.081567331,0.58836186,0.039542781
2,1178,1.0068854,0.081024491,0.59004976,0.039713816
2,1179,1.0073953,0.080857209,0.5914047,0.039677258
2,1180,1.0073953,0.080857209,0.5914047,0.039677258
2,1181,1.0073953,0.080857209,0.5914047,0.039677258
2,1182,1.0094794,0.080635563,0.58873801,0.040035417
2,1183,1.0094794,0.080635563,0.58873801,0.040035417
2,1184,1.0094794,0.080635563,0.58873801,0.040035417
2,1185,1.0094794,0.080635563,0.58873801,0.040035417
2,1186,1.0094794,0.080635563,0.58873801,0.040035417
2,1187,1.0123437,0.081359668,0.58649613,0.039886276
2,1188,1.0087553,0.081310195,0.59154719,0.039996298
2,1189,1.0047335,0.081212355,0.58904063,0.039719762
2,1190,1.0058843,0.081917073,0.59104787,0.039794388
2,1191,1.0058843,0.081917073,0.59104787,0.039794388
2,1192,1.0058843,0.081917073,0.59104787,0.039794388
2,1193,1.0058843,0.081917073,0.59104787,0.039794388
2,1194,1.0098374,0.081244778,0.59012244,0.039718582
2,1195,1.0098374,0.081244778,0.59012244,0.039718582
2,1196,1.0098374,0.081244778,0.59012244,0.039718582
2,1197,1.0073895,0.08025733,0.59150892,0.039864619
2,1198,1.0048357,0.080062533,0.58902653,0.040109034
2,1199,1.0048357,0.080062533,0.58902653,0.040109034
2,1200,1.0034585,0.080398021,0.59137659,0.04037956
2,1201,1.0034585,0.080398021,0.59137659,0.04037956
2,1202,1.0034585,0.080398021,0.59137659,0.04037956
2,1203,0.99902517,0.080444583,0.59200868,0.040353912
2,1204,0.99902517,0.080444583,0.59200868,0.040353912
2,1205,0.99286622,0.080324588,0.59673365,0.040490382
2,1206,0.99480863,0.079861198,0.59407712,0.040118665
2,1207,0.99798698,0.079804414,0.59245263,0.040304388
2,1208,1.0024569,0.079658395,0.5925449,0.040065307
2,1209,1.0024569,0.079658395,0.5925449,0.040065307
2,1210,1.0024569,0.079658395,0.5925449,0.040065307
2,1211,1.0038535,0.080399055,0.59311289,0.039870546
2,1212,1.0026566,0.080404942,0.59634918,0.039931459
2,1213,0.998815,0.080617291,0.59624594,0.040071954
2,1214,0.99578066,0.080240682,0.59783593,0.040268698
2,1215,0.99578066,0.080240682,0.59783593,0.040268698
2,1216,0.99578066,0.080240682,0.59783593,0.040268698
2,1217,0.99598268,0.079527025,0.59636168,0.040206933
2,1218,0.99586537,0.07968445,0.59994961,0.040102974
2,1219,0.99754524,0.079219797,0.59789297,0.040008278
2,1220,1.0011786,0.079519044,0.59654053,0.039965373
2,1221,1.0011786,0.079519044,0.59654053,0.039965373
2,1222,0.99969405,0.080216427,0.59678281,0.040048318
2,1223,0.99969405,0.080216427,0.59678281,0.040048318
2,1224,1.0007327,0.079889771,0.59691671,0.040103541
2,1225,1.0007327,0.079889771,0.59691671,0.040103541
2,1226,1.0007327,0.079889771,0.59691671,0.040103541
2,1227,1.0006433,0.080028926,0.59527873,0.040196476
2,1228,0.99808726,0.079516387,0.5933946,0.040305149
2,1229,0.99702085,0.079980347,0.59721192,0.040490063
2,1230,0.99702085,0.079980347,0.59721192,0.040490063
2,1231,0.99702085,0.079980347,0.59721192,0.040490063
2,1232,0.99702085,0.079980347,0.59721192,0.040490063
2,1233,0.99702085,0.079980347,0.59721192,0.040490063
2,1234,0.99702085,0.079980347,0.59721192,0.040490063
2,1235,0.99702085,0.079980347,0.59721192,0.040490063
2,1236,0.99702085,0.079980347,0.59721192,0.040490063
2,1237,0.99702085,0.079980347,0.59721192,0.040490063
2,1238,0.99822122,0.079669174,0.59639744,0.04016235
2,1239,0.99822122,0.079669174,0.59639744,0.04016235
2,1240,0.99822122,0.079669174,0.59639744,0.04016235
2,1241,0.99822122,0.079669174,0.59639744,0.04016235
2,1242,0.99358313,0.079249467,0.59806448,0.040309389
2,1243,0.99334568,0.079797062,0.59862601,0.040165554
2,1244,0.99114881,0.08013698,0.59815866,0.040201669
2,1245,0.99114881,0.08013698,0.59815866,0.040201669
2,1246,0.99372578,0.080163267,0.59620982,0.040245863
2,1247,0.99495511,0.079504312,0.59788869,0.040234343
2,1248,0.99668351,0.07966826,0.59705284,0.040175467
2,1249,0.9916612,0.078923421,0.60029838,0.040214795
2,1250,0.9916612,0.078923421,0.60029838,0.040214795
2,1251,0.98774216,0.078264132,0.60281039,0.040542007
2,1252,0.98404291,0.078470528,0.60519688,0.040478711
2,1253,0.9875973,0.078235039,0.60534319,0.040604021
2,1254,0.98783126,0.077948403,0.60509516,0.040839479
2,1255,0.98585697,0.077998793,0.60250765,0.040547782
2,1256,0.98585697,0.077998793,0.60250765,0.040547782
2,1257,0.98778146,0.079184764,0.60165677,0.040731967
2,1258,0.98778146,0.079184764,0.60165677,0.040731967
2,1259,0.98571803,0.078240346,0.60690306,0.040747188
2,1260,0.98571803,0.078240346,0.60690306,0.040747188
2,1261,0.9817715,0.07798947,0.60348838,0.040577675
2,1262,0.98245985,0.078248906,0.60676109,0.040661663
2,1263,0.98245985,0.078248906,0.60676109,0.040661663
2,1264,0.98245985,0.078248906,0.60676109,0.040661663
2,1265,0.98245985,0.078248906,0.60676109,0.040661663
2,1266,0.98339727,0.077880944,0.60365843,0.040852089
2,1267,0.98339727,0.077880944,0.60365843,0.040852089
2,1268,0.98339727,0.077880944,0.60365843,0.040852089
2,1269,0.98296611,0.077903955,0.60213843,0.041122382
2,1270,0.99093975,0.078132317,0.60537238,0.040580535
2,1271,0.98515478,0.078102002,0.6073978,0.040668501
2,1272,0.99099863,0.078177532,0.60275887,0.040367558
2,1273,0.98886431,0.07809239,0.60328089,0.040326985
2,1274,0.98803263,0.079129565,0.60267746,0.040721825
2,1275,0.98548168,0.078436963,0.60248449,0.040985489
2,1276,0.98668269,0.078638492,0.60420808,0.040992859
2,1277,0.98108813,0.078379654,0.60410507,0.041039828
2,1278,0.98108813,0.078379654,0.60410507,0.041039828
2,1279,0.98108813,0.078379654,0.60410507,0.041039828
2,1280,0.98108813,0.078379654,0.60410507,0.041039828
2,1281,0.98108813,0.078379654,0.60410507,0.041039828
2,1282,0.98491183,0.078670911,0.60414678,0.040929514
2,1283,0.98491183,0.078670911,0.60414678,0.040929514
2,1284,0.98491183,0.078670911,0.60414678,0.040929514
2,1285,0.98491183,0.078670911,0.60414678,0.040929514
2,1286,0.98899409,0.078854646,0.60116938,0.040888133
2,1287,0.98899409,0.078854646,0.60116938,0.040888133
2,1288,0.98899409,0.078854646,0.60116938,0.040888133
2,1289,0.98899409,0.078854646,0.60116938,0.040888133
2,1290,0.99637055,0.079441105,0.59830696,0.04089515
2,1291,0.99637055,0.079441105,0.59830696,0.04089515
2,1292,0.98667704,0.078395465,0.60704223,0.040600959
2,1293,0.9835126,0.077550145,0.60691959,0.040745369
2,1294,0.98305784,0.077298185,0.60602411,0.041067014
2,1295,0.97817101,0.077444299,0.60988297,0.041072526
2,1296,0.97817101,0.077444299,0.60988297,0.041072526
2,1297,0.97817101,0.077444299,0.60988297,0.041072526
2,1298,0.97649301,0.077428681,0.60976947,0.041068055
2,1299,0.97649301,0.077428681,0.60976947,0.041068055
2,1300,0.97649301,0.077428681,0.60976947,0.041068055
2,1301,0.97649301,0.077428681,0.60976947,0.041068055
2,1302,0.97851252,0.076978305,0.6068463,0.041141099
2,1303,0.97851252,0.076978305,0.6068463,0.041141099
2,1304,0.97731001,0.077067261,0.61003658,0.041306931
2,1305,0.97731001,0.077067261,0.61003658,0.041306931
2,1306,0.97605457,0.076781908,0.61289591,0.041381363
2,1307,0.97450483,0.076014132,0.60915271,0.041210744
2,1308,0.98190134,0.077148396,0.60715366,0.0410378
2,1309,0.98063293,0.077404213,0.60663274,0.04088008
2,1310,0.97361651,0.078042174,0.61025295,0.040887169
2,1311,0.97361651,0.078042174,0.61025295,0.040887169
2,1312,0.97361651,0.078042174,0.61025295,0.040887169
2,1313,0.97361651,0.078042174,0.61025295,0.040887169
2,1314,0.97361651,0.078042174,0.61025295,0.040887169
2,1315,0.97885327,0.078394801,0.610568,0.040634259
2,1316,0.97735803,0.078025099,0.60659282,0.041139965
2,1317,0.98003524,0.077603003,0.60460973,0.04109497
2,1318,0.98003524,0.077603003,0.60460973,0.04109497
2,1319,0.98003524,0.077603003,0.60460973,0.04109497
2,1320,0.97839166,0.078098291,0.60598656,0.041118685
2,1321,0.97839166,0.078098291,0.60598656,0.041118685
2,1322,0.97839166,0.078098291,0.60598656,0.041118685
2,1323,0.98172069,0.07823774,0.60354151,0.040698142
2,1324,0.98172069,0.07823774,0.60354151,0.040698142
2,1325,0.9793259,0.077738859,0.607028,0.040915629
2,1326,0.9793259,0.077738859,0.607028,0.040915629
2,1327,0.98153821,0.078286283,0.60719917,0.040857831
2,1328,0.98153821,0.078286283,0.60719917,0.040857831
2,1329,0.98153821,0.078286283,0.60719917,0.040857831
2,1330,0.98153821,0.078286283,0.60719917,0.040857831
2,1331,0.98822362,0.077392942,0.60331541,0.040987927
2,1332,0.9859448,0.078418098,0.60252251,0.040826784
2,1333,0.99123349,0.07838351,0.59708566,0.040414717
2,1334,0.99123349,0.07838351,0.59708566,0.040414717
2,1335,0.99254988,0.078632536,0.59730809,0.040550214
2,1336,0.99254988,0.078632536,0.59730809,0.040550214
2,1337,0.99254988,0.078632536,0.59730809,0.040550214
2,1338,0.99254988,0.078632536,0.59730809,0.040550214
2,1339,0.99254988,0.078632536,0.59730809,0.040550214
2,1340,0.99225973,0.078887631,0.59577234,0.040746499
2,1341,0.99074184,0.078872293,0.60361802,0.040397115
2,1342,0.99074184,0.078872293,0.60361802,0.040397115
2,1343,0.9850214,0.078818084,0.60557141,0.040856812
2,1344,0.98545617,0.079274155,0.60000758,0.040687937
2,1345,0.99209886,0.079068774,0.60069944,0.040950272
2,1346,0.99361785,0.078024515,0.59778728,0.040844335
2,1347,0.99242068,0.078141797,0.6009812,0.040775773
2,1348,0.98951418,0.077682439,0.60085822,0.040385034
2,1349,0.98951418,0.077682439,0.60085822,0.040385034
2,1350,0.98951418,0.077682439,0.60085822,0.040385034
2,1351,0.98296597,0.077151624,0.60488952,0.040635116
2,1352,0.98546136,0.077344509,0.60333868,0.040792059
2,1353,0.98932269,0.078207254,0.60120582,0.040858373
2,1354,0.98765261,0.079550065,0.60030987,0.040402901
2,1355,0.98765261,0.079550065,0.60030987,0.040402901
2,1356,0.99209338,0.079678239,0.59848269,0.040496415
2,1357,0.99209338,0.079678239,0.59848269,0.040496415
2,1358,0.99541185,0.079228159,0.59719348,0.040677954
2,1359,0.99541185,0.079228159,0.59719348,0.040677954
2,1360,0.99541185,0.079228159,0.59719348,0.040677954
2,1361,0.99458262,0.079378559,0.59946447,0.040784478
2,1362,0.99866685,0.07874616,0.60198004,0.040325396
2,1363,0.99866685,0.07874616,0.60198004,0.040325396
2,1364,0.99866685,0.07874616,0.60198004,0.040325396
2,1365,0.99605694,0.078391458,0.60282116,0.040342752
2,1366,0.99629797,0.078553704,0.5961476,0.040221958
2,1367,0.99716908,0.079364169,0.59839537,0.039964563
2,1368,0.99716908,0.079364169,0.59839537,0.039964563
2,1369,0.99716908,0.079364169,0.59839537,0.039964563
2,1370,0.99716908,0.079364169,0.59839537,0.039964563
2,1371,0.99716908,0.079364169,0.59839537,0.039964563
2,1372,1.0025551,0.079653165,0.59708028,0.039893509
2,1373,1.0025551,0.079653165,0.59708028,0.039893509
2,1374,1.0025551,0.079653165,0.59708028,0.039893509
2,1375,0.9994408,0.079525385,0.5986887,0.040222262
2,1376,1.0035582,0.079468684,0.59418135,0.04020538
2,1377,1.0035582,0.079468684,0.59418135,0.04020538
2,1378,1.00008,0.079942904,0.59643379,0.040183117
2,1379,0.99688597,0.079833404,0.59626066,0.04018107
2,1380,0.99962326,0.079651918,0.59590887,0.040545323
2,1381,0.99659089,0.079954234,0.59756054,0.04043393
2,1382,0.99624878,0.079078391,0.59674926,0.04056929
2,1383,0.98959754,0.078326349,0.59999933,0.040717777
2,1384,0.98507614,0.078753781,0.60156675,0.040647521
2,1385,0.98573371,0.078399386,0.6026728,0.04053867
2,1386,0.98573371,0.078399386,0.6026728,0.04053867
2,1387,0.97969357,0.077984274,0.6023246,0.041115151
2,1388,0.9833043,0.078568726,0.60679329,0.040999082
2,1389,0.9833043,0.078568726,0.60679329,0.040999082
2,1390,0.98828109,0.078852041,0.60526268,0.040738597
2,1391,0.98828109,0.078852041,0.60526268,0.040738597
2,1392,0.99082877,0.079262149,0.60106832,0.04052801
2,1393,0.99082877,0.079262149,0.60106832,0.04052801
2,1394,0.99082877,0.079262149,0.60106832,0.04052801
2,1395,0.99082877,0.079262149,0.60106832,0.04052801
2,1396,0.99082877,0.079262149,0.60106832,0.04052801
2,1397,0.99082877,0.079262149,0.60106832,0.04052801
2,1398,0.99082877,0.079262149,0.60106832,0.04052801
2,1399,0.99082877,0.079262149,0.60106832,0.04052801
2,1400,0.99532449,0.079438246,0.59802787,0.040545989
2,1401,0.99532449,0.079438246,0.59802787,0.040545989
2,1402,0.99532449,0.079438246,0.59802787,0.040545989
2,1403,0.99532449,0.079438246,0.59802787,0.040545989
2,1404,0.99589404,0.080056817,0.59798465,0.040362486
2,1405,0.99894717,0.079040541,0.59740227,0.0402424
2,1406,0.99668548,0.07958261,0.59580862,0.040284923
2,1407,0.99668548,0.07958261,0.59580862,0.040284923
2,1408,1.0037118,0.08039446,0.59354889,0.040049215
2,1409,1.0045095,0.080572715,0.59134455,0.039931994
2,1410,1.0045095,0.080572715,0.59134455,0.039931994
2,1411,1.0045095,0.080572715,0.59134455,0.039931994
2,1412,1.0040099,0.080872241,0.59035724,0.040239345
2,1413,1.0040099,0.080872241,0.59035724,0.040239345
2,1414,1.0040099,0.080872241,0.59035724,0.040239345
2,1415,1.002136,0.080993305,0.59327466,0.0400744
2,1416,1.002136,0.080993305,0.59327466,0.0400744
2,1417,1.002136,0.080993305,0.59327466,0.0400744
2,1418,1.002136,0.080993305,0.59327466,0.0400744
2,1419,1.0063234,0.081460356,0.59238365,0.039833896
2,1420,1.0063234,0.081460356,0.59238365,0.039833896
2,1421,1.0100532,0.081136856,0.59072115,0.039642475
2,1422,1.0125476,0.08136904,0.58959255,0.040060707
2,1423,1.0134589,0.081612959,0.58686881,0.039417599
2,1424,1.0106091,0.082124051,0.58728133,0.039599424
2,1425,1.0106091,0.082124051,0.58728133,0.039599424
2,1426,1.0106091,0.082124051,0.58728133,0.039599424
2,1427,1.0149287,0.082446294,0.58314427,0.039473059
2,1428,1.0149287,0.082446294,0.58314427,0.039473059
2,1429,1.019436,0.082305919,0.58454003,0.039388935
2,1430,1.0200145,0.08212955,0.58156918,0.039307847
2,1431,1.0200145,0.08212955,0.58156918,0.039307847
2,1432,1.0205901,0.082740866,0.5821841,0.039288319
2,1433,1.0205901,0.082740866,0.5821841,0.039288319
2,1434,1.0205901,0.082740866,0.5821841,0.039288319
2,1435,1.0205901,0.082740866,0.5821841,0.039288319
2,1436,1.021466,0.082352722,0.57962202,0.039412869
2,1437,1.0277545,0.082471738,0.57976008,0.039427802
2,1438,1.0277545,0.082471738,0.57976008,0.039427802
2,1439,1.0277545,0.082471738,0.57976008,0.039427802
2,1440,1.0222262,0.082327839,0.57941112,0.039583867
2,1441,1.0222262,0.082327839,0.57941112,0.039583867
2,1442,1.0222262,0.082327839,0.57941112,0.039583867
2,1443,1.0222262,0.082327839,0.57941112,0.039583867
2,1444,1.0222262,0.082327839,0.57941112,0.039583867
2,1445,1.0222262,0.082327839,0.57941112,0.039583867
2,1446,1.0222262,0.082327839,0.57941112,0.039583867
2,1447,1.0222262,0.082327839,0.57941112,0.039583867
2,1448,1.0222262,0.082327839,0.57941112,0.039583867
2,1449,1.0151585,0.08185394,0.58297737,0.03995771
2,1450,1.0151585,0.08185394,0.58297737,0.03995771
2,1451,1.0138512,0.081826397,0.58660737,0.039836685
2,1452,1.0138512,0.081826397,0.58660737,0.039836685
2,1453,1.0138512,0.081826397,0.58660737,0.039836685
2,1454,1.0138512,0.081826397,0.58660737,0.039836685
2,1455,1.0170623,0.081544163,0.58601454,0.039765199
2,1456,1.0170623,0.081544163,0.58601454,0.039765199
2,1457,1.0170623,0.081544163,0.58601454,0.039765199
2,1458,1.0167688,0.080894255,0.58398785,0.039623038
2,1459,1.0142271,0.080169064,0.58902875,0.039579361
2,1460,1.0147319,0.080463123,0.58742453,0.039357402
2,1461,1.0147319,0.080463123,0.58742453,0.039357402
2,1462,1.0147319,0.080463123,0.58742453,0.039357402
2,1463,1.0147319,0.080463123,0.58742453,0.039357402
2,1464,1.022723,0.080749936,0.58568463,0.039758938
2,1465,1.022723,0.080749936,0.58568463,0.039758938
2,1466,1.0209524,0.081213026,0.58266926,0.03972866
2,1467,1.0209524,0.081213026,0.58266926,0.03972866
2,1468,1.0183768,0.082001329,0.58441696,0.039641468
2,1469,1.0183768,0.082001329,0.58441696,0.039641468
2,1470,1.0183768,0.082001329,0.58441696,0.039641468
2,1471,1.0139655,0.081858502,0.58520104,0.039743298
2,1472,1.0162274,0.08140687,0.58705973,0.039808967
2,1473,1.0160554,0.081661591,0.58579805,0.039708274
2,1474,1.0160554,0.081661591,0.58579805,0.039708274
2,1475,1.0117249,0.08165073,0.58410002,0.040062944
2,1476,1.0112354,0.081714377,0.58654204,0.039874099
2,1477,1.0112354,0.081714377,0.58654204,0.039874099
2,1478,1.0162713,0.081354539,0.58523388,0.040058966
2,1479,1.0135418,0.081736172,0.58600298,0.040040394
2,1480,1.014973,0.080478248,0.58583767,0.039889728
2,1481,1.014973,0.080478248,0.58583767,0.039889728
2,1482,1.015134,0.080905229,0.58366584,0.039907334
2,1483,1.0156109,0.080263899,0.5870578,0.039960892
2,1484,1.0076127,0.080150951,0.58511852,0.0401153
2,1485,1.0076127,0.080150951,0.58511852,0.0401153
2,1486,1.0121427,0.080502993,0.58945619,0.040365809
2,1487,1.0064673,0.080259449,0.59108534,0.039927887
2,1488,1.003018,0.080439944,0.59193897,0.040028233
2,1489,1.003018,0.080439944,0.59193897,0.040028233
2,1490,1.0054173,0.080119564,0.59182513,0.03984664
2,1491,1.0054173,0.080119564,0.59182513,0.03984664
2,1492,1.0083669,0.080334337,0.59109598,0.039835273
2,1493,1.012242,0.080268161,0.5868342,0.039974557
2,1494,1.0135825,0.080575556,0.58750129,0.040045202
2,1495,1.0135825,0.080575556,0.58750129,0.040045202
2,1496,1.0085242,0.080806699,0.58992175,0.040166736
2,1497,1.0085242,0.080806699,0.58992175,0.040166736
2,1498,1.0039702,0.080689711,0.58976353,0.039944637
2,1499,1.0060537,0.081122031,0.58795574,0.039960924
2,1500,0.9996916,0.080752402,0.59249305,0.040083301
2,1501,1.0051123,0.080937494,0.5920749,0.040127641
2,1502,1.0051123,0.080937494,0.5920749,0.040127641
2,1503,1.0071024,0.080127825,0.59097557,0.040091423
2,1504,1.0071024,0.080127825,0.59097557,0.040091423
2,1505,1.0071024,0.080127825,0.59097557,0.040091423
2,1506,1.0016046,0.079827641,0.59324602,0.040004468
2,1507,1.0016046,0.079827641,0.59324602,0.040004468
2,1508,1.0039153,0.079840408,0.59247022,0.040165506
2,1509,0.99996299,0.079645431,0.59216819,0.040291475
2,1510,0.99996299,0.079645431,0.59216819,0.040291475
2,1511,0.99996299,0.079645431,0.59216819,0.040291475
2,1512,1.0064594,0.079710948,0.5911158,0.040262617
2,1513,1.0068429,0.08005532,0.58902567,0.040398853
2,1514,1.0051918,0.080105771,0.59243073,0.040271466
2,1515,1.0066215,0.080742743,0.58757531,0.040300619
2,1516,1.0066215,0.080742743,0.58757531,0.040300619
2,1517,1.0064363,0.080816861,0.59063025,0.040271965
2,1518,1.0064363,0.080816861,0.59063025,0.040271965
2,1519,1.0064363,0.080816861,0.59063025,0.040271965
2,1520,1.0064363,0.080816861,0.59063025,0.040271965
2,1521,1.0034572,0.080883868,0.59203847,0.040083023
2,1522,1.0060457,0.080893602,0.5923691,0.039965617
2,1523,1.0060457,0.080893602,0.5923691,0.039965617
2,1524,1.0060457,0.080893602,0.5923691,0.039965617
2,1525,1.0060457,0.080893602,0.5923691,0.039965617
2,1526,1.0060457,0.080893602,0.5923691,0.039965617
2,1527,1.0017367,0.080247211,0.59366311,0.039893056
2,1528,1.0017367,0.080247211,0.59366311,0.039893056
2,1529,1.0017367,0.080247211,0.59366311,0.039893056
2,1530,1.0017367,0.080247211,0.59366311,0.039893056
2,1531,0.99419377,0.079890182,0.59468755,0.040211901
2,1532,1.0012175,0.080230423,0.59350702,0.04004851
2,1533,1.0012175,0.080230423,0.59350702,0.04004851
2,1534,1.0012175,0.080230423,0.59350702,0.04004851
2,1535,1.0012175,0.080230423,0.59350702,0.04004851
2,1536,0.99825037,0.079783284,0.59619919,0.040038173
2,1537,1.0054838,0.080430492,0.59020516,0.039898033
2,1538,1.0079648,0.080329686,0.59139371,0.039581737
2,1539,1.003574,0.080788204,0.59326638,0.039821174
2,1540,1.003574,0.080788204,0.59326638,0.039821174
2,1541,1.003574,0.080788204,0.59326638,0.039821174
2,1542,1.003574,0.080788204,0.59326638,0.039821174
2,1543,1.003574,0.080788204,0.59326638,0.039821174
2,1544,1.003574,0.080788204,0.59326638,0.039821174
2,1545,1.0093008,0.079621854,0.59454446,0.039873102
2,1546,1.0093008,0.079621854,0.59454446,0.039873102
2,1547,1.0041545,0.079253346,0.59390356,0.039799451
2,1548,1.0041545,0.079253346,0.59390356,0.039799451
2,1549,0.99288449,0.080092054,0.59732747,0.040204994
2,1550,1.0011905,0.080323009,0.59515039,0.040235207
2,1551,0.99659068,0.07971255,0.59601961,0.040320317
2,1552,0.99659068,0.07971255,0.59601961,0.040320317
2,1553,0.99659068,0.07971255,0.59601961,0.040320317
2,1554,0.99626069,0.079769075,0.5981179,0.040290757
2,1555,0.99626069,0.079769075,0.5981179,0.040290757
2,1556,0.99626069,0.079769075,0.5981179,0.040290757
2,1557,1.0060187,0.07997219,0.59241381,0.040166077
2,1558,1.0060187,0.07997219,0.59241381,0.040166077
2,1559,1.0060187,0.07997219,0.59241381,0.040166077
2,1560,0.99743349,0.079310816,0.59391876,0.04043124
2,1561,1.0006531,0.079945708,0.59462642,0.040305047
2,1562,1.0006531,0.079945708,0.59462642,0.040305047
2,1563,1.0006531,0.079945708,0.59462642,0.040305047
2,1564,1.0006531,0.079945708,0.59462642,0.040305047
2,1565,1.0006531,0.079945708,0.59462642,0.040305047
2,1566,1.0006531,0.079945708,0.59462642,0.040305047
2,1567,1.0006531,0.079945708,0.59462642,0.040305047
2,1568,1.0006531,0.079945708,0.59462642,0.040305047
2,1569,1.0006531,0.079945708,0.59462642,0.040305047
2,1570,1.0003621,0.079901587,0.59419124,0.040252957
2,1571,1.0003621,0.079901587,0.59419124,0.040252957
2,1572,1.0003621,0.079901587,0.59419124,0.040252957
2,1573,1.0003621,0.079901587,0.59419124,0.040252957
2,1574,1.0003621,0.079901587,0.59419124,0.040252957
2,1575,1.0003621,0.079901587,0.59419124,0.040252957
2,1576,1.0003621,0.079901587,0.59419124,0.040252957
2,1577,1.0003621,0.079901587,0.59419124,0.040252957
2,1578,1.0003621,0.079901587,0.59419124,0.040252957
2,1579,0.99785648,0.079790449,0.59698241,0.040303607
2,1580,0.99785648,0.079790449,0.59698241,0.040303607
2,1581,0.99785648,0.079790449,0.59698241,0.040303607
2,1582,0.99785648,0.079790449,0.59698241,0.040303607
2,1583,0.99785648,0.079790449,0.59698241,0.040303607
2,1584,0.99785648,0.079790449,0.59698241,0.040303607
2,1585,0.99785648,0.079790449,0.59698241,0.040303607
2,1586,0.99211242,0.079034655,0.59921469,0.040371126
2,1587,0.99211242,0.079034655,0.59921469,0.040371126
2,1588,0.98741217,0.078852535,0.60047188,0.040802955
2,1589,0.98741217,0.078852535,0.60047188,0.040802955
2,1590,0.99179475,0.078281914,0.59988735,0.040481665
2,1591,0.98741152,0.077995219,0.60255845,0.041015557
2,1592,0.98741152,0.077995219,0.60255845,0.041015557
2,1593,0.98258976,0.078604255,0.6030348,0.040747704
2,1594,0.98090817,0.078349662,0.60524054,0.041069635
2,1595,0.98656498,0.078080247,0.60280991,0.040957783
2,1596,0.98656498,0.078080247,0.60280991,0.040957783
2,1597,0.98656498,0.078080247,0.60280991,0.040957783
2,1598,0.98621998,0.078164585,0.60237738,0.040834892
2,1599,0.98621998,0.078164585,0.60237738,0.040834892
2,1600,0.98065699,0.077887367,0.60667497,0.040805512
2,1601,0.98065699,0.077887367,0.60667497,0.040805512
2,1602,0.98065699,0.077887367,0.60667497,0.040805512
2,1603,0.9778083,0.077279024,0.60682151,0.040954913
2,1604,0.9810008,0.077628351,0.6083395,0.040976614
2,1605,0.97328274,0.077391477,0.6103436,0.041302236
2,1606,0.97729778,0.077259292,0.60936666,0.041209684
2,1607,0.97729778,0.077259292,0.60936666,0.041209684
2,1608,0.97729778,0.077259292,0.60936666,0.041209684
2,1609,0.97729778,0.077259292,0.60936666,0.041209684
2,1610,0.97729778,0.077259292,0.60936666,0.041209684
2,1611,0.97723833,0.077088414,0.60965647,0.041225142
2,1612,0.97723833,0.077088414,0.60965647,0.041225142
2,1613,0.97657716,0.077110562,0.61101692,0.0409495
2,1614,0.97346568,0.076245508,0.61082331,0.041564894
2,1615,0.97346568,0.076245508,0.61082331,0.041564894
2,1616,0.97346568,0.076245508,0.61082331,0.041564894
2,1617,0.97346568,0.076245508,0.61082331,0.041564894
2,1618,0.97116825,0.077011935,0.61101305,0.041419676
2,1619,0.97116825,0.077011935,0.61101305,0.041419676
2,1620,0.97116825,0.077011935,0.61101305,0.041419676
2,1621,0.97116825,0.077011935,0.61101305,0.041419676
2,1622,0.97774746,0.078673213,0.60900056,0.04067397
2,1623,0.97774746,0.078673213,0.60900056,0.04067397
2,1624,0.97774746,0.078673213,0.60900056,0.04067397
2,1625,0.98237395,0.078569387,0.60564366,0.041026217
2,1626,0.98237395,0.078569387,0.60564366,0.041026217
2,1627,0.98237395,0.078569387,0.60564366,0.041026217
2,1628,0.98243049,0.078846717,0.60502813,0.041122041
2,1629,0.9817923,0.078529932,0.60990799,0.040671337
2,1630,0.9947684,0.078410758,0.60133589,0.040657169
2,1631,0.99750061,0.078621255,0.59555709,0.040518297
2,1632,0.99713466,0.078734832,0.59614933,0.040566908
2,1633,0.99713466,0.078734832,0.59614933,0.040566908
2,1634,0.99023947,0.078213837,0.60138674,0.040440919
2,1635,0.99023947,0.078213837,0.60138674,0.040440919
2,1636,0.98875529,0.078016257,0.60252519,0.040608226
2,1637,0.98875529,0.078016257,0.60252519,0.040608226
2,1638,0.98875529,0.078016257,0.60252519,0.040608226
2,1639,0.99223591,0.078549601,0.60238117,0.040324024
2,1640,0.98969963,0.079337545,0.60111433,0.040593385
2,1641,0.98969963,0.079337545,0.60111433,0.040593385
2,1642,0.98969963,0.079337545,0.60111433,0.040593385
2,1643,0.99317891,0.078783413,0.60345809,0.04035188
2,1644,0.99102141,0.079152834,0.6012554,0.040570745
2,1645,0.99422955,0.07914895,0.59880194,0.040565227
2,1646,0.99422955,0.07914895,0.59880194,0.040565227
2,1647,0.99422955,0.07914895,0.59880194,0.040565227
2,1648,0.99422955,0.07914895,0.59880194,0.040565227
2,1649,0.98752486,0.079203005,0.60177139,0.040321966
2,1650,0.99102016,0.079389735,0.60255861,0.040587943
2,1651,0.98836937,0.078892743,0.59980818,0.040840862
2,1652,0.98836937,0.078892743,0.59980818,0.040840862
2,1653,0.99362103,0.079270548,0.59771652,0.040503964
2,1654,0.99362103,0.079270548,0.59771652,0.040503964
2,1655,0.99362103,0.079270548,0.59771652,0.040503964
2,1656,0.99362103,0.079270548,0.59771652,0.040503964
2,1657,0.99362103,0.079270548,0.59771652,0.040503964
2,1658,0.99362103,0.079270548,0.59771652,0.040503964
2,1659,0.99362103,0.079270548,0.59771652,0.040503964
2,1660,0.99362103,0.079270548,0.59771652,0.040503964
2,1661,0.99542229,0.079226986,0.6008408,0.040320376
2,1662,0.99542229,0.079226986,0.6008408,0.040320376
2,1663,0.98801922,0.078732991,0.60344561,0.04035854
2,1664,0.99279638,0.078867888,0.60173661,0.040387503
2,1665,0.98819227,0.079412187,0.6020146,0.040217797
2,1666,0.98673701,0.079743824,0.60169999,0.040145945
2,1667,0.99109955,0.079663111,0.60004286,0.040709747
2,1668,0.98813092,0.079369887,0.60089965,0.040569672
2,1669,0.98813092,0.079369887,0.60089965,0.040569672
2,1670,0.98835812,0.078733048,0.60214652,0.040806512
2,1671,0.98835812,0.078733048,0.60214652,0.040806512
2,1672,0.98835812,0.078733048,0.60214652,0.040806512
2,1673,0.98835812,0.078733048,0.60214652,0.040806512
2,1674,0.99557132,0.079330633,0.59867959,0.040640236
2,1675,0.99557132,0.079330633,0.59867959,0.040640236
2,1676,0.99557132,0.079330633,0.59867959,0.040640236
2,1677,0.98893985,0.079200853,0.59888065,0.040493704
2,1678,0.98893985,0.079200853,0.59888065,0.040493704
2,1679,0.99076574,0.079186479,0.59703105,0.040621953
2,1680,0.99213912,0.079695136,0.59962465,0.040323068
2,1681,0.99213912,0.079695136,0.59962465,0.040323068
2,1682,0.99467902,0.07943821,0.60027936,0.040442311
2,1683,0.99467902,0.07943821,0.60027936,0.040442311
2,1684,0.99467902,0.07943821,0.60027936,0.040442311
2,1685,0.99348732,0.079947269,0.5977877,0.040499043
2,1686,0.99348732,0.079947269,0.5977877,0.040499043
2,1687,0.99348732,0.079947269,0.5977877,0.040499043
2,1688,0.99939986,0.079888232,0.59900082,0.04016029
2,1689,0.99934715,0.080905577,0.59101196,0.039962861
2,1690,0.99934715,0.080905577,0.59101196,0.039962861
2,1691,1.0074719,0.080877033,0.58769019,0.039758574
2,1692,1.0052543,0.080947688,0.5885345,0.039777436
2,1693,1.0063479,0.08119332,0.59034043,0.039722642
2,1694,1.0063479,0.08119332,0.59034043,0.039722642
2,1695,1.0026782,0.080937629,0.59088378,0.040267115
2,1696,1.0026782,0.080937629,0.59088378,0.040267115
2,1697,1.0084432,0.081287153,0.58907134,0.040051083
2,1698,1.0042042,0.080454679,0.59268709,0.040049198
2,1699,1.0011504,0.080769084,0.5927345,0.04013802
2,1700,1.0011504,0.080769084,0.5927345,0.04013802
2,1701,1.0021606,0.080915945,0.59395693,0.039754783
2,1702,1.0021606,0.080915945,0.59395693,0.039754783
2,1703,1.0021606,0.080915945,0.59395693,0.039754783
2,1704,1.0047489,0.080132549,0.59393066,0.040185715
2,1705,1.0047489,0.080132549,0.59393066,0.040185715
2,1706,1.0041737,0.080373166,0.5921655,0.040062476
2,1707,1.0041737,0.080373166,0.5921655,0.040062476
2,1708,1.0041737,0.080373166,0.5921655,0.040062476
2,1709,1.0047313,0.080058534,0.59084514,0.04028712
2,1710,1.0047313,0.080058534,0.59084514,0.04028712
2,1711,1.0047313,0.080058534,0.59084514,0.04028712
2,1712,1.0047313,0.080058534,0.59084514,0.04028712
2,1713,1.000114,0.080096598,0.59541267,0.040228274
2,1714,1.0012824,0.080043056,0.59363244,0.039946675
2,1715,1.0012824,0.080043056,0.59363244,0.039946675
2,1716,1.0012824,0.080043056,0.59363244,0.039946675
2,1717,1.0006009,0.080346141,0.59539486,0.039936103
2,1718,0.99940302,0.079951157,0.59275412,0.040381097
2,1719,0.99940302,0.079951157,0.59275412,0.040381097
2,1720,1.0010291,0.080252988,0.59378551,0.040325882
2,1721,1.0010291,0.080252988,0.59378551,0.040325882
2,1722,0.99935613,0.079768066,0.59435953,0.040262751
2,1723,0.99935613,0.079768066,0.59435953,0.040262751
2,1724,0.99980431,0.07924453,0.59977788,0.040075152
2,1725,0.99980431,0.07924453,0.59977788,0.040075152
2,1726,1.0114788,0.079826361,0.59197762,0.039950128
2,1727,1.010375,0.080578355,0.59323025,0.039909791
2,1728,1.00938,0.080587873,0.59371958,0.039920764
2,1729,1.0094902,0.080472682,0.58787698,0.040178326
2,1730,1.0112262,0.080661851,0.58690464,0.040136102
2,1731,1.0032685,0.080933478,0.59037227,0.040166165
2,1732,1.0032685,0.080933478,0.59037227,0.040166165
2,1733,1.0032685,0.080933478,0.59037227,0.040166165
2,1734,1.0032685,0.080933478,0.59037227,0.040166165
2,1735,1.0032685,0.080933478,0.59037227,0.040166165
2,1736,0.99843573,0.080609102,0.59629028,0.040219102
2,1737,0.99611467,0.079985401,0.59574007,0.040208083
2,1738,0.99611467,0.079985401,0.59574007,0.040208083
2,1739,0.99611467,0.079985401,0.59574007,0.040208083
2,1740,0.99611467,0.079985401,0.59574007,0.040208083
2,1741,0.99511721,0.079100965,0.59873032,0.040025845
2,1742,0.99511721,0.079100965,0.59873032,0.040025845
2,1743,0.99511721,0.079100965,0.59873032,0.040025845
2,1744,0.99511721,0.079100965,0.59873032,0.040025845
2,1745,0.99650537,0.079506843,0.59643256,0.039990707
2,1746,0.99281653,0.079365935,0.60264731,0.040104085
2,1747,0.98964129,0.079862256,0.59802511,0.040552506
2,1748,1.0001459,0.078696867,0.59600465,0.040357816
2,1749,1.0001459,0.078696867,0.59600465,0.040357816
2,1750,1.0001459,0.078696867,0.59600465,0.040357816
2,1751,1.0001459,0.078696867,0.59600465,0.040357816
2,1752,1.0001459,0.078696867,0.59600465,0.040357816
2,1753,0.9970931,0.07893136,0.59694281,0.040368307
2,1754,0.99200967,0.078664777,0.59981755,0.040386693
2,1755,0.99533228,0.078941814,0.59960078,0.040327331
2,1756,0.99533228,0.078941814,0.59960078,0.040327331
2,1757,0.99533228,0.078941814,0.59960078,0.040327331
2,1758,0.99533228,0.078941814,0.59960078,0.040327331
2,1759,0.99533228,0.078941814,0.59960078,0.040327331
2,1760,0.99533228,0.078941814,0.59960078,0.040327331
2,1761,0.99256387,0.079121312,0.59816398,0.040515824
2,1762,0.99256387,0.079121312,0.59816398,0.040515824
2,1763,0.99256387,0.079121312,0.59816398,0.040515824
2,1764,0.99256387,0.079121312,0.59816398,0.040515824
2,1765,0.99256387,0.079121312,0.59816398,0.040515824
2,1766,0.99256387,0.079121312,0.59816398,0.040515824
2,1767,0.99275349,0.079228724,0.60102726,0.040493932
2,1768,0.99275349,0.079228724,0.60102726,0.040493932
2,1769,0.9948831,0.079974154,0.59628769,0.040385131
2,1770,0.9948831,0.079974154,0.59628769,0.040385131
2,1771,0.99171649,0.07895087,0.59625517,0.040341752
2,1772,0.99669418,0.078948371,0.5959976,0.040636856
2,1773,0.99546365,0.079660736,0.59828503,0.04021878
2,1774,0.99444612,0.079357964,0.5992891,0.040281437
2,1775,0.99533095,0.079816876,0.59585829,0.04057757
2,1776,0.99533095,0.079816876,0.59585829,0.04057757
2,1777,0.99507256,0.080622825,0.59712423,0.040457803
2,1778,1.0027279,0.080478821,0.59524254,0.040313746
2,1779,0.99680876,0.079947386,0.594128,0.040375483
2,1780,0.99680876,0.079947386,0.594128,0.040375483
2,1781,0.99680876,0.079947386,0.594128,0.040375483
2,1782,0.99680876,0.079947386,0.594128,0.040375483
2,1783,0.99830667,0.079535454,0.59402399,0.040531514
2,1784,0.99830667,0.079535454,0.59402399,0.040531514
2,1785,0.99830667,0.079535454,0.59402399,0.040531514
2,1786,0.99830667,0.079535454,0.59402399,0.040531514
2,1787,0.99830667,0.079535454,0.59402399,0.040531514
2,1788,0.99830667,0.079535454,0.59402399,0.040531514
2,1789,0.99830667,0.079535454,0.59402399,0.040531514
2,1790,0.99830667,0.079535454,0.59402399,0.040531514
2,1791,0.99830667,0.079535454,0.59402399,0.040531514
2,1792,0.99830667,0.079535454,0.59402399,0.040531514
2,1793,1.0059419,0.080298712,0.58938141,0.039915036
2,1794,1.0059419,0.080298712,0.58938141,0.039915036
2,1795,1.0059419,0.080298712,0.58938141,0.039915036
2,1796,1.0059419,0.080298712,0.58938141,0.039915036
2,1797,1.0059419,0.080298712,0.58938141,0.039915036
2,1798,1.0059419,0.080298712,0.58938141,0.039915036
2,1799,1.0087766,0.080201419,0.59096262,0.040011832
2,1800,1.0013222,0.080042039,0.5917748,0.03989693
2,1801,1.0013222,0.080042039,0.5917748,0.03989693
2,1802,0.9979581,0.080136564,0.59228971,0.040050227
2,1803,0.9979581,0.080136564,0.59228971,0.040050227
2,1804,0.9989167,0.080226769,0.59137285,0.040278889
2,1805,0.99587342,0.079764944,0.59783844,0.040267216
2,1806,0.99617657,0.079856139,0.59820818,0.040023384
2,1807,0.99617657,0.079856139,0.59820818,0.040023384
2,1808,0.99617657,0.079856139,0.59820818,0.040023384
2,1809,1.0016953,0.079713311,0.59173721,0.040508871
2,1810,1.0019914,0.079465293,0.59490671,0.040360737
2,1811,1.0019914,0.079465293,0.59490671,0.040360737
2,1812,1.0019914,0.079465293,0.59490671,0.040360737
2,1813,1.0019914,0.079465293,0.59490671,0.040360737
2,1814,0.99759502,0.079874274,0.59321175,0.040356593
2,1815,0.99759502,0.079874274,0.59321175,0.040356593
2,1816,0.99543616,0.079185718,0.59741616,0.040224786
2,1817,0.99904565,0.078846048,0.59818499,0.040232292
2,1818,0.99620635,0.078415589,0.60071926,0.040401471
2,1819,0.99620635,0.078415589,0.60071926,0.040401471
2,1820,0.99620635,0.078415589,0.60071926,0.040401471
2,1821,0.99620635,0.078415589,0.60071926,0.040401471
2,1822,0.99620635,0.078415589,0.60071926,0.040401471
2,1823,0.99670589,0.078868417,0.59732008,0.04044205
2,1824,0.99670589,0.078868417,0.59732008,0.04044205
2,1825,0.99670589,0.078868417,0.59732008,0.04044205
2,1826,0.99670589,0.078868417,0.59732008,0.04044205
2,1827,0.99100771,0.079041606,0.59941026,0.040470972
2,1828,0.99100771,0.079041606,0.59941026,0.040470972
2,1829,0.99100771,0.079041606,0.59941026,0.040470972
2,1830,0.99100771,0.079041606,0.59941026,0.040470972
2,1831,0.99081208,0.078813092,0.60031637,0.040462693
2,1832,0.99081208,0.078813092,0.60031637,0.040462693
2,1833,0.9870477,0.079117049,0.5995123,0.040821636
2,1834,0.99069167,0.078298128,0.60131126,0.040947904
2,1835,0.99069167,0.078298128,0.60131126,0.040947904
2,1836,0.99069167,0.078298128,0.60131126,0.040947904
2,1837,0.99069167,0.078298128,0.60131126,0.040947904
2,1838,0.99069167,0.078298128,0.60131126,0.040947904
2,1839,0.99069167,0.078298128,0.60131126,0.040947904
2,1840,0.99069167,0.078298128,0.60131126,0.040947904
2,1841,0.99069167,0.078298128,0.60131126,0.040947904
2,1842,0.99069167,0.078298128,0.60131126,0.040947904
2,1843,0.98804629,0.078520946,0.6025936,0.040495992
2,1844,0.98804629,0.078520946,0.6025936,0.040495992
2,1845,0.98804629,0.078520946,0.6025936,0.040495992
2,1846,0.99224444,0.078984089,0.60086317,0.040821799
2,1847,0.99224444,0.078984089,0.60086317,0.040821799
2,1848,0.99507599,0.078469628,0.59902504,0.040691519
2,1849,0.99425691,0.079576647,0.59752266,0.040787876
2,1850,0.99425691,0.079576647,0.59752266,0.040787876
2,1851,0.99425691,0.079576647,0.59752266,0.040787876
2,1852,0.99425691,0.079576647,0.59752266,0.040787876
2,1853,0.99425691,0.079576647,0.59752266,0.040787876
2,1854,0.99891401,0.079610266,0.59726139,0.040342666
2,1855,0.99891401,0.079610266,0.59726139,0.040342666
2,1856,1.0022819,0.080642036,0.59385677,0.040226825
2,1857,0.99779281,0.079383996,0.59958795,0.040048637
2,1858,0.99779281,0.079383996,0.59958795,0.040048637
2,1859,0.99923419,0.079028698,0.59833012,0.039965298
2,1860,0.99923419,0.079028698,0.59833012,0.039965298
2,1861,0.99923419,0.079028698,0.59833012,0.039965298
2,1862,0.99196011,0.08037433,0.59702728,0.040181217
2,1863,0.99196011,0.08037433,0.59702728,0.040181217
2,1864,0.99870052,0.080335592,0.59249347,0.040271255
2,1865,1.001177,0.08056438,0.59144739,0.040309901
2,1866,0.99964683,0.079716574,0.59355138,0.040194567
2,1867,0.99964683,0.079716574,0.59355138,0.040194567
2,1868,1.0009061,0.07962715,0.59357969,0.040146152
2,1869,1.0009061,0.07962715,0.59357969,0.040146152
2,1870,1.0050569,0.08006443,0.59540426,0.040049289
2,1871,0.99851583,0.080128178,0.59527326,0.040274745
2,1872,0.99799665,0.079715547,0.59695796,0.040111816
2,1873,0.99799665,0.079715547,0.59695796,0.040111816
2,1874,1.0011486,0.079381459,0.59655531,0.040514929
2,1875,0.99740947,0.078769495,0.59406294,0.040258291
2,1876,0.99740947,0.078769495,0.59406294,0.040258291
2,1877,0.99259853,0.079322482,0.59548478,0.040664581
2,1878,0.98881402,0.079102593,0.5996043,0.040478705
2,1879,0.99015359,0.079410022,0.59762391,0.040343401
2,1880,0.99015359,0.079410022,0.59762391,0.040343401
2,1881,0.99047586,0.079389335,0.59644269,0.040454171
2,1882,0.99047586,0.079389335,0.59644269,0.040454171
2,1883,0.98891491,0.079543115,0.59680251,0.040528645
2,1884,0.99393319,0.079408528,0.59646187,0.040094958
2,1885,0.99393319,0.079408528,0.59646187,0.040094958
2,1886,0.99393319,0.079408528,0.59646187,0.040094958
2,1887,0.9911261,0.080273979,0.5967518,0.040437477
2,1888,0.98888577,0.080395991,0.59987921,0.040565185
2,1889,0.987813,0.079833392,0.60034715,0.040861904
2,1890,0.98925171,0.079412913,0.59562461,0.041019123
2,1891,0.98988105,0.0798706,0.59758676,0.041009842
2,1892,0.99347667,0.080393285,0.59344718,0.040506692
2,1893,0.99347667,0.080393285,0.59344718,0.040506692
2,1894,0.99347667,0.080393285,0.59344718,0.040506692
2,1895,1.0024294,0.080069818,0.59231778,0.040398356
2,1896,0.99946844,0.079627033,0.59469013,0.040574825
2,1897,0.99946844,0.079627033,0.59469013,0.040574825
2,1898,0.99946844,0.079627033,0.59469013,0.040574825
2,1899,0.99946844,0.079627033,0.59469013,0.040574825
2,1900,0.99946844,0.079627033,0.59469013,0.040574825
2,1901,0.99946844,0.079627033,0.59469013,0.040574825
2,1902,1.014324,0.080396212,0.58722717,0.040133372
2,1903,1.0077005,0.079574929,0.59017991,0.040154564
2,1904,1.0077005,0.079574929,0.59017991,0.040154564
2,1905,1.0077005,0.079574929,0.59017991,0.040154564
2,1906,1.0066506,0.079439374,0.591598,0.040183051
2,1907,1.0066506,0.079439374,0.591598,0.040183051
2,1908,1.0066506,0.079439374,0.591598,0.040183051
2,1909,1.0066506,0.079439374,0.591598,0.040183051
2,1910,1.0008691,0.079562992,0.59421387,0.040326093
2,1911,1.0008691,0.079562992,0.59421387,0.040326093
2,1912,1.0008691,0.079562992,0.59421387,0.040326093
2,1913,1.0008691,0.079562992,0.59421387,0.040326093
2,1914,1.0008691,0.079562992,0.59421387,0.040326093
2,1915,1.0084329,0.080336762,0.58969057,0.040065622
2,1916,1.0019808,0.080551113,0.59390784,0.039972957
2,1917,1.007073,0.080637194,0.59254828,0.039900896
2,1918,1.007073,0.080637194,0.59254828,0.039900896
2,1919,1.007073,0.080637194,0.59254828,0.039900896
2,1920,1.007073,0.080637194,0.59254828,0.039900896
2,1921,1.0069056,0.080283377,0.59288075,0.040049102
2,1922,1.0045534,0.080137418,0.59162467,0.039745897
2,1923,1.004981,0.080151019,0.59234887,0.039780815
2,1924,1.0033484,0.080638039,0.59315584,0.039826205
2,1925,1.0033484,0.080638039,0.59315584,0.039826205
2,1926,1.0098886,0.08045746,0.58957342,0.039875689
2,1927,1.0098886,0.08045746,0.58957342,0.039875689
2,1928,1.0098886,0.08045746,0.58957342,0.039875689
2,1929,1.0098886,0.08045746,0.58957342,0.039875689
2,1930,1.0100502,0.08110005,0.58859234,0.039993625
2,1931,1.0111142,0.081135178,0.58784744,0.039647792
2,1932,1.0111142,0.081135178,0.58784744,0.039647792
2,1933,1.0111142,0.081135178,0.58784744,0.039647792
2,1934,1.0094044,0.080616161,0.58796794,0.039912133
2,1935,1.0094044,0.080616161,0.58796794,0.039912133
2,1936,1.0094044,0.080616161,0.58796794,0.039912133
2,1937,1.0094044,0.080616161,0.58796794,0.039912133
2,1938,1.0066193,0.0806686,0.59003536,0.039703098
2,1939,1.0033387,0.080974702,0.59203392,0.039825728
2,1940,1.0047375,0.080793877,0.592469,0.039885531
2,1941,1.0060375,0.080566275,0.59084444,0.039768762
2,1942,1.0060375,0.080566275,0.59084444,0.039768762
2,1943,1.0060375,0.080566275,0.59084444,0.039768762
2,1944,1.0082144,0.081039266,0.58801761,0.039676787
2,1945,1.0108473,0.081122764,0.58829394,0.039557144
2,1946,1.0115295,0.081211015,0.58917536,0.03958638
2,1947,1.0148519,0.081361012,0.58755388,0.039528237
2,1948,1.0120946,0.081841817,0.5858933,0.039379214
2,1949,1.0120946,0.081841817,0.5858933,0.039379214
2,1950,1.0120946,0.081841817,0.5858933,0.039379214
2,1951,1.0120946,0.081841817,0.5858933,0.039379214
2,1952,1.0120946,0.081841817,0.5858933,0.039379214
2,1953,1.0120946,0.081841817,0.5858933,0.039379214
2,1954,1.0118836,0.081485986,0.58325371,0.039726433
2,1955,1.0118836,0.081485986,0.58325371,0.039726433
2,1956,1.0118836,0.081485986,0.58325371,0.039726433
2,1957,1.0117902,0.080409572,0.58539065,0.039662546
2,1958,1.0117902,0.080409572,0.58539065,0.039662546
2,1959,1.0033858,0.080818592,0.58817891,0.040130436
2,1960,1.0033858,0.080818592,0.58817891,0.040130436
2,1961,1.006279,0.080594425,0.59004665,0.040006132
2,1962,1.0047372,0.080157234,0.59213366,0.039932297
2,1963,1.0047372,0.080157234,0.59213366,0.039932297
2,1964,0.99727321,0.079729526,0.59701125,0.04008648
2,1965,0.99727321,0.079729526,0.59701125,0.04008648
2,1966,1.0001328,0.080375938,0.59581688,0.039964194
2,1967,1.0001328,0.080375938,0.59581688,0.039964194
2,1968,1.0010053,0.07969673,0.595634,0.040021591
2,1969,1.0086071,0.079674685,0.58790849,0.040310201
2,1970,1.0064432,0.080760442,0.58775667,0.040232906
2,1971,1.0064432,0.080760442,0.58775667,0.040232906
2,1972,1.0108073,0.07972252,0.58819089,0.040186626
2,1973,1.0078487,0.079651327,0.59326397,0.03996394
2,1974,1.0078487,0.079651327,0.59326397,0.03996394
2,1975,1.0063855,0.079934715,0.59317209,0.039845674
2,1976,1.0063855,0.079934715,0.59317209,0.039845674
2,1977,1.0063855,0.079934715,0.59317209,0.039845674
2,1978,1.0063855,0.079934715,0.59317209,0.039845674
2,1979,1.0063855,0.079934715,0.59317209,0.039845674
2,1980,1.0063855,0.079934715,0.59317209,0.039845674
2,1981,1.0063855,0.079934715,0.59317209,0.039845674
2,1982,1.0063855,0.079934715,0.59317209,0.039845674
2,1983,1.0063855,0.079934715,0.59317209,0.039845674
2,1984,1.0063855,0.079934715,0.59317209,0.039845674
2,1985,1.0000286,0.080012941,0.59747996,0.040023807
2,1986,0.99951225,0.079235686,0.59334274,0.039955734
2,1987,1.0001996,0.079551635,0.59728551,0.039888611
2,1988,1.0001996,0.079551635,0.59728551,0.039888611
2,1989,1.0001996,0.079551635,0.59728551,0.039888611
2,1990,1.0001996,0.079551635,0.59728551,0.039888611
2,1991,0.99155757,0.079769461,0.599358,0.040580687
2,1992,0.99155757,0.079769461,0.599358,0.040580687
2,1993,0.99155757,0.079769461,0.599358,0.040580687
2,1994,0.99155757,0.079769461,0.599358,0.040580687
2,1995,0.99155757,0.079769461,0.599358,0.040580687
2,1996,0.99155757,0.079769461,0.599358,0.040580687
2,1997,0.99155757,0.079769461,0.599358,0.040580687
2,1998,0.99155757,0.079769461,0.599358,0.040580687
2,1999,0.99903538,0.080406034,0.5934184,0.040239038
2,2000,1.002263,0.080645215,0.59352147,0.040587544
2,2001,0.99814726,0.080696836,0.59250482,0.040574485
2,2002,0.99628684,0.080521613,0.59474307,0.040397734
2,2003,0.99628684,0.080521613,0.59474307,0.040397734
2,2004,0.99628684,0.080521613,0.59474307,0.040397734
2,2005,0.99628684,0.080521613,0.59474307,0.040397734
2,2006,1.0010981,0.080339598,0.59443153,0.040226123
2,2007,1.0010981,0.080339598,0.59443153,0.040226123
2,2008,0.99922349,0.080235401,0.59454391,0.040277047
2,2009,0.99922349,0.080235401,0.59454391,0.040277047
2,2010,0.99922349,0.080235401,0.59454391,0.040277047
2,2011,0.99922349,0.080235401,0.59454391,0.040277047
2,2012,0.99922349,0.080235401,0.59454391,0.040277047
2,2013,0.99922349,0.080235401,0.59454391,0.040277047
2,2014,0.99922349,0.080235401,0.59454391,0.040277047
2,2015,0.99922349,0.080235401,0.59454391,0.040277047
2,2016,0.99922349,0.080235401,0.59454391,0.040277047
2,2017,0.99922349,0.080235401,0.59454391,0.040277047
2,2018,0.99875802,0.080045737,0.59578578,0.039999074
2,2019,0.99875802,0.080045737,0.59578578,0.039999074
2,2020,0.99875802,0.080045737,0.59578578,0.039999074
2,2021,1.0027646,0.079864126,0.59239015,0.040369426
2,2022,0.9984324,0.07959779,0.59353693,0.040259286
2,2023,0.9984324,0.07959779,0.59353693,0.040259286
2,2024,0.9984324,0.07959779,0.59353693,0.040259286
2,2025,0.98920334,0.078836487,0.59931689,0.040811655
2,2026,0.98920334,0.078836487,0.59931689,0.040811655
2,2027,0.98920334,0.078836487,0.59931689,0.040811655
2,2028,0.98920334,0.078836487,0.59931689,0.040811655
2,2029,0.98920334,0.078836487,0.59931689,0.040811655
2,2030,0.98920334,0.078836487,0.59931689,0.040811655
2,2031,0.99381017,0.079332946,0.59972356,0.040608941
2,2032,0.99381017,0.079332946,0.59972356,0.040608941
2,2033,0.99381017,0.079332946,0.59972356,0.040608941
2,2034,0.99042736,0.079137779,0.59974252,0.040500628
2,2035,0.98850319,0.078697144,0.60313701,0.040587702
2,2036,0.98850319,0.078697144,0.60313701,0.040587702
2,2037,0.9896026,0.078402285,0.60139607,0.040497595
2,2038,0.99228738,0.079141621,0.59770007,0.040704201
2,2039,0.99228738,0.079141621,0.59770007,0.040704201
2,2040,0.99228738,0.079141621,0.59770007,0.040704201
2,2041,0.99228738,0.079141621,0.59770007,0.040704201
2,2042,0.99228738,0.079141621,0.59770007,0.040704201
2,2043,0.99340066,0.079019957,0.59725497,0.040739963
2,2044,0.98919661,0.078768739,0.60125835,0.040979745
2,2045,0.99867485,0.078422344,0.59759564,0.040411749
2,2046,0.99867485,0.078422344,0.59759564,0.040411749
2,2047,0.99867485,0.078422344,0.59759564,0.040411749
2,2048,0.99663632,0.077897179,0.59912699,0.040693501
2,2049,0.99663632,0.077897179,0.59912699,0.040693501
2,2050,0.99663632,0.077897179,0.59912699,0.040693501
2,2051,0.99663632,0.077897179,0.59912699,0.040693501
2,2052,0.99824788,0.078326086,0.59804952,0.040717815
2,2053,0.99265437,0.078237888,0.59994966,0.040341333
2,2054,0.99265437,0.078237888,0.59994966,0.040341333
2,2055,0.98819752,0.078340509,0.60310829,0.040341603
2,2056,0.99165199,0.079329288,0.60239076,0.040237782
2,2057,0.99165199,0.079329288,0.60239076,0.040237782
2,2058,0.99165199,0.079329288,0.60239076,0.040237782
2,2059,0.99165199,0.079329288,0.60239076,0.040237782
2,2060,0.99165199,0.079329288,0.60239076,0.040237782
2,2061,0.99382298,0.07980044,0.59962594,0.040476161
2,2062,0.99481256,0.079393422,0.59828183,0.040175634
2,2063,0.99481256,0.079393422,0.59828183,0.040175634
2,2064,0.99481256,0.079393422,0.59828183,0.040175634
2,2065,0.99481256,0.079393422,0.59828183,0.040175634
2,2066,0.99481256,0.079393422,0.59828183,0.040175634
2,2067,0.99481256,0.079393422,0.59828183,0.040175634
2,2068,0.99481256,0.079393422,0.59828183,0.040175634
2,2069,0.99481256,0.079393422,0.59828183,0.040175634
2,2070,0.99481256,0.079393422,0.59828183,0.040175634
2,2071,0.99079107,0.078611359,0.60235424,0.040483075
2,2072,0.99079107,0.078611359,0.60235424,0.040483075
2,2073,0.99366334,0.078635857,0.59916593,0.040401087
2,2074,0.99320236,0.079608931,0.60006227,0.040437417
2,2075,0.99320236,0.079608931,0.60006227,0.040437417
2,2076,0.99736399,0.078944385,0.59876496,0.040233101
2,2077,0.99003519,0.07935776,0.59906992,0.040611585
2,2078,0.99200121,0.079805543,0.59895393,0.039941113
2,2079,0.99200121,0.079805543,0.59895393,0.039941113
2,2080,0.99200121,0.079805543,0.59895393,0.039941113
2,2081,0.99200121,0.079805543,0.59895393,0.039941113
2,2082,0.99200121,0.079805543,0.59895393,0.039941113
2,2083,0.99558647,0.07900836,0.60151775,0.040105809
2,2084,0.99558647,0.07900836,0.60151775,0.040105809
2,2085,0.99583952,0.079551156,0.5996521,0.040233933
2,2086,0.99583952,0.079551156,0.5996521,0.040233933
2,2087,0.99583952,0.079551156,0.5996521,0.040233933
2,2088,0.9967248,0.079846833,0.59540894,0.040124253
2,2089,0.9967248,0.079846833,0.59540894,0.040124253
2,2090,0.99784526,0.079657113,0.59905191,0.040221184
2,2091,1.0040597,0.079305563,0.59272091,0.040025729
2,2092,1.000061,0.079054294,0.59450085,0.040482293
2,2093,1.000061,0.079054294,0.59450085,0.040482293
2,2094,0.99557008,0.078920769,0.59726228,0.040349837
2,2095,0.99014839,0.078878207,0.59833206,0.040309384
2,2096,0.99210774,0.079608149,0.59626462,0.040253108
2,2097,0.98858312,0.079386035,0.6007683,0.040647354
2,2098,0.98858312,0.079386035,0.6007683,0.040647354
2,2099,0.98858312,0.079386035,0.6007683,0.040647354
2,2100,0.98609248,0.078075727,0.60028018,0.040475262
2,2101,0.98983417,0.078388151,0.59988147,0.040726773
2,2102,0.98983417,0.078388151,0.59988147,0.040726773
2,2103,0.98883644,0.079168912,0.60196054,0.04087386
2,2104,0.98883644,0.079168912,0.60196054,0.04087386
2,2105,0.98883644,0.079168912,0.60196054,0.04087386
2,2106,0.98883644,0.079168912,0.60196054,0.04087386
2,2107,0.98883644,0.079168912,0.60196054,0.04087386
2,2108,0.98608222,0.078277583,0.60234349,0.040792525
2,2109,0.98965595,0.078393977,0.59830554,0.040933906
2,2110,0.98536254,0.078413482,0.6017467,0.040976716
2,2111,0.98536416,0.077431279,0.60613215,0.041058191
2,2112,0.98536416,0.077431279,0.60613215,0.041058191
2,2113,0.98536416,0.077431279,0.60613215,0.041058191
2,2114,0.98006139,0.077222249,0.60898688,0.04094722
2,2115,0.97248708,0.077091882,0.61128991,0.041588765
2,2116,0.97248708,0.077091882,0.61128991,0.041588765
2,2117,0.97413311,0.077415082,0.60956193,0.041178594
2,2118,0.97413311,0.077415082,0.60956193,0.041178594
2,2119,0.97413311,0.077415082,0.60956193,0.041178594
2,2120,0.97980759,0.078294611,0.60773312,0.040798833
2,2121,0.97980759,0.078294611,0.60773312,0.040798833
2,2122,0.97980759,0.078294611,0.60773312,0.040798833
2,2123,0.97980759,0.078294611,0.60773312,0.040798833
2,2124,0.98423776,0.077421634,0.60581887,0.040772898
2,2125,0.98680047,0.078641263,0.60228926,0.040703712
2,2126,0.98680047,0.078641263,0.60228926,0.040703712
2,2127,0.98680047,0.078641263,0.60228926,0.040703712
2,2128,0.98680047,0.078641263,0.60228926,0.040703712
2,2129,0.98512615,0.078249268,0.60537551,0.040580133
2,2130,0.98512615,0.078249268,0.60537551,0.040580133
2,2131,0.98512615,0.078249268,0.60537551,0.040580133
2,2132,0.9844328,0.078852132,0.60284042,0.040956689
2,2133,0.98366685,0.078458886,0.60695747,0.04101993
2,2134,0.9796024,0.078507677,0.60448629,0.040874934
2,2135,0.9796024,0.078507677,0.60448629,0.040874934
2,2136,0.98591501,0.078078326,0.60281249,0.040609528
2,2137,0.99651049,0.078382023,0.60110169,0.040410314
2,2138,0.99511368,0.079518709,0.59826292,0.040218806
2,2139,0.99511368,0.079518709,0.59826292,0.040218806
2,2140,0.99511368,0.079518709,0.59826292,0.040218806
2,2141,0.99511368,0.079518709,0.59826292,0.040218806
2,2142,0.99988371,0.079191288,0.59569288,0.040101381
2,2143,0.99988371,0.079191288,0.59569288,0.040101381
2,2144,1.0015421,0.079248105,0.59430775,0.040341126
2,2145,1.0015421,0.079248105,0.59430775,0.040341126
2,2146,1.0015421,0.079248105,0.59430775,0.040341126
2,2147,1.0015421,0.079248105,0.59430775,0.040341126
2,2148,1.0015421,0.079248105,0.59430775,0.040341126
2,2149,1.0015421,0.079248105,0.59430775,0.040341126
2,2150,1.0021784,0.080362022,0.59397399,0.040270745
2,2151,1.0021784,0.080362022,0.59397399,0.040270745
2,2152,1.0021784,0.080362022,0.59397399,0.040270745
2,2153,1.0087959,0.080035132,0.59248972,0.040170584
2,2154,1.0051679,0.080334217,0.59466991,0.040183015
2,2155,1.0039032,0.080218376,0.59451356,0.039908503
2,2156,1.0039788,0.080363942,0.59294255,0.040082349
2,2157,0.99768432,0.080230765,0.59490265,0.040012369
2,2158,0.99826492,0.079839158,0.59843157,0.04024776
2,2159,0.99992843,0.078977214,0.59744631,0.040083194
2,2160,0.99992843,0.078977214,0.59744631,0.040083194
2,2161,0.99992843,0.078977214,0.59744631,0.040083194
2,2162,1.0091437,0.079841883,0.59114605,0.040064636
2,2163,1.0091437,0.079841883,0.59114605,0.040064636
2,2164,1.0005255,0.079896317,0.59121469,0.040089266
2,2165,1.0066005,0.080208251,0.59138963,0.04034662
2,2166,1.0066005,0.080208251,0.59138963,0.04034662
2,2167,1.0056955,0.080242173,0.59156529,0.040240747
2,2168,1.0075917,0.079668618,0.59193637,0.040155062
2,2169,1.0075917,0.079668618,0.59193637,0.040155062
2,2170,1.0067388,0.07989484,0.59242733,0.039592508
2,2171,1.0096043,0.079856429,0.59043446,0.040037708
2,2172,1.0025666,0.080880535,0.58764477,0.040138964
2,2173,1.007189,0.081826193,0.58983866,0.039855497
2,2174,1.0074481,0.081207078,0.59167337,0.040041723
2,2175,1.004332,0.080441274,0.59390924,0.039726582
2,2176,1.004332,0.080441274,0.59390924,0.039726582
2,2177,1.004332,0.080441274,0.59390924,0.039726582
2,2178,1.004332,0.080441274,0.59390924,0.039726582
2,2179,1.004332,0.080441274,0.59390924,0.039726582
2,2180,1.004332,0.080441274,0.59390924,0.039726582
2,2181,1.004332,0.080441274,0.59390924,0.039726582
2,2182,1.0084746,0.08017778,0.5912206,0.039942018
2,2183,1.0086733,0.080376587,0.58648259,0.039797167
2,2184,1.0086733,0.080376587,0.58648259,0.039797167
2,2185,1.0081248,0.080250812,0.58755168,0.039792106
2,2186,1.0120525,0.081158478,0.58637699,0.039538511
2,2187,1.00709,0.080689877,0.59022613,0.04012102
2,2188,1.00709,0.080689877,0.59022613,0.04012102
2,2189,1.00709,0.080689877,0.59022613,0.04012102
2,2190,1.00709,0.080689877,0.59022613,0.04012102
2,2191,1.0041565,0.080900753,0.59046994,0.039948302
2,2192,1.0135591,0.081147334,0.58638548,0.039901729
2,2193,1.0135591,0.081147334,0.58638548,0.039901729
2,2194,1.0135591,0.081147334,0.58638548,0.039901729
2,2195,1.0135591,0.081147334,0.58638548,0.039901729
2,2196,1.0135591,0.081147334,0.58638548,0.039901729
2,2197,1.0135591,0.081147334,0.58638548,0.039901729
2,2198,1.0135591,0.081147334,0.58638548,0.039901729
2,2199,1.0135591,0.081147334,0.58638548,0.039901729
2,2200,1.0098893,0.081270943,0.58949663,0.039729288
2,2201,1.0098893,0.081270943,0.58949663,0.039729288
2,2202,1.0098893,0.081270943,0.58949663,0.039729288
2,2203,1.0074312,0.080998013,0.5894746,0.039985037
2,2204,1.0074312,0.080998013,0.5894746,0.039985037
2,2205,1.0074312,0.080998013,0.5894746,0.039985037
2,2206,1.0074312,0.080998013,0.5894746,0.039985037
2,2207,1.0074312,0.080998013,0.5894746,0.039985037
2,2208,1.0055508,0.080971601,0.59223265,0.040008404
2,2209,1.0055508,0.080971601,0.59223265,0.040008404
2,2210,1.0057274,0.080424861,0.59157406,0.03984235
2,2211,1.0016678,0.080086063,0.59556553,0.040031401
2,2212,1.0024573,0.079616153,0.59426553,0.039912926
2,2213,1.0024573,0.079616153,0.59426553,0.039912926
2,2214,1.0030687,0.07946332,0.5943985,0.039999699
2,2215,1.0020077,0.079234733,0.59689236,0.039927749
2,2216,0.99753105,0.079350245,0.59968515,0.040008286
2,2217,0.9992782,0.079227161,0.59477847,0.039803673
2,2218,0.99605656,0.080104648,0.5959647,0.04002889
2,2219,0.99659005,0.079349996,0.59335223,0.040412559
2,2220,0.99592616,0.079176756,0.59506284,0.040229241
2,2221,0.99592616,0.079176756,0.59506284,0.040229241
2,2222,0.99592616,0.079176756,0.59506284,0.040229241
2,2223,0.99657848,0.079025139,0.59509728,0.040380002
2,2224,1.0011571,0.079879781,0.59129348,0.040375858
2,2225,0.99923553,0.079992889,0.59364923,0.04027081
2,2226,0.99923553,0.079992889,0.59364923,0.04027081
2,2227,0.99923553,0.079992889,0.59364923,0.04027081
2,2228,0.99923553,0.079992889,0.59364923,0.04027081
2,2229,1.0017636,0.080426209,0.59766551,0.039874393
2,2230,0.99784171,0.079980402,0.59856057,0.040031414
2,2231,0.99784171,0.079980402,0.59856057,0.040031414
2,2232,0.99784171,0.079980402,0.59856057,0.040031414
2,2233,0.99563571,0.078580155,0.59920555,0.040042742
2,2234,1.00086,0.078974102,0.59380444,0.040075999
2,2235,1.00086,0.078974102,0.59380444,0.040075999
2,2236,0.9994667,0.079031498,0.59441442,0.040096216
2,2237,0.9994667,0.079031498,0.59441442,0.040096216
2,2238,0.9994667,0.079031498,0.59441442,0.040096216
2,2239,1.0013602,0.079023872,0.59391685,0.040283383
2,2240,1.0029293,0.079258336,0.59420883,0.04020597
2,2241,1.0004827,0.079763633,0.59632251,0.040010681
2,2242,1.0004827,0.079763633,0.59632251,0.040010681
2,2243,1.0004827,0.079763633,0.59632251,0.040010681
2,2244,1.0004827,0.079763633,0.59632251,0.040010681
2,2245,0.99705889,0.080167579,0.59733049,0.040176754
2,2246,0.99705889,0.080167579,0.59733049,0.040176754
2,2247,0.99705889,0.080167579,0.59733049,0.040176754
2,2248,0.99705889,0.080167579,0.59733049,0.040176754
2,2249,0.99705889,0.080167579,0.59733049,0.040176754
2,2250,0.99705889,0.080167579,0.59733049,0.040176754
2,2251,0.99705889,0.080167579,0.59733049,0.040176754
2,2252,0.99705889,0.080167579,0.59733049,0.040176754
2,2253,1.0008237,0.07946138,0.59413971,0.040605853
2,2254,0.99598834,0.079243895,0.59472805,0.040245322
2,2255,0.99742406,0.079309982,0.59563735,0.040124095
2,2256,0.99742406,0.079309982,0.59563735,0.040124095
2,2257,0.99580528,0.079121421,0.59717794,0.040250767
2,2258,0.99580528,0.079121421,0.59717794,0.040250767
2,2259,0.992012,0.079135121,0.59892818,0.040645478
2,2260,0.992012,0.079135121,0.59892818,0.040645478
2,2261,0.99302961,0.079082655,0.59777365,0.040709495
2,2262,0.99099008,0.079143876,0.59953479,0.040787481
2,2263,0.98742991,0.079001514,0.60093068,0.040842655
2,2264,0.99047831,0.078825221,0.59984581,0.040588185
2,2265,0.99047831,0.078825221,0.59984581,0.040588185
2,2266,0.99230587,0.078683914,0.59736974,0.040823177
2,2267,0.99230587,0.078683914,0.59736974,0.040823177
2,2268,0.99274702,0.079103855,0.59835924,0.040709542
2,2269,0.99274702,0.079103855,0.59835924,0.040709542
2,2270,0.99207535,0.079073647,0.5957432,0.040737011
2,2271,0.99474041,0.079103614,0.59935613,0.040755324
2,2272,0.99474041,0.079103614,0.59935613,0.040755324
2,2273,0.99474041,0.079103614,0.59935613,0.040755324
2,2274,0.99079573,0.079377755,0.5980094,0.040551913
2,2275,0.99914597,0.079157482,0.59877417,0.0403176
2,2276,0.99914597,0.079157482,0.59877417,0.0403176
2,2277,0.99830154,0.079095759,0.59729668,0.039990096
2,2278,0.99830154,0.079095759,0.59729668,0.039990096
2,2279,0.99830154,0.079095759,0.59729668,0.039990096
2,2280,0.99046658,0.078184901,0.60297351,0.040339978
2,2281,0.98974951,0.078465985,0.60044289,0.040466082
2,2282,0.98974951,0.078465985,0.60044289,0.040466082
2,2283,0.99229322,0.078587983,0.60002617,0.04070811
2,2284,0.99214256,0.079031293,0.60143379,0.040677399
2,2285,0.99209745,0.078624907,0.60226927,0.040942399
2,2286,0.99209745,0.078624907,0.60226927,0.040942399
2,2287,0.98920867,0.079102217,0.60387987,0.040713095
2,2288,0.98920867,0.079102217,0.60387987,0.040713095
2,2289,0.98640127,0.07802976,0.60337268,0.04032447
2,2290,0.98640127,0.07802976,0.60337268,0.04032447
2,2291,0.98640845,0.07854501,0.60520155,0.040778573
2,2292,0.98640845,0.07854501,0.60520155,0.040778573
2,2293,0.98640845,0.07854501,0.60520155,0.040778573
2,2294,0.98640845,0.07854501,0.60520155,0.040778573
2,2295,0.98640845,0.07854501,0.60520155,0.040778573
2,2296,0.9868013,0.077570172,0.60381011,0.0411031
2,2297,0.98284196,0.077929871,0.60344745,0.04117887
2,2298,0.98284196,0.077929871,0.60344745,0.04117887
2,2299,0.98284196,0.077929871,0.60344745,0.04117887
2,2300,0.98284196,0.077929871,0.60344745,0.04117887
2,2301,0.98028264,0.077670002,0.60503881,0.041428404
2,2302,0.98028264,0.077670002,0.60503881,0.041428404
2,2303,0.98028264,0.077670002,0.60503881,0.041428404
2,2304,0.98028264,0.077670002,0.60503881,0.041428404
2,2305,0.98067278,0.077866875,0.60468242,0.04111772
2,2306,0.98067278,0.077866875,0.60468242,0.04111772
2,2307,0.98378417,0.078282598,0.60836499,0.040616102
2,2308,0.98502005,0.077893615,0.60662304,0.040458691
2,2309,0.98734243,0.077707575,0.60490208,0.040429478
2,2310,0.98456241,0.076840495,0.60547132,0.040694067
2,2311,0.9808432,0.077240932,0.6068904,0.040793334
2,2312,0.9808432,0.077240932,0.6068904,0.040793334
2,2313,0.9808432,0.077240932,0.6068904,0.040793334
2,2314,0.9808432,0.077240932,0.6068904,0.040793334
2,2315,0.9808432,0.077240932,0.6068904,0.040793334
2,2316,0.97683812,0.077184868,0.60683021,0.041086002
2,2317,0.98490805,0.07730729,0.60692079,0.04109459
2,2318,0.98150907,0.078032858,0.60809682,0.040622993
2,2319,0.98150907,0.078032858,0.60809682,0.040622993
2,2320,0.98150907,0.078032858,0.60809682,0.040622993
2,2321,0.98150907,0.078032858,0.60809682,0.040622993
2,2322,0.98150907,0.078032858,0.60809682,0.040622993
2,2323,0.98361339,0.078267998,0.60538232,0.040769627
2,2324,0.98361339,0.078267998,0.60538232,0.040769627
2,2325,0.98361339,0.078267998,0.60538232,0.040769627
2,2326,0.98480539,0.078027825,0.60484567,0.040672245
2,2327,0.98480539,0.078027825,0.60484567,0.040672245
2,2328,0.98480539,0.078027825,0.60484567,0.040672245
2,2329,0.99348031,0.079149168,0.60012633,0.040715351
2,2330,0.98531427,0.078720201,0.6024175,0.040783594
2,2331,0.98531427,0.078720201,0.6024175,0.040783594
2,2332,0.98531427,0.078720201,0.6024175,0.040783594
2,2333,0.98687701,0.078905036,0.60018169,0.040480608
2,2334,0.98687701,0.078905036,0.60018169,0.040480608
2,2335,0.98841411,0.078932935,0.60253453,0.040606548
2,2336,0.99333716,0.078484986,0.5982776,0.040696929
2,2337,0.99453741,0.078861313,0.59458591,0.040805018
2,2338,1.0022914,0.079151522,0.58983449,0.040599705
2,2339,1.0034664,0.079493926,0.58773427,0.040572608
2,2340,1.0039797,0.08002922,0.58973062,0.040195428
2,2341,1.0039797,0.08002922,0.58973062,0.040195428
2,2342,1.0039797,0.08002922,0.58973062,0.040195428
2,2343,1.0039797,0.08002922,0.58973062,0.040195428
2,2344,1.0023705,0.080331952,0.58799477,0.040397067
2,2345,1.002561,0.080561189,0.59266819,0.04038674
2,2346,1.0011919,0.080686261,0.59202618,0.040322991
2,2347,1.0048986,0.08034101,0.59263989,0.040233519
2,2348,1.0048986,0.08034101,0.59263989,0.040233519
2,2349,1.0048986,0.08034101,0.59263989,0.040233519
2,2350,1.0048986,0.08034101,0.59263989,0.040233519
2,2351,1.0050454,0.080246637,0.59356802,0.040538744
2,2352,1.0050454,0.080246637,0.59356802,0.040538744
2,2353,1.0007962,0.079786084,0.58974755,0.040358722
2,2354,1.0043086,0.080061331,0.5888649,0.040422624
2,2355,1.0041774,0.080802431,0.59230749,0.039973396
2,2356,1.0041774,0.080802431,0.59230749,0.039973396
2,2357,1.0041774,0.080802431,0.59230749,0.039973396
2,2358,1.0041774,0.080802431,0.59230749,0.039973396
2,2359,1.0041774,0.080802431,0.59230749,0.039973396
2,2360,1.0061103,0.08101952,0.59163361,0.039840258
2,2361,1.0019407,0.08062182,0.59016327,0.039734643
2,2362,1.0147423,0.08134807,0.5874908,0.03947289
2,2363,1.0147423,0.08134807,0.5874908,0.03947289
2,2364,1.0076121,0.081388407,0.59025297,0.039817923
2,2365,1.0076121,0.081388407,0.59025297,0.039817923
2,2366,1.0076121,0.081388407,0.59025297,0.039817923
2,2367,1.0076121,0.081388407,0.59025297,0.039817923
2,2368,1.0076121,0.081388407,0.59025297,0.039817923
2,2369,1.0076121,0.081388407,0.59025297,0.039817923
2,2370,1.0076121,0.081388407,0.59025297,0.039817923
2,2371,1.0076121,0.081388407,0.59025297,0.039817923
2,2372,1.0076121,0.081388407,0.59025297,0.039817923
2,2373,1.0076121,0.081388407,0.59025297,0.039817923
2,2374,1.0076121,0.081388407,0.59025297,0.039817923
2,2375,1.0076121,0.081388407,0.59025297,0.039817923
2,2376,1.0076121,0.081388407,0.59025297,0.039817923
2,2377,1.0076121,0.081388407,0.59025297,0.039817923
2,2378,1.0076121,0.081388407,0.59025297,0.039817923
2,2379,1.0103162,0.081514179,0.58722498,0.039912041
2,2380,1.0103162,0.081514179,0.58722498,0.039912041
2,2381,1.0148156,0.080770949,0.5869521,0.039603366
2,2382,1.0148156,0.080770949,0.5869521,0.039603366
2,2383,1.01556,0.081099714,0.5855239,0.039592639
2,2384,1.01556,0.081099714,0.5855239,0.039592639
2,2385,1.0105105,0.081455342,0.58859937,0.039884591
2,2386,1.0103492,0.080978838,0.58999477,0.039944875
2,2387,1.0081314,0.081176738,0.58697336,0.040055389
2,2388,1.0084991,0.079857825,0.59010418,0.040079116
2,2389,1.0122951,0.081400497,0.58388471,0.039744742
2,2390,1.0122951,0.081400497,0.58388471,0.039744742
2,2391,1.0122951,0.081400497,0.58388471,0.039744742
2,2392,1.0122951,0.081400497,0.58388471,0.039744742
2,2393,1.0121018,0.080954558,0.58690734,0.039853053
2,2394,1.0146165,0.080296808,0.58716188,0.039835973
2,2395,1.0146165,0.080296808,0.58716188,0.039835973
2,2396,1.0111031,0.081404277,0.58698395,0.039476477
2,2397,1.0111031,0.081404277,0.58698395,0.039476477
2,2398,1.0111031,0.081404277,0.58698395,0.039476477
2,2399,1.0123836,0.081825517,0.58441375,0.039683948
2,2400,1.0123836,0.081825517,0.58441375,0.039683948
2,2401,1.0175283,0.081295352,0.58524793,0.039638285
2,2402,1.0175283,0.081295352,0.58524793,0.039638285
2,2403,1.0176712,0.081133599,0.58447657,0.039689723
2,2404,1.0176712,0.081133599,0.58447657,0.039689723
2,2405,1.0224995,0.082403961,0.5813796,0.039486062
2,2406,1.0190898,0.081012203,0.58640588,0.039408805
2,2407,1.0256525,0.081958618,0.58008485,0.039478519
2,2408,1.0236857,0.081833457,0.58078721,0.039720426
2,2409,1.0236857,0.081833457,0.58078721,0.039720426
2,2410,1.0236857,0.081833457,0.58078721,0.039720426
2,2411,1.0200872,0.081549564,0.58077949,0.039425288
2,2412,1.0200872,0.081549564,0.58077949,0.039425288
2,2413,1.0200872,0.081549564,0.58077949,0.039425288
2,2414,1.0159264,0.081798445,0.58667727,0.039427463
2,2415,1.0095129,0.08204143,0.58498064,0.039788512
2,2416,1.0196121,0.082079699,0.58254889,0.039172224
2,2417,1.0221172,0.082651313,0.58237555,0.039331065
2,2418,1.0242482,0.082069725,0.58079095,0.039212692
2,2419,1.0242482,0.082069725,0.58079095,0.039212692
2,2420,1.0242482,0.082069725,0.58079095,0.039212692
2,2421,1.0242482,0.082069725,0.58079095,0.039212692
2,2422,1.0154941,0.082346633,0.58168368,0.039869711
2,2423,1.0152379,0.082184889,0.58222284,0.039913072
2,2424,1.0163424,0.081587965,0.58529271,0.03989149
2,2425,1.0187361,0.081957633,0.58425225,0.039535886
2,2426,1.0106792,0.081732991,0.58563636,0.039781277
2,2427,1.0106792,0.081732991,0.58563636,0.039781277
2,2428,1.0106792,0.081732991,0.58563636,0.039781277
2,2429,1.008031,0.08180966,0.58891291,0.039922182
2,2430,1.0102486,0.081122259,0.59036567,0.039670782
2,2431,1.0102486,0.081122259,0.59036567,0.039670782
2,2432,1.0102486,0.081122259,0.59036567,0.039670782
2,2433,1.0146768,0.08142372,0.58864721,0.039524021
2,2434,1.0146768,0.08142372,0.58864721,0.039524021
2,2435,1.0163016,0.081915267,0.58463355,0.039650569
2,2436,1.0163016,0.081915267,0.58463355,0.039650569
2,2437,1.0163016,0.081915267,0.58463355,0.039650569
2,2438,1.012999,0.081236122,0.58785452,0.03991983
2,2439,1.012999,0.081236122,0.58785452,0.03991983
2,2440,1.012999,0.081236122,0.58785452,0.03991983
2,2441,1.0125025,0.080545453,0.58663399,0.039769126
2,2442,1.0125025,0.080545453,0.58663399,0.039769126
2,2443,1.0175323,0.081542806,0.58494596,0.039447292
2,2444,1.0175323,0.081542806,0.58494596,0.039447292
2,2445,1.0175323,0.081542806,0.58494596,0.039447292
2,2446,1.0175323,0.081542806,0.58494596,0.039447292
2,2447,1.0175323,0.081542806,0.58494596,0.039447292
2,2448,1.0170834,0.082124063,0.58105633,0.039703124
2,2449,1.0170834,0.082124063,0.58105633,0.039703124
2,2450,1.0178213,0.082357868,0.58101813,0.039658251
2,2451,1.0194715,0.082380027,0.58094086,0.039532242
2,2452,1.0174067,0.082062847,0.58479239,0.039308379
2,2453,1.0174067,0.082062847,0.58479239,0.039308379
2,2454,1.0148655,0.080858937,0.58738405,0.039466435
2,2455,1.0145851,0.08201584,0.58819306,0.039363692
2,2456,1.0145851,0.08201584,0.58819306,0.039363692
2,2457,1.0145851,0.08201584,0.58819306,0.039363692
2,2458,1.0145851,0.08201584,0.58819306,0.039363692
2,2459,1.0143295,0.082187698,0.58488689,0.039388125
2,2460,1.0143295,0.082187698,0.58488689,0.039388125
2,2461,1.0143295,0.082187698,0.58488689,0.039388125
2,2462,1.0133844,0.082288798,0.58416554,0.039526273
2,2463,1.0133844,0.082288798,0.58416554,0.039526273
2,2464,1.0133844,0.082288798,0.58416554,0.039526273
2,2465,1.0183391,0.082939731,0.58176048,0.03938485
2,2466,1.0179984,0.08233411,0.58687376,0.039454541
2,2467,1.0175594,0.082246945,0.58770175,0.039377018
2,2468,1.0186288,0.082980615,0.58462432,0.039306897
2,2469,1.0182585,0.082493572,0.58194577,0.03942793
2,2470,1.0182585,0.082493572,0.58194577,0.03942793
2,2471,1.0182585,0.082493572,0.58194577,0.03942793
2,2472,1.0154792,0.081753981,0.58672798,0.039529094
2,2473,1.0154792,0.081753981,0.58672798,0.039529094
2,2474,1.0154792,0.081753981,0.58672798,0.039529094
2,2475,1.0220665,0.081582603,0.58157157,0.039552234
2,2476,1.0220665,0.081582603,0.58157157,0.039552234
2,2477,1.025692,0.082374013,0.57800762,0.03974055
2,2478,1.025692,0.082374013,0.57800762,0.03974055
2,2479,1.025692,0.082374013,0.57800762,0.03974055
2,2480,1.0211182,0.08244395,0.58086098,0.039406683
2,2481,1.0211182,0.08244395,0.58086098,0.039406683
2,2482,1.0242002,0.082632285,0.57855653,0.039359193
2,2483,1.0242002,0.082632285,0.57855653,0.039359193
2,2484,1.0242002,0.082632285,0.57855653,0.039359193
2,2485,1.0254275,0.082499293,0.58008473,0.039271788
2,2486,1.0254275,0.082499293,0.58008473,0.039271788
2,2487,1.0254275,0.082499293,0.58008473,0.039271788
2,2488,1.0254275,0.082499293,0.58008473,0.039271788
2,2489,1.0234902,0.082231837,0.58063401,0.03919914
2,2490,1.0234902,0.082231837,0.58063401,0.03919914
2,2491,1.0234902,0.082231837,0.58063401,0.03919914
2,2492,1.0234902,0.082231837,0.58063401,0.03919914
2,2493,1.0234902,0.082231837,0.58063401,0.03919914
2,2494,1.0234902,0.082231837,0.58063401,0.03919914
2,2495,1.0166478,0.082201485,0.58267858,0.039607272
2,2496,1.0166478,0.082201485,0.58267858,0.039607272
2,2497,1.0166478,0.082201485,0.58267858,0.039607272
2,2498,1.0156723,0.082468678,0.58271721,0.039455617
2,2499,1.0204964,0.081662435,0.58332714,0.039500374
3,0,1.0188191,0.082451628,0.58377005,0.039634249
3,1,1.0188191,0.082451628,0.58377005,0.039634249
3,2,1.0188191,0.082451628,0.58377005,0.039634249
3,3,1.0188191,0.082451628,0.58377005,0.039634249
3,4,1.0188191,0.082451628,0.58377005,0.039634249
3,5,1.0188191,0.082451628,0.58377005,0.039634249
3,6,1.0163575,0.08102235,0.58559257,0.039572602
3,7,1.0158021,0.081155313,0.58599004,0.039805593
3,8,1.0158021,0.081155313,0.58599004,0.039805593
3,9,1.0158021,0.081155313,0.58599004,0.039805593
3,10,1.0158021,0.081155313,0.58599004,0.039805593
3,11,1.0052102,0.081167639,0.59128353,0.039815865
3,12,1.0088535,0.080845143,0.58811347,0.040015695
3,13,1.0088535,0.080845143,0.58811347,0.040015695
3,14,1.0088535,0.080845143,0.58811347,0.040015695
3,15,1.0099565,0.080315109,0.58846237,0.04006969
3,16,1.0062327,0.080540929,0.58997884,0.039926343
3,17,1.0045905,0.079713626,0.59464538,0.039687142
3,18,1.0017043,0.079406922,0.59549908,0.039717944
3,19,0.99876203,0.079666342,0.59700027,0.040036574
3,20,0.99876203,0.079666342,0.59700027,0.040036574
3,21,0.99833459,0.079330548,0.59874712,0.040094608
3,22,0.99833459,0.079330548,0.59874712,0.040094608
3,23,0.99833459,0.079330548,0.59874712,0.040094608
3,24,0.99833459,0.079330548,0.59874712,0.040094608
3,25,0.99738544,0.079415398,0.59722634,0.040262724
3,26,0.99738544,0.079415398,0.59722634,0.040262724
3,27,0.99738544,0.079415398,0.59722634,0.040262724
3,28,0.99738544,0.079415398,0.59722634,0.040262724
3,29,0.99738544,0.079415398,0.59722634,0.040262724
3,30,0.9954322,0.079392099,0.59710755,0.040383671
3,31,0.9954322,0.079392099,0.59710755,0.040383671
3,32,0.99381537,0.079604632,0.59774901,0.040348992
3,33,0.99381537,0.079604632,0.59774901,0.040348992
3,34,0.99262959,0.078874799,0.59808449,0.040467639
3,35,0.99262959,0.078874799,0.59808449,0.040467639
3,36,0.99262959,0.078874799,0.59808449,0.040467639
3,37,0.99262959,0.078874799,0.59808449,0.040467639
3,38,0.99262959,0.078874799,0.59808449,0.040467639
3,39,0.99262959,0.078874799,0.59808449,0.040467639
3,40,0.99262959,0.078874799,0.59808449,0.040467639
3,41,0.99262959,0.078874799,0.59808449,0.040467639
3,42,0.9934051,0.079486365,0.59637013,0.040370439
3,43,0.9934051,0.079486365,0.59637013,0.040370439
3,44,0.9934051,0.079486365,0.59637013,0.040370439
3,45,0.9934051,0.079486365,0.59637013,0.040370439
3,46,0.9934051,0.079486365,0.59637013,0.040370439
3,47,0.9934051,0.079486365,0.59637013,0.040370439
3,48,0.99769647,0.079525828,0.59970966,0.04038366
3,49,0.99175744,0.079706231,0.59630466,0.040147326
3,50,0.9994835,0.079229137,0.59754567,0.040178219
3,51,0.99956779,0.079850904,0.5953138,0.039914817
3,52,0.99956779,0.079850904,0.5953138,0.039914817
3,53,1.0027441,0.079662297,0.59243761,0.040019003
3,54,1.0103282,0.080216042,0.59162643,0.039879673
3,55,1.0069468,0.080471933,0.58958003,0.039892031
3,56,1.0069468,0.080471933,0.58958003,0.039892031
3,57,1.0069468,0.080471933,0.58958003,0.039892031
3,58,1.0069468,0.080471933,0.58958003,0.039892031
3,59,1.0069468,0.080471933,0.58958003,0.039892031
3,60,1.0069468,0.080471933,0.58958003,0.039892031
3,61,1.0069468,0.080471933,0.58958003,0.039892031
3,62,1.0052731,0.080835836,0.59159373,0.040130239
3,63,1.0052731,0.080835836,0.59159373,0.040130239
3,64,1.0069952,0.081196518,0.5901574,0.039982455
3,65,1.0096107,0.081959693,0.58756571,0.039837269
3,66,1.0096107,0.081959693,0.58756571,0.039837269
3,67,1.0081293,0.081398739,0.59153557,0.0397035
3,68,1.0081293,0.081398739,0.59153557,0.0397035
3,69,1.0081293,0.081398739,0.59153557,0.0397035
3,70,1.0106551,0.082071101,0.58663367,0.039758222
3,71,1.0106551,0.082071101,0.58663367,0.039758222
3,72,1.0139859,0.081904595,0.58821585,0.039512498
3,73,1.0139859,0.081904595,0.58821585,0.039512498
3,74,1.0151775,0.081844248,0.58706781,0.039502927
3,75,1.0151775,0.081844248,0.58706781,0.039502927
3,76,1.0151775,0.081844248,0.58706781,0.039502927
3,77,1.025024,0.082299516,0.58057691,0.03949015
3,78,1.025024,0.082299516,0.58057691,0.03949015
3,79,1.0220569,0.082338312,0.57971331,0.039428139
3,80,1.0220569,0.082338312,0.57971331,0.039428139
3,81,1.0149837,0.081948584,0.58152794,0.039575566
3,82,1.0149837,0.081948584,0.58152794,0.039575566
3,83,1.0149837,0.081948584,0.58152794,0.039575566
3,84,1.0149837,0.081948584,0.58152794,0.039575566
3,85,1.0147766,0.081453757,0.58378847,0.03960792
3,86,1.0200731,0.081994565,0.58579788,0.039389179
3,87,1.0163276,0.081978905,0.58426667,0.039515822
3,88,1.0163276,0.081978905,0.58426667,0.039515822
3,89,1.0176953,0.081866664,0.58503964,0.0392941
3,90,1.0176953,0.081866664,0.58503964,0.0392941
3,91,1.0176953,0.081866664,0.58503964,0.0392941
3,92,1.0176953,0.081866664,0.58503964,0.0392941
3,93,1.023757,0.081813685,0.58104628,0.039518094
3,94,1.0247186,0.082012388,0.58037471,0.039307557
3,95,1.0213485,0.082270958,0.58369317,0.039185114
3,96,1.0213485,0.082270958,0.58369317,0.039185114
3,97,1.0213485,0.082270958,0.58369317,0.039185114
3,98,1.0212282,0.082422487,0.58322267,0.039299351
3,99,1.0211354,0.081784431,0.58233359,0.039381317
3,100,1.0211354,0.081784431,0.58233359,0.039381317
3,101,1.0211354,0.081784431,0.58233359,0.039381317
3,102,1.0211354,0.081784431,0.58233359,0.039381317
3,103,1.0222581,0.082368664,0.58388694,0.039251002
3,104,1.0173842,0.082859806,0.58246361,0.03949314
3,105,1.0221535,0.0822746,0.58403964,0.039459639
3,106,1.0197719,0.081371459,0.58100591,0.039785154
3,107,1.0117817,0.081432296,0.58639534,0.039990332
3,108,1.0117817,0.081432296,0.58639534,0.039990332
3,109,1.0117817,0.081432296,0.58639534,0.039990332
3,110,1.0091889,0.080272218,0.59240286,0.039744898
3,111,1.0068984,0.079549693,0.59398725,0.040131536
3,112,1.0006827,0.079189943,0.59615102,0.040279159
3,113,0.99434311,0.07912856,0.60000318,0.040262627
3,114,0.9893413,0.079299223,0.5996714,0.040373749
3,115,0.99754269,0.079835183,0.59834947,0.039961819
3,116,0.99341966,0.07975875,0.59984142,0.04046242
3,117,0.99341966,0.07975875,0.59984142,0.04046242
3,118,0.99605329,0.07970586,0.59802271,0.04025494
3,119,0.99605329,0.07970586,0.59802271,0.04025494
3,120,0.99605329,0.07970586,0.59802271,0.04025494
3,121,1.0007556,0.079925627,0.59350286,0.040220167
3,122,1.0007556,0.079925627,0.59350286,0.040220167
3,123,1.0007556,0.079925627,0.59350286,0.040220167
3,124,1.0007556,0.079925627,0.59350286,0.040220167
3,125,1.0007556,0.079925627,0.59350286,0.040220167
3,126,1.0007556,0.079925627,0.59350286,0.040220167
3,127,0.99726409,0.079769449,0.59413837,0.040233211
3,128,0.99726409,0.079769449,0.59413837,0.040233211
3,129,0.99726409,0.079769449,0.59413837,0.040233211
3,130,0.99726409,0.079769449,0.59413837,0.040233211
3,131,0.99726409,0.079769449,0.59413837,0.040233211
3,132,1.0027987,0.08025654,0.59582787,0.039920765
3,133,1.0018061,0.080286123,0.59572538,0.039782151
3,134,1.0030601,0.080090362,0.59418652,0.039716051
3,135,1.0030601,0.080090362,0.59418652,0.039716051
3,136,1.0030601,0.080090362,0.59418652,0.039716051
3,137,1.0047048,0.080217033,0.59421377,0.03965075
3,138,1.0037476,0.079434838,0.59223392,0.039874051
3,139,1.0050568,0.079374776,0.59340092,0.040497365
3,140,0.99967055,0.078774049,0.59872767,0.040706428
3,141,0.98862976,0.078645231,0.60163654,0.040597502
3,142,0.98862976,0.078645231,0.60163654,0.040597502
3,143,0.98862976,0.078645231,0.60163654,0.040597502
3,144,0.99112802,0.078982839,0.60075511,0.04074527
3,145,0.99112802,0.078982839,0.60075511,0.04074527
3,146,0.9912884,0.079192508,0.59933278,0.040721861
3,147,0.9912884,0.079192508,0.59933278,0.040721861
3,148,0.9912884,0.079192508,0.59933278,0.040721861
3,149,0.99393371,0.079630202,0.59916658,0.040246999
3,150,0.99393371,0.079630202,0.59916658,0.040246999
3,151,0.99749524,0.080433989,0.59775116,0.04023311
3,152,0.99862515,0.079555391,0.59761051,0.040245841
3,153,0.99862515,0.079555391,0.59761051,0.040245841
3,154,0.99862515,0.079555391,0.59761051,0.040245841
3,155,0.99866109,0.079922687,0.59579373,0.040455325
3,156,0.99866109,0.079922687,0.59579373,0.040455325
3,157,1.0017662,0.079651611,0.59642362,0.040200145
3,158,1.0003719,0.079845048,0.59873844,0.040173922
3,159,1.0005415,0.08008146,0.59443685,0.040233412
3,160,1.0005415,0.08008146,0.59443685,0.040233412
3,161,1.0005415,0.08008146,0.59443685,0.040233412
3,162,0.994663,0.079953156,0.59672323,0.040537543
3,163,0.994663,0.079953156,0.59672323,0.040537543
3,164,1.0034105,0.080262621,0.59326089,0.039956992
3,165,1.0034105,0.080262621,0.59326089,0.039956992
3,166,1.0034105,0.080262621,0.59326089,0.039956992
3,167,1.0068922,0.080197363,0.5933162,0.039926565
3,168,1.0068922,0.080197363,0.5933162,0.039926565
3,169,1.0047613,0.080107217,0.59156122,0.039850877
3,170,1.0006118,0.079453476,0.59326827,0.040057159
3,171,1.0014833,0.080247968,0.59499312,0.040038065
3,172,1.0014833,0.080247968,0.59499312,0.040038065
3,173,1.0014833,0.080247968,0.59499312,0.040038065
3,174,1.01198,0.080593076,0.58945661,0.04006656
3,175,1.007019,0.081278326,0.59110454,0.039501051
3,176,1.007019,0.081278326,0.59110454,0.039501051
3,177,1.0105506,0.081242665,0.58723941,0.039714025
3,178,1.0105506,0.081242665,0.58723941,0.039714025
3,179,1.0102252,0.0813199,0.58903119,0.039958651
3,180,1.0102252,0.0813199,0.58903119,0.039958651
3,181,1.0097611,0.081166711,0.58798743,0.039848217
3,182,1.0097611,0.081166711,0.58798743,0.039848217
3,183,1.016955,0.081147258,0.58512604,0.039882658
3,184,1.016955,0.081147258,0.58512604,0.039882658
3,185,1.016955,0.081147258,0.58512604,0.039882658
3,186,1.0090849,0.080828318,0.5875416,0.039726941
3,187,1.0090849,0.080828318,0.5875416,0.039726941
3,188,1.0151307,0.081120054,0.5857272,0.039827796
3,189,1.0104102,0.081068149,0.58898147,0.039766543
3,190,1.0104102,0.081068149,0.58898147,0.039766543
3,191,1.0104102,0.081068149,0.58898147,0.039766543
3,192,1.006196,0.081115594,0.59294158,0.039559186
3,193,1.006196,0.081115594,0.59294158,0.039559186
3,194,1.0056635,0.080964975,0.58813747,0.039752207
3,195,1.0075964,0.081748594,0.58841384,0.04006928
3,196,1.0075964,0.081748594,0.58841384,0.04006928
3,197,1.0075964,0.081748594,0.58841384,0.04006928
3,198,1.0075964,0.081748594,0.58841384,0.04006928
3,199,1.0091453,0.081582069,0.5919295,0.039644226
3,200,1.0096477,0.081516421,0.59030335,0.039718597
3,201,1.0096477,0.081516421,0.59030335,0.039718597
3,202,1.0096477,0.081516421,0.59030335,0.039718597
3,203,1.0095866,0.080734953,0.59094586,0.039614188
3,204,1.0077191,0.081121785,0.59230045,0.039582193
3,205,1.0077191,0.081121785,0.59230045,0.039582193
3,206,1.0100033,0.081420894,0.58648959,0.039504236
3,207,1.0177037,0.080934546,0.58575051,0.039675171
3,208,1.0148497,0.080837934,0.58474543,0.039939637
3,209,1.0148497,0.080837934,0.58474543,0.039939637
3,210,1.0085018,0.080930026,0.5887007,0.039797201
3,211,1.0085018,0.080930026,0.5887007,0.039797201
3,212,1.0123839,0.080831648,0.5882873,0.039755913
3,213,1.0123839,0.080831648,0.5882873,0.039755913
3,214,1.0123839,0.080831648,0.5882873,0.039755913
3,215,1.0127737,0.081281316,0.58623401,0.039587568
3,216,1.0096597,0.080478762,0.59203786,0.039855179
3,217,1.0096597,0.080478762,0.59203786,0.039855179
3,218,1.0093664,0.080774525,0.58918947,0.039735411
3,219,1.0093664,0.080774525,0.58918947,0.039735411
3,220,1.0094901,0.080936707,0.58612125,0.039927489
3,221,1.0079258,0.080897619,0.58582893,0.039970988
3,222,1.0133328,0.081055813,0.58566303,0.039709074
3,223,1.0133328,0.081055813,0.58566303,0.039709074
3,224,1.0133328,0.081055813,0.58566303,0.039709074
3,225,1.0133328,0.081055813,0.58566303,0.039709074
3,226,1.0133328,0.081055813,0.58566303,0.039709074
3,227,1.0133328,0.081055813,0.58566303,0.039709074
3,228,1.0133328,0.081055813,0.58566303,0.039709074
3,229,1.0133328,0.081055813,0.58566303,0.039709074
3,230,1.0098251,0.08081877,0.58792562,0.039595109
3,231,1.0098251,0.08081877,0.58792562,0.039595109
3,232,1.00634,0.081241875,0.59197078,0.039774086
3,233,1.00634,0.081241875,0.59197078,0.039774086
3,234,1.0081223,0.080269835,0.58934499,0.039818291
3,235,1.0081223,0.080269835,0.58934499,0.039818291
3,236,1.0081223,0.080269835,0.58934499,0.039818291
3,237,1.0081223,0.080269835,0.58934499,0.039818291
3,238,1.0081223,0.080269835,0.58934499,0.039818291
3,239,1.0110777,0.080695596,0.58733228,0.040158085
3,240,1.0052816,0.080979917,0.59509176,0.039977176
3,241,1.0061517,0.081075715,0.59487992,0.039851359
3,242,1.0061517,0.081075715,0.59487992,0.039851359
3,243,1.0026683,0.080509572,0.5942734,0.03977941
3,244,1.0026683,0.080509572,0.5942734,0.03977941
3,245,1.0026683,0.080509572,0.5942734,0.03977941
3,246,1.0026683,0.080509572,0.5942734,0.03977941
3,247,1.0026683,0.080509572,0.5942734,0.03977941
3,248,1.0044336,0.080377503,0.5950466,0.039620945
3,249,1.0044336,0.080377503,0.5950466,0.039620945
3,250,1.00143,0.080262813,0.59640627,0.039786983
3,251,1.00143,0.080262813,0.59640627,0.039786983
3,252,0.99510464,0.079636156,0.59931174,0.039954948
3,253,0.99510464,0.079636156,0.59931174,0.039954948
3,254,0.99835492,0.08022625,0.59979559,0.04013399
3,255,0.99851549,0.080027624,0.59823222,0.040146476
3,256,0.99724531,0.079741666,0.59735061,0.040027584
3,257,0.99724531,0.079741666,0.59735061,0.040027584
3,258,0.99724531,0.079741666,0.59735061,0.040027584
3,259,0.99724531,0.079741666,0.59735061,0.040027584
3,260,0.99724531,0.079741666,0.59735061,0.040027584
3,261,0.99724531,0.079741666,0.59735061,0.040027584
3,262,0.99724531,0.079741666,0.59735061,0.040027584
3,263,0.99724531,0.079741666,0.59735061,0.040027584
3,264,0.99488231,0.080218112,0.59842494,0.040075288
3,265,0.99474048,0.079913643,0.59662545,0.040109631
3,266,0.99474048,0.079913643,0.59662545,0.040109631
3,267,1.000173,0.079601711,0.59662521,0.040220835
3,268,1.000173,0.079601711,0.59662521,0.040220835
3,269,1.0001823,0.079456882,0.5936177,0.039820811
3,270,1.0101806,0.080200775,0.59382823,0.039752712
3,271,1.0064438,0.080138064,0.5931102,0.040166962
3,272,1.00081,0.079738014,0.58987938,0.040284146
3,273,0.99800036,0.080031612,0.59452749,0.040549573
3,274,0.99716984,0.079630022,0.59499849,0.040403627
3,275,1.0012169,0.078972077,0.59346263,0.040441805
3,276,1.0025572,0.079389297,0.59455231,0.040646693
3,277,0.99993922,0.07999958,0.59380068,0.039954317
3,278,1.0020098,0.080573197,0.59618537,0.040166858
3,279,1.0020098,0.080573197,0.59618537,0.040166858
3,280,1.0020098,0.080573197,0.59618537,0.040166858
3,281,1.0020098,0.080573197,0.59618537,0.040166858
3,282,1.0014138,0.080004676,0.59517815,0.040140957
3,283,1.0014138,0.080004676,0.59517815,0.040140957
3,284,1.0014138,0.080004676,0.59517815,0.040140957
3,285,1.0014138,0.080004676,0.59517815,0.040140957
3,286,1.0014138,0.080004676,0.59517815,0.040140957
3,287,1.0014138,0.080004676,0.59517815,0.040140957
3,288,0.99525316,0.079123995,0.59490769,0.040483015
3,289,0.99932901,0.08001426,0.59492827,0.040263721
3,290,0.99932901,0.08001426,0.59492827,0.040263721
3,291,0.99932901,0.08001426,0.59492827,0.040263721
3,292,0.99932901,0.08001426,0.59492827,0.040263721
3,293,0.99858558,0.080630335,0.59485708,0.040461892
3,294,1.0039732,0.080279873,0.59593279,0.040255579
3,295,1.004491,0.079123466,0.59380485,0.040227598
3,296,1.004491,0.079123466,0.59380485,0.040227598
3,297,1.0039166,0.079399511,0.59496018,0.040265376
3,298,1.0004865,0.079593119,0.59580542,0.039862353
3,299,1.003253,0.079621773,0.5967268,0.039809512
3,300,1.003253,0.079621773,0.5967268,0.039809512
3,301,1.0015636,0.08022476,0.59580859,0.04010546
3,302,0.9973452,0.080107618,0.59392228,0.04021782
3,303,0.99666828,0.08079405,0.5924984,0.040176651
3,304,0.99515669,0.079886691,0.60062835,0.040043127
3,305,0.99290863,0.079589879,0.6027855,0.040084409
3,306,0.99006901,0.078722501,0.60147812,0.040331195
3,307,0.99006901,0.078722501,0.60147812,0.040331195
3,308,0.9894825,0.077840975,0.60282959,0.040805231
3,309,0.9894825,0.077840975,0.60282959,0.040805231
3,310,0.9894825,0.077840975,0.60282959,0.040805231
3,311,0.9894825,0.077840975,0.60282959,0.040805231
3,312,0.98878998,0.077823788,0.60227292,0.040903609
3,313,0.98878998,0.077823788,0.60227292,0.040903609
3,314,0.98587952,0.077237423,0.60295705,0.041256181
3,315,0.98118969,0.077334751,0.6070492,0.041015724
3,316,0.98118969,0.077334751,0.6070492,0.041015724
3,317,0.98118969,0.077334751,0.6070492,0.041015724
3,318,0.98118969,0.077334751,0.6070492,0.041015724
3,319,0.98118969,0.077334751,0.6070492,0.041015724
3,320,0.98108403,0.077498987,0.60494085,0.041063246
3,321,0.98122357,0.077665656,0.60585477,0.041103027
3,322,0.98122357,0.077665656,0.60585477,0.041103027
3,323,0.98122357,0.077665656,0.60585477,0.041103027
3,324,0.98122357,0.077665656,0.60585477,0.041103027
3,325,0.98122357,0.077665656,0.60585477,0.041103027
3,326,0.98122357,0.077665656,0.60585477,0.041103027
3,327,0.98122357,0.077665656,0.60585477,0.041103027
3,328,0.98174272,0.078333418,0.60295423,0.040883261
3,329,0.98174272,0.078333418,0.60295423,0.040883261
3,330,0.98250229,0.078209054,0.60243024,0.040670523
3,331,0.98250229,0.078209054,0.60243024,0.040670523
3,332,0.98998264,0.078742161,0.6052243,0.040769323
3,333,0.98099177,0.07753488,0.60315517,0.041052833
3,334,0.98099177,0.07753488,0.60315517,0.041052833
3,335,0.9827723,0.077449494,0.6035251,0.041243804
3,336,0.9827723,0.077449494,0.6035251,0.041243804
3,337,0.98578555,0.077831893,0.60451762,0.041063594
3,338,0.98578555,0.077831893,0.60451762,0.041063594
3,339,0.98578555,0.077831893,0.60451762,0.041063594
3,340,0.98106291,0.07833932,0.60357536,0.041015021
3,341,0.97734564,0.07777109,0.60908427,0.041093137
3,342,0.97734564,0.07777109,0.60908427,0.041093137
3,343,0.97734564,0.07777109,0.60908427,0.041093137
3,344,0.97723715,0.077511446,0.60787611,0.041414872
3,345,0.97652062,0.07778673,0.6071339,0.04133095
3,346,0.97652062,0.07778673,0.6071339,0.04133095
3,347,0.97652062,0.07778673,0.6071339,0.04133095
3,348,0.97751465,0.077019276,0.60994481,0.041392203
3,349,0.98089566,0.07704856,0.60748362,0.041164019
3,350,0.98089566,0.07704856,0.60748362,0.041164019
3,351,0.98089566,0.07704856,0.60748362,0.041164019
3,352,0.98089566,0.07704856,0.60748362,0.041164019
3,353,0.97383102,0.077206814,0.60910344,0.040988956
3,354,0.97383102,0.077206814,0.60910344,0.040988956
3,355,0.98278082,0.076930658,0.60593102,0.041033232
3,356,0.98383871,0.077742626,0.6072352,0.040995578
3,357,0.98229718,0.077225351,0.60775729,0.041304858
3,358,0.98229718,0.077225351,0.60775729,0.041304858
3,359,0.97884615,0.077033472,0.60703853,0.041198857
3,360,0.97884615,0.077033472,0.60703853,0.041198857
3,361,0.97884615,0.077033472,0.60703853,0.041198857
3,362,0.97884615,0.077033472,0.60703853,0.041198857
3,363,0.97884615,0.077033472,0.60703853,0.041198857
3,364,0.97884615,0.077033472,0.60703853,0.041198857
3,365,0.97884615,0.077033472,0.60703853,0.041198857
3,366,0.97884615,0.077033472,0.60703853,0.041198857
3,367,0.9798352,0.077191268,0.60732425,0.041079119
3,368,0.97629184,0.077398771,0.608363,0.041310327
3,369,0.97629184,0.077398771,0.608363,0.041310327
3,370,0.97728073,0.077829078,0.60694023,0.040741305
3,371,0.97979186,0.07804275,0.60779787,0.040567017
3,372,0.97725255,0.077873282,0.60677523,0.0411395
3,373,0.98045423,0.077221318,0.60534796,0.041041399
3,374,0.98365204,0.077620718,0.60661152,0.041134693
3,375,0.98913178,0.078282509,0.60636713,0.040888262
3,376,0.98913178,0.078282509,0.60636713,0.040888262
3,377,0.9934302,0.078337428,0.60187438,0.040629556
3,378,0.9934302,0.078337428,0.60187438,0.040629556
3,379,0.98518257,0.078786927,0.60303741,0.040460735
3,380,0.99777079,0.079500986,0.59691225,0.040502653
3,381,0.99404383,0.079056515,0.60046133,0.040464996
3,382,0.99404383,0.079056515,0.60046133,0.040464996
3,383,0.98925561,0.079069691,0.60121369,0.040633621
3,384,0.98925561,0.079069691,0.60121369,0.040633621
3,385,0.98925561,0.079069691,0.60121369,0.040633621
3,386,0.98564613,0.079196545,0.60026886,0.040540994
3,387,0.98564613,0.079196545,0.60026886,0.040540994
3,388,0.98564613,0.079196545,0.60026886,0.040540994
3,389,0.98566654,0.078554434,0.5999501,0.040786629
3,390,0.98700514,0.078552046,0.60221931,0.040723301
3,391,0.98700514,0.078552046,0.60221931,0.040723301
3,392,0.98700514,0.078552046,0.60221931,0.040723301
3,393,0.98700514,0.078552046,0.60221931,0.040723301
3,394,0.98700514,0.078552046,0.60221931,0.040723301
3,395,0.98700514,0.078552046,0.60221931,0.040723301
3,396,0.98700514,0.078552046,0.60221931,0.040723301
3,397,0.98923626,0.078844585,0.60463671,0.040802263
3,398,0.98383717,0.078970714,0.60349935,0.04082982
3,399,0.98706908,0.078054769,0.60039539,0.040756234
3,400,0.99216722,0.078311744,0.6000907,0.04101184
3,401,0.99250779,0.078499933,0.59904057,0.041061008
3,402,0.99250779,0.078499933,0.59904057,0.041061008
3,403,0.99121171,0.078128702,0.6020869,0.040382542
3,404,0.99121171,0.078128702,0.6020869,0.040382542
3,405,0.99121171,0.078128702,0.6020869,0.040382542
3,406,0.98872019,0.078437209,0.60527385,0.040847411
3,407,0.98392098,0.078660608,0.60968688,0.040749025
3,408,0.97945901,0.078039982,0.61176923,0.040958577
3,409,0.98743244,0.078543688,0.60552808,0.040922015
3,410,0.98743244,0.078543688,0.60552808,0.040922015
3,411,0.98421915,0.07799981,0.60309898,0.040633175
3,412,0.98779874,0.07824304,0.6043577,0.040681311
3,413,0.98913392,0.078505376,0.60200444,0.040593024
3,414,0.98655152,0.078134422,0.60436887,0.040674206
3,415,0.98762029,0.078802445,0.60508411,0.040628795
3,416,0.98737734,0.078527379,0.605006,0.040818854
3,417,0.98099073,0.077045749,0.60713562,0.04121242
3,418,0.97965286,0.07693873,0.6083509,0.041135051
3,419,0.98180057,0.077684922,0.60770906,0.040777607
3,420,0.98180057,0.077684922,0.60770906,0.040777607
3,421,0.98180057,0.077684922,0.60770906,0.040777607
3,422,0.98180057,0.077684922,0.60770906,0.040777607
3,423,0.97784954,0.076930298,0.61149157,0.041373491
3,424,0.97784954,0.076930298,0.61149157,0.041373491
3,425,0.97784954,0.076930298,0.61149157,0.041373491
3,426,0.96966005,0.076617077,0.61255253,0.041489488
3,427,0.96966005,0.076617077,0.61255253,0.041489488
3,428,0.96966005,0.076617077,0.61255253,0.041489488
3,429,0.96966005,0.076617077,0.61255253,0.041489488
3,430,0.96966005,0.076617077,0.61255253,0.041489488
3,431,0.97412444,0.076676147,0.61299066,0.0412891
3,432,0.97412444,0.076676147,0.61299066,0.0412891
3,433,0.97452247,0.077230554,0.61676119,0.041002005
3,434,0.97536753,0.076877584,0.61441546,0.041247452
3,435,0.97536753,0.076877584,0.61441546,0.041247452
3,436,0.97536753,0.076877584,0.61441546,0.041247452
3,437,0.97536753,0.076877584,0.61441546,0.041247452
3,438,0.97536753,0.076877584,0.61441546,0.041247452
3,439,0.96586451,0.076526813,0.61546602,0.041480933
3,440,0.97088677,0.077020213,0.6123153,0.041767712
3,441,0.96669836,0.077227383,0.61468951,0.041706448
3,442,0.96780238,0.076945927,0.61400701,0.0418594
3,443,0.96780238,0.076945927,0.61400701,0.0418594
3,444,0.96780238,0.076945927,0.61400701,0.0418594
3,445,0.96780238,0.076945927,0.61400701,0.0418594
3,446,0.96907211,0.076419881,0.61482712,0.041839697
3,447,0.96878842,0.07532549,0.61618735,0.041860396
3,448,0.96874866,0.075101231,0.61671636,0.041885462
3,449,0.96564112,0.07527537,0.61742437,0.041777417
3,450,0.97074234,0.075844395,0.61399658,0.041763629
3,451,0.97074234,0.075844395,0.61399658,0.041763629
3,452,0.97074234,0.075844395,0.61399658,0.041763629
3,453,0.97074234,0.075844395,0.61399658,0.041763629
3,454,0.97227985,0.075752736,0.61427751,0.041535542
3,455,0.96971284,0.076489623,0.61468502,0.041598232
3,456,0.96971284,0.076489623,0.61468502,0.041598232
3,457,0.97039932,0.0764732,0.6146604,0.041096102
3,458,0.9696563,0.076637454,0.61712829,0.04130023
3,459,0.9696563,0.076637454,0.61712829,0.04130023
3,460,0.9696563,0.076637454,0.61712829,0.04130023
3,461,0.9696563,0.076637454,0.61712829,0.04130023
3,462,0.97070795,0.076138094,0.61450812,0.041676582
3,463,0.97070795,0.076138094,0.61450812,0.041676582
3,464,0.97070795,0.076138094,0.61450812,0.041676582
3,465,0.97016332,0.076414958,0.61465141,0.041407237
3,466,0.97016332,0.076414958,0.61465141,0.041407237
3,467,0.97447977,0.077149614,0.60920191,0.041572061
3,468,0.97447977,0.077149614,0.60920191,0.041572061
3,469,0.97684555,0.077049416,0.60836807,0.04158008
3,470,0.97684555,0.077049416,0.60836807,0.04158008
3,471,0.97684555,0.077049416,0.60836807,0.04158008
3,472,0.97684555,0.077049416,0.60836807,0.04158008
3,473,0.98077535,0.077931579,0.60482107,0.041411835
3,474,0.98139961,0.077944957,0.60494516,0.041455663
3,475,0.98139961,0.077944957,0.60494516,0.041455663
3,476,0.98139961,0.077944957,0.60494516,0.041455663
3,477,0.98139961,0.077944957,0.60494516,0.041455663
3,478,0.98139961,0.077944957,0.60494516,0.041455663
3,479,0.98139961,0.077944957,0.60494516,0.041455663
3,480,0.98139961,0.077944957,0.60494516,0.041455663
3,481,0.98139961,0.077944957,0.60494516,0.041455663
3,482,0.98593399,0.07817936,0.60371982,0.041312142
3,483,0.98131654,0.078949407,0.60314022,0.040910159
3,484,0.98746955,0.078630991,0.60384518,0.040962132
3,485,0.98746955,0.078630991,0.60384518,0.040962132
3,486,0.99610276,0.078833855,0.59777199,0.04075974
3,487,0.99610276,0.078833855,0.59777199,0.04075974
3,488,0.98771426,0.078445981,0.60278225,0.04087625
3,489,0.98712938,0.078923239,0.60323952,0.040781453
3,490,0.99156677,0.078546462,0.5984591,0.040606934
3,491,0.98608692,0.07894925,0.60054317,0.04062446
3,492,0.98937386,0.079094599,0.60436732,0.040685858
3,493,0.98508141,0.078530907,0.60412551,0.040607936
3,494,0.98508141,0.078530907,0.60412551,0.040607936
3,495,0.98508141,0.078530907,0.60412551,0.040607936
3,496,0.98508141,0.078530907,0.60412551,0.040607936
3,497,0.98508141,0.078530907,0.60412551,0.040607936
3,498,0.98508141,0.078530907,0.60412551,0.040607936
3,499,0.98508141,0.078530907,0.60412551,0.040607936
3,500,0.98275528,0.077845481,0.60514681,0.040656407
3,501,0.98251624,0.077278914,0.60451541,0.041057755
3,502,0.98574651,0.077748655,0.6034695,0.040822974
3,503,0.98574651,0.077748655,0.6034695,0.040822974
3,504,0.98574651,0.077748655,0.6034695,0.040822974
3,505,0.99281489,0.078592987,0.60241902,0.040845639
3,506,0.98522974,0.078113801,0.60054602,0.04094629
3,507,0.98522974,0.078113801,0.60054602,0.04094629
3,508,0.98522974,0.078113801,0.60054602,0.04094629
3,509,0.99298016,0.078915673,0.59594358,0.040993707
3,510,1.0000526,0.079332045,0.59436677,0.040505864
3,511,0.99863412,0.079711145,0.59484397,0.040290101
3,512,0.99863412,0.079711145,0.59484397,0.040290101
3,513,0.99863412,0.079711145,0.59484397,0.040290101
3,514,0.99863412,0.079711145,0.59484397,0.040290101
3,515,0.99434562,0.079505001,0.59892432,0.040149402
3,516,0.99324269,0.079108705,0.59855547,0.040600707
3,517,0.9917332,0.078424956,0.60040478,0.04062175
3,518,0.9917332,0.078424956,0.60040478,0.04062175
3,519,0.9917332,0.078424956,0.60040478,0.04062175
3,520,0.98769165,0.078404671,0.60013947,0.040966917
3,521,0.98433742,0.078190857,0.60530047,0.041024305
3,522,0.98433742,0.078190857,0.60530047,0.041024305
3,523,0.98479189,0.078001967,0.60743251,0.040927315
3,524,0.98278326,0.077313291,0.60569332,0.040985226
3,525,0.98278326,0.077313291,0.60569332,0.040985226
3,526,0.9786735,0.077343586,0.60428544,0.041007731
3,527,0.9786735,0.077343586,0.60428544,0.041007731
3,528,0.97986049,0.077423813,0.60382521,0.041021767
3,529,0.98361342,0.077689445,0.60213803,0.041231643
3,530,0.98361342,0.077689445,0.60213803,0.041231643
3,531,0.98361342,0.077689445,0.60213803,0.041231643
3,532,0.98361342,0.077689445,0.60213803,0.041231643
3,533,0.98031716,0.078225866,0.60438406,0.041413925
3,534,0.98031716,0.078225866,0.60438406,0.041413925
3,535,0.98057228,0.078982216,0.60337039,0.040721009
3,536,0.98996459,0.078546698,0.60030007,0.04046591
3,537,0.98996459,0.078546698,0.60030007,0.04046591
3,538,0.98411515,0.078301644,0.60472206,0.040522117
3,539,0.98411515,0.078301644,0.60472206,0.040522117
3,540,0.98411515,0.078301644,0.60472206,0.040522117
3,541,0.9836902,0.078119001,0.60532032,0.04089734
3,542,0.9836902,0.078119001,0.60532032,0.04089734
3,543,0.9836902,0.078119001,0.60532032,0.04089734
3,544,0.9836902,0.078119001,0.60532032,0.04089734
3,545,0.9836902,0.078119001,0.60532032,0.04089734
3,546,0.98524222,0.078581026,0.6037655,0.040523339
3,547,0.98524222,0.078581026,0.6037655,0.040523339
3,548,0.98524222,0.078581026,0.6037655,0.040523339
3,549,0.9940817,0.079011262,0.60069333,0.040777748
3,550,0.98752378,0.079067445,0.60438901,0.040100701
3,551,0.98879371,0.079008172,0.60277247,0.040369887
3,552,0.98879371,0.079008172,0.60277247,0.040369887
3,553,0.98879371,0.079008172,0.60277247,0.040369887
3,554,0.98879371,0.079008172,0.60277247,0.040369887
3,555,0.98879371,0.079008172,0.60277247,0.040369887
3,556,0.98879371,0.079008172,0.60277247,0.040369887
3,557,0.99520521,0.078377895,0.60143443,0.040213143
3,558,0.99762808,0.078977818,0.59879473,0.040640438
3,559,0.99762808,0.078977818,0.59879473,0.040640438
3,560,0.99762808,0.078977818,0.59879473,0.040640438
3,561,0.99239202,0.078817149,0.59780255,0.040579961
3,562,0.99239202,0.078817149,0.59780255,0.040579961
3,563,0.99239202,0.078817149,0.59780255,0.040579961
3,564,0.9938502,0.079415,0.59659847,0.040453008
3,565,0.9938502,0.079415,0.59659847,0.040453008
3,566,0.9938502,0.079415,0.59659847,0.040453008
3,567,0.9938502,0.079415,0.59659847,0.040453008
3,568,0.99781679,0.079510992,0.59616653,0.040378205
3,569,0.99781679,0.079510992,0.59616653,0.040378205
3,570,0.99781679,0.079510992,0.59616653,0.040378205
3,571,1.0005304,0.079423297,0.595724,0.040183326
3,572,1.0005304,0.079423297,0.595724,0.040183326
3,573,0.99968248,0.080328026,0.59488383,0.04004253
3,574,0.99968248,0.080328026,0.59488383,0.04004253
3,575,0.99968248,0.080328026,0.59488383,0.04004253
3,576,0.99631216,0.080097056,0.59475014,0.040105697
3,577,0.99631216,0.080097056,0.59475014,0.040105697
3,578,0.99631216,0.080097056,0.59475014,0.040105697
3,579,0.99631216,0.080097056,0.59475014,0.040105697
3,580,1.0000623,0.080314511,0.59118442,0.040386349
3,581,0.99953595,0.080603688,0.59294787,0.040402242
3,582,0.99953595,0.080603688,0.59294787,0.040402242
3,583,0.99953595,0.080603688,0.59294787,0.040402242
3,584,0.99793185,0.080855301,0.59184332,0.040379315
3,585,1.0023316,0.081343329,0.59010301,0.04015978
3,586,1.0023316,0.081343329,0.59010301,0.04015978
3,587,1.0023316,0.081343329,0.59010301,0.04015978
3,588,1.000327,0.080895041,0.5893725,0.040011934
3,589,1.0034737,0.080731076,0.59465601,0.039642195
3,590,1.0008024,0.080347108,0.59080923,0.039742088
3,591,1.0078923,0.080353009,0.58720746,0.039792002
3,592,1.0078923,0.080353009,0.58720746,0.039792002
3,593,1.0133319,0.080668116,0.58906056,0.039807121
3,594,1.0059879,0.080393398,0.5876307,0.040192987
3,595,1.0022713,0.080328866,0.59157495,0.040285453
3,596,1.0022713,0.080328866,0.59157495,0.040285453
3,597,1.0022713,0.080328866,0.59157495,0.040285453
3,598,1.0022713,0.080328866,0.59157495,0.040285453
3,599,1.0022713,0.080328866,0.59157495,0.040285453
3,600,1.0022713,0.080328866,0.59157495,0.040285453
3,601,1.000254,0.080217584,0.59612387,0.040140345
3,602,0.99824607,0.080290764,0.59631772,0.039971893
3,603,0.99824607,0.080290764,0.59631772,0.039971893
3,604,0.99824607,0.080290764,0.59631772,0.039971893
3,605,1.0044299,0.080210809,0.5931817,0.039704277
3,606,1.0066344,0.080096377,0.59100487,0.039724586
3,607,1.0028184,0.0802145,0.59041054,0.040233178
3,608,1.0028184,0.0802145,0.59041054,0.040233178
3,609,1.0028184,0.0802145,0.59041054,0.040233178
3,610,1.0023241,0.079980399,0.59079129,0.04039005
3,611,1.0023241,0.079980399,0.59079129,0.04039005
3,612,1.0023241,0.079980399,0.59079129,0.04039005
3,613,1.0026161,0.079620614,0.59193801,0.040147817
3,614,1.0026161,0.079620614,0.59193801,0.040147817
3,615,0.99412563,0.079794436,0.59661714,0.040596358
3,616,0.99412563,0.079794436,0.59661714,0.040596358
3,617,0.99467762,0.079539786,0.59466095,0.040507534
3,618,0.99467762,0.079539786,0.59466095,0.040507534
3,619,0.99467762,0.079539786,0.59466095,0.040507534
3,620,0.9900997,0.078635309,0.59909102,0.040715815
3,621,0.9900997,0.078635309,0.59909102,0.040715815
3,622,0.9900997,0.078635309,0.59909102,0.040715815
3,623,0.9900997,0.078635309,0.59909102,0.040715815
3,624,0.9900997,0.078635309,0.59909102,0.040715815
3,625,0.98221302,0.078356605,0.60275991,0.040661113
3,626,0.98221302,0.078356605,0.60275991,0.040661113
3,627,0.98221302,0.078356605,0.60275991,0.040661113
3,628,0.98780065,0.078018797,0.60050895,0.040518306
3,629,0.99054724,0.079113388,0.60369892,0.040332279
3,630,0.99054724,0.079113388,0.60369892,0.040332279
3,631,0.99054724,0.079113388,0.60369892,0.040332279
3,632,0.98781815,0.078928418,0.60140339,0.04027803
3,633,1.0031573,0.079816574,0.59451654,0.040189207
3,634,1.0031573,0.079816574,0.59451654,0.040189207
3,635,1.0031573,0.079816574,0.59451654,0.040189207
3,636,1.0031573,0.079816574,0.59451654,0.040189207
3,637,1.0031573,0.079816574,0.59451654,0.040189207
3,638,1.0031573,0.079816574,0.59451654,0.040189207
3,639,1.0042132,0.079715006,0.5920834,0.040073806
3,640,1.0042132,0.079715006,0.5920834,0.040073806
3,641,1.0042132,0.079715006,0.5920834,0.040073806
3,642,1.0042132,0.079715006,0.5920834,0.040073806
3,643,1.0042132,0.079715006,0.5920834,0.040073806
3,644,1.0042132,0.079715006,0.5920834,0.040073806
3,645,1.0042132,0.079715006,0.5920834,0.040073806
3,646,1.0037585,0.07967885,0.59193238,0.04038152
3,647,1.0018924,0.079874696,0.59636358,0.040095954
3,648,1.0018924,0.079874696,0.59636358,0.040095954
3,649,0.9945155,0.079398887,0.59674937,0.040097743
3,650,0.99683203,0.0791747,0.59984657,0.040604565
3,651,0.98951796,0.078871684,0.59959243,0.04033517
3,652,0.99078482,0.078710978,0.60181274,0.040496541
3,653,0.99078482,0.078710978,0.60181274,0.040496541
3,654,0.99078482,0.078710978,0.60181274,0.040496541
3,655,0.99078482,0.078710978,0.60181274,0.040496541
3,656,0.99209503,0.078681857,0.5997944,0.040436557
3,657,0.99209503,0.078681857,0.5997944,0.040436557
3,658,0.99209503,0.078681857,0.5997944,0.040436557
3,659,0.99209503,0.078681857,0.5997944,0.040436557
3,660,0.99209503,0.078681857,0.5997944,0.040436557
3,661,0.99900113,0.078955231,0.59762052,0.040416062
3,662,0.99531392,0.079650645,0.59244335,0.040583303
3,663,0.99813525,0.080790054,0.59355528,0.040362258
3,664,0.99418839,0.080140109,0.59331793,0.040665751
3,665,0.99312783,0.079656345,0.59547235,0.040822807
3,666,0.99605926,0.07980448,0.59747813,0.040654413
3,667,0.99605926,0.07980448,0.59747813,0.040654413
3,668,0.99296893,0.079179771,0.59851838,0.040574003
3,669,0.99851505,0.079308423,0.59551002,0.040256439
3,670,0.99851505,0.079308423,0.59551002,0.040256439
3,671,0.9980426,0.079299564,0.59597321,0.040220907
3,672,0.9980426,0.079299564,0.59597321,0.040220907
3,673,0.9990052,0.078940407,0.59800421,0.040349162
3,674,0.9990052,0.078940407,0.59800421,0.040349162
3,675,0.99695993,0.078982247,0.59686237,0.040327585
3,676,0.99533663,0.078942874,0.59662101,0.040412076
3,677,0.99267963,0.078788744,0.59924209,0.040532778
3,678,0.99267963,0.078788744,0.59924209,0.040532778
3,679,0.99267963,0.078788744,0.59924209,0.040532778
3,680,0.98641833,0.078379264,0.60194726,0.04087626
3,681,0.9859535,0.078120305,0.60593101,0.041084184
3,682,0.98629918,0.078589054,0.60456341,0.041220981
3,683,0.98768196,0.078548635,0.60706332,0.040688378
3,684,0.98768196,0.078548635,0.60706332,0.040688378
3,685,0.98156286,0.077934163,0.60728711,0.040494334
3,686,0.98138402,0.077884162,0.60866751,0.040446467
3,687,0.98138402,0.077884162,0.60866751,0.040446467
3,688,0.97686298,0.077598622,0.6085452,0.040768282
3,689,0.97686298,0.077598622,0.6085452,0.040768282
3,690,0.98292158,0.07787054,0.60902814,0.040912356
3,691,0.98386191,0.077519703,0.60638297,0.040717542
3,692,0.9852741,0.077708684,0.6056114,0.040616945
3,693,0.9852741,0.077708684,0.6056114,0.040616945
3,694,0.9852741,0.077708684,0.6056114,0.040616945
3,695,0.98512536,0.076871827,0.60407278,0.041021324
3,696,0.98524042,0.07673289,0.60447608,0.041061464
3,697,0.98524042,0.07673289,0.60447608,0.041061464
3,698,0.98469856,0.07698308,0.60712369,0.041170686
3,699,0.97861758,0.076545014,0.60804899,0.041347494
3,700,0.97861758,0.076545014,0.60804899,0.041347494
3,701,0.97861758,0.076545014,0.60804899,0.041347494
3,702,0.97861758,0.076545014,0.60804899,0.041347494
3,703,0.97492862,0.076313386,0.61044842,0.04143099
3,704,0.97815764,0.076577932,0.60873528,0.041453814
3,705,0.97815764,0.076577932,0.60873528,0.041453814
3,706,0.97246077,0.076705409,0.6108504,0.041657562
3,707,0.97246077,0.076705409,0.6108504,0.041657562
3,708,0.97246077,0.076705409,0.6108504,0.041657562
3,709,0.97158685,0.075969071,0.61083364,0.04170773
3,710,0.97134561,0.075931707,0.61434252,0.041576275
3,711,0.97134561,0.075931707,0.61434252,0.041576275
3,712,0.97134561,0.075931707,0.61434252,0.041576275
3,713,0.97134561,0.075931707,0.61434252,0.041576275
3,714,0.96987365,0.076950933,0.61446376,0.041610845
3,715,0.9720987,0.078165331,0.60780288,0.04129498
3,716,0.9720987,0.078165331,0.60780288,0.04129498
3,717,0.98221802,0.078410676,0.60649576,0.041168099
3,718,0.98424523,0.077215176,0.60561156,0.04117883
3,719,0.98424523,0.077215176,0.60561156,0.04117883
3,720,0.98269892,0.077953536,0.60432561,0.040820649
3,721,0.98077786,0.077886575,0.60492509,0.040974581
3,722,0.98077786,0.077886575,0.60492509,0.040974581
3,723,0.98077786,0.077886575,0.60492509,0.040974581
3,724,0.98077786,0.077886575,0.60492509,0.040974581
3,725,0.98077786,0.077886575,0.60492509,0.040974581
3,726,0.98077786,0.077886575,0.60492509,0.040974581
3,727,0.98077786,0.077886575,0.60492509,0.040974581
3,728,0.9897353,0.078382266,0.60065729,0.040380275
3,729,0.99385303,0.078861102,0.60197155,0.040477054
3,730,0.99385303,0.078861102,0.60197155,0.040477054
3,731,0.99221904,0.079465023,0.59932408,0.040669771
3,732,0.99747924,0.079107584,0.60135503,0.040439105
3,733,0.99747924,0.079107584,0.60135503,0.040439105
3,734,0.99690542,0.079054221,0.59939841,0.040318111
3,735,0.9944642,0.078597073,0.59968334,0.040267024
3,736,0.9944642,0.078597073,0.59968334,0.040267024
3,737,0.9944642,0.078597073,0.59968334,0.040267024
3,738,0.98778297,0.078426106,0.60545877,0.040329232
3,739,0.98778297,0.078426106,0.60545877,0.040329232
3,740,0.98778297,0.078426106,0.60545877,0.040329232
3,741,0.98778297,0.078426106,0.60545877,0.040329232
3,742,0.98670181,0.078127149,0.59960425,0.040917493
3,743,0.98724409,0.078749337,0.60115244,0.04068978
3,744,0.98892094,0.078980628,0.60234405,0.040607337
3,745,0.98439637,0.078358196,0.60802278,0.040651658
3,746,0.98787329,0.077924251,0.60493682,0.040462638
3,747,0.98787329,0.077924251,0.60493682,0.040462638
3,748,0.98400416,0.077209861,0.60525853,0.040875271
3,749,0.9824068,0.077585569,0.60483605,0.041215054
3,750,0.9824068,0.077585569,0.60483605,0.041215054
3,751,0.9824068,0.077585569,0.60483605,0.041215054
3,752,0.97852303,0.077560186,0.60875834,0.041111737
3,753,0.97852303,0.077560186,0.60875834,0.041111737
3,754,0.97852303,0.077560186,0.60875834,0.041111737
3,755,0.97852303,0.077560186,0.60875834,0.041111737
3,756,0.97852303,0.077560186,0.60875834,0.041111737
3,757,0.97852303,0.077560186,0.60875834,0.041111737
3,758,0.97706096,0.077521076,0.60854953,0.041183721
3,759,0.97628839,0.0772749,0.60756312,0.041291574
3,760,0.9754026,0.077338723,0.61098882,0.041346036
3,761,0.973454,0.077623911,0.60977668,0.041248104
3,762,0.97212172,0.076886535,0.60703792,0.041402159
3,763,0.97212172,0.076886535,0.60703792,0.041402159
3,764,0.97189791,0.076899719,0.61016407,0.041128155
3,765,0.97471965,0.076878037,0.61076185,0.041115516
3,766,0.97471965,0.076878037,0.61076185,0.041115516
3,767,0.97570808,0.07677775,0.60954217,0.041583957
3,768,0.97570808,0.07677775,0.60954217,0.041583957
3,769,0.97515349,0.076546489,0.61146629,0.041494279
3,770,0.97515349,0.076546489,0.61146629,0.041494279
3,771,0.97515349,0.076546489,0.61146629,0.041494279
3,772,0.97515349,0.076546489,0.61146629,0.041494279
3,773,0.97783569,0.076557377,0.60995449,0.041461986
3,774,0.97616309,0.076844701,0.60737535,0.041292311
3,775,0.97851432,0.077171109,0.61256902,0.041197911
3,776,0.97307914,0.077239204,0.61548911,0.041285222
3,777,0.97364866,0.077063143,0.61128395,0.041669361
3,778,0.9716883,0.076750806,0.61018501,0.041662572
3,779,0.9716883,0.076750806,0.61018501,0.041662572
3,780,0.9716883,0.076750806,0.61018501,0.041662572
3,781,0.96717482,0.076397147,0.6172376,0.041650787
3,782,0.96959222,0.076586703,0.61587007,0.041626255
3,783,0.96959222,0.076586703,0.61587007,0.041626255
3,784,0.96959222,0.076586703,0.61587007,0.041626255
3,785,0.96959222,0.076586703,0.61587007,0.041626255
3,786,0.96959222,0.076586703,0.61587007,0.041626255
3,787,0.96959222,0.076586703,0.61587007,0.041626255
3,788,0.96707122,0.077113495,0.612213,0.041650453
3,789,0.96707122,0.077113495,0.612213,0.041650453
3,790,0.97431101,0.076578118,0.60945394,0.041659682
3,791,0.97431101,0.076578118,0.60945394,0.041659682
3,792,0.97431101,0.076578118,0.60945394,0.041659682
3,793,0.97431101,0.076578118,0.60945394,0.041659682
3,794,0.97431101,0.076578118,0.60945394,0.041659682
3,795,0.97470806,0.076786222,0.61009686,0.041399286
3,796,0.97470806,0.076786222,0.61009686,0.041399286
3,797,0.97470806,0.076786222,0.61009686,0.041399286
3,798,0.97470806,0.076786222,0.61009686,0.041399286
3,799,0.97470806,0.076786222,0.61009686,0.041399286
3,800,0.97509924,0.077013159,0.6083694,0.041213565
3,801,0.97887771,0.078142311,0.60590828,0.040950934
3,802,0.97887771,0.078142311,0.60590828,0.040950934
3,803,0.97887771,0.078142311,0.60590828,0.040950934
3,804,0.97887771,0.078142311,0.60590828,0.040950934
3,805,0.98363042,0.077859113,0.60486047,0.040863801
3,806,0.98363042,0.077859113,0.60486047,0.040863801
3,807,0.98363042,0.077859113,0.60486047,0.040863801
3,808,0.98363042,0.077859113,0.60486047,0.040863801
3,809,0.98363042,0.077859113,0.60486047,0.040863801
3,810,0.98363042,0.077859113,0.60486047,0.040863801
3,811,0.98363042,0.077859113,0.60486047,0.040863801
3,812,0.98363042,0.077859113,0.60486047,0.040863801
3,813,0.9869291,0.078348596,0.60317896,0.040861306
3,814,0.9869291,0.078348596,0.60317896,0.040861306
3,815,0.9869291,0.078348596,0.60317896,0.040861306
3,816,0.9869291,0.078348596,0.60317896,0.040861306
3,817,0.9869291,0.078348596,0.60317896,0.040861306
3,818,0.9869291,0.078348596,0.60317896,0.040861306
3,819,0.9869291,0.078348596,0.60317896,0.040861306
3,820,0.9869291,0.078348596,0.60317896,0.040861306
3,821,0.9869291,0.078348596,0.60317896,0.040861306
3,822,0.9869291,0.078348596,0.60317896,0.040861306
3,823,0.9869291,0.078348596,0.60317896,0.040861306
3,824,0.9869291,0.078348596,0.60317896,0.040861306
3,825,0.9890484,0.077524263,0.60082968,0.040827403
3,826,0.98998726,0.077721577,0.60467261,0.040547733
3,827,0.9899597,0.077645951,0.60148481,0.040727819
3,828,0.9899597,0.077645951,0.60148481,0.040727819
3,829,0.9899597,0.077645951,0.60148481,0.040727819
3,830,0.9899597,0.077645951,0.60148481,0.040727819
3,831,0.9899597,0.077645951,0.60148481,0.040727819
3,832,0.9899597,0.077645951,0.60148481,0.040727819
3,833,0.98445975,0.077839917,0.60225782,0.040669778
3,834,0.98445975,0.077839917,0.60225782,0.040669778
3,835,0.98445975,0.077839917,0.60225782,0.040669778
3,836,0.99023592,0.078036983,0.60063551,0.040883699
3,837,0.99023592,0.078036983,0.60063551,0.040883699
3,838,0.98817009,0.078225934,0.60505058,0.040505402
3,839,0.98753399,0.079038485,0.60269147,0.040432146
3,840,0.98825621,0.079223857,0.60101773,0.04069094
3,841,0.98825621,0.079223857,0.60101773,0.04069094
3,842,0.9889836,0.079274416,0.59833373,0.040659514
3,843,0.9889836,0.079274416,0.59833373,0.040659514
3,844,0.9889836,0.079274416,0.59833373,0.040659514
3,845,0.9889836,0.079274416,0.59833373,0.040659514
3,846,0.99031229,0.07869513,0.60329634,0.040386891
3,847,0.99031229,0.07869513,0.60329634,0.040386891
3,848,0.99031229,0.07869513,0.60329634,0.040386891
3,849,0.99031229,0.07869513,0.60329634,0.040386891
3,850,0.99031229,0.07869513,0.60329634,0.040386891
3,851,0.99137617,0.078989451,0.59977592,0.040676277
3,852,0.99137617,0.078989451,0.59977592,0.040676277
3,853,0.99137617,0.078989451,0.59977592,0.040676277
3,854,0.98734932,0.0790644,0.60113865,0.040681135
3,855,0.98734932,0.0790644,0.60113865,0.040681135
3,856,0.98766306,0.078575092,0.60154347,0.040600351
3,857,0.98766306,0.078575092,0.60154347,0.040600351
3,858,0.98495306,0.078041804,0.60290358,0.04069906
3,859,0.98495306,0.078041804,0.60290358,0.04069906
3,860,0.98686918,0.079390267,0.60052699,0.040474071
3,861,0.99969287,0.079559918,0.59851224,0.039954677
3,862,0.99969287,0.079559918,0.59851224,0.039954677
3,863,0.99629137,0.079885091,0.59869224,0.039838461
3,864,0.99629137,0.079885091,0.59869224,0.039838461
3,865,0.99737458,0.080727455,0.59371851,0.039991418
3,866,1.0020445,0.080240048,0.5950547,0.039934071
3,867,1.0020445,0.080240048,0.5950547,0.039934071
3,868,1.0020445,0.080240048,0.5950547,0.039934071
3,869,1.0020445,0.080240048,0.5950547,0.039934071
3,870,1.0020445,0.080240048,0.5950547,0.039934071
3,871,1.0059851,0.080479152,0.59004645,0.039713009
3,872,1.0094175,0.080725315,0.58665729,0.03983251
3,873,1.0094175,0.080725315,0.58665729,0.03983251
3,874,1.0020106,0.080177635,0.59269936,0.040361119
3,875,1.0020106,0.080177635,0.59269936,0.040361119
3,876,1.0020106,0.080177635,0.59269936,0.040361119
3,877,1.0020106,0.080177635,0.59269936,0.040361119
3,878,1.0020106,0.080177635,0.59269936,0.040361119
3,879,0.994371,0.079420963,0.59304571,0.040685972
3,880,0.99809894,0.079304427,0.59460089,0.040329787
3,881,0.99809894,0.079304427,0.59460089,0.040329787
3,882,0.99665775,0.079490772,0.59685746,0.04025814
3,883,0.99665775,0.079490772,0.59685746,0.04025814
3,884,0.99419691,0.079028074,0.59337922,0.040375064
3,885,1.0014378,0.079136298,0.59087995,0.040586138
3,886,1.0084326,0.079352105,0.59055256,0.040308368
3,887,1.0113165,0.080401325,0.58472129,0.04023174
3,888,1.0170005,0.080168197,0.58240843,0.040299806
3,889,1.0170005,0.080168197,0.58240843,0.040299806
3,890,1.0170005,0.080168197,0.58240843,0.040299806
3,891,1.0087183,0.080596803,0.58259889,0.040462326
3,892,1.0087183,0.080596803,0.58259889,0.040462326
3,893,1.0087183,0.080596803,0.58259889,0.040462326
3,894,1.0076168,0.08057756,0.58367862,0.04051759
3,895,1.0076168,0.08057756,0.58367862,0.04051759
3,896,1.013685,0.081755861,0.58285191,0.039792661
3,897,1.0101001,0.081675082,0.58769852,0.039720825
3,898,1.0031556,0.081474653,0.59334061,0.039310063
3,899,1.0107218,0.081153041,0.59013879,0.039654278
3,900,1.0093613,0.080536536,0.59120523,0.039617018
3,901,1.0119312,0.081466737,0.59126368,0.039481606
3,902,1.0119015,0.080917744,0.59042014,0.039798271
3,903,1.0119015,0.080917744,0.59042014,0.039798271
3,904,1.0119015,0.080917744,0.59042014,0.039798271
3,905,1.0128327,0.081654342,0.58720216,0.039811215
3,906,1.012667,0.081727756,0.58748135,0.039623409
3,907,1.012667,0.081727756,0.58748135,0.039623409
3,908,1.012667,0.081727756,0.58748135,0.039623409
3,909,1.012667,0.081727756,0.58748135,0.039623409
3,910,1.0153142,0.081950696,0.58371535,0.039755773
3,911,1.0153142,0.081950696,0.58371535,0.039755773
3,912,1.0212871,0.081907664,0.58150639,0.039523044
3,913,1.0212871,0.081907664,0.58150639,0.039523044
3,914,1.0212871,0.081907664,0.58150639,0.039523044
3,915,1.0218713,0.081894591,0.58319857,0.039384715
3,916,1.0218713,0.081894591,0.58319857,0.039384715
3,917,1.0218713,0.081894591,0.58319857,0.039384715
3,918,1.014016,0.081998064,0.58412041,0.039592787
3,919,1.014016,0.081998064,0.58412041,0.039592787
3,920,1.014016,0.081998064,0.58412041,0.039592787
3,921,1.014016,0.081998064,0.58412041,0.039592787
3,922,1.0186378,0.082291945,0.58494189,0.039818176
3,923,1.0178162,0.081874015,0.58521817,0.03971429
3,924,1.0158753,0.081472301,0.58716178,0.039842309
3,925,1.0139144,0.081149156,0.58834197,0.039951486
3,926,1.0102838,0.081039923,0.5915017,0.040060122
3,927,1.0102838,0.081039923,0.5915017,0.040060122
3,928,1.0111593,0.080021527,0.58853221,0.040283105
3,929,1.007927,0.080365707,0.58836753,0.040216306
3,930,1.006121,0.080956327,0.58990646,0.039991651
3,931,1.0078384,0.08041673,0.59182024,0.03992432
3,932,1.0039168,0.081163805,0.59159767,0.039718987
3,933,1.0039168,0.081163805,0.59159767,0.039718987
3,934,1.0071466,0.081327751,0.58863914,0.039957176
3,935,1.0071466,0.081327751,0.58863914,0.039957176
3,936,1.0100029,0.081329876,0.58918955,0.039768051
3,937,1.0152277,0.081351322,0.58643368,0.039835041
3,938,1.0152277,0.081351322,0.58643368,0.039835041
3,939,1.0157603,0.08152786,0.58578842,0.039462129
3,940,1.0058532,0.080421774,0.59168142,0.039602424
3,941,0.99919494,0.080641662,0.59554495,0.040022729
3,942,0.99919494,0.080641662,0.59554495,0.040022729
3,943,0.99919494,0.080641662,0.59554495,0.040022729
3,944,1.0081622,0.080090579,0.59117704,0.039921608
3,945,1.0081622,0.080090579,0.59117704,0.039921608
3,946,1.0081622,0.080090579,0.59117704,0.039921608
3,947,1.0081622,0.080090579,0.59117704,0.039921608
3,948,1.0081622,0.080090579,0.59117704,0.039921608
3,949,1.0081622,0.080090579,0.59117704,0.039921608
3,950,1.0081622,0.080090579,0.59117704,0.039921608
3,951,1.0028188,0.08066731,0.59197815,0.040052903
3,952,1.0028188,0.08066731,0.59197815,0.040052903
3,953,1.0028188,0.08066731,0.59197815,0.040052903
3,954,1.0050723,0.080363309,0.58980733,0.040093224
3,955,1.0050723,0.080363309,0.58980733,0.040093224
3,956,1.0050723,0.080363309,0.58980733,0.040093224
3,957,1.0050723,0.080363309,0.58980733,0.040093224
3,958,1.0050723,0.080363309,0.58980733,0.040093224
3,959,1.0039895,0.080456874,0.59281925,0.040162884
3,960,1.0098288,0.080466476,0.5890894,0.039901245
3,961,1.0020793,0.080993104,0.59214405,0.040442205
3,962,1.0001406,0.08073433,0.58894307,0.040345735
3,963,1.0002238,0.080617634,0.59529775,0.040257476
3,964,0.99640865,0.080713002,0.59636416,0.04030114
3,965,1.0067377,0.080827863,0.59043371,0.040345716
3,966,1.0067377,0.080827863,0.59043371,0.040345716
3,967,1.0112207,0.081347599,0.58603032,0.039750812
3,968,1.0112207,0.081347599,0.58603032,0.039750812
3,969,1.0100404,0.081152822,0.58760596,0.040168781
3,970,1.0071028,0.080751655,0.59035062,0.040072988
3,971,1.0063475,0.080890745,0.58819638,0.040307329
3,972,1.0016875,0.081342072,0.59178959,0.039903821
3,973,1.0103654,0.081164144,0.58827218,0.039940018
3,974,1.0103654,0.081164144,0.58827218,0.039940018
3,975,1.0068026,0.0814232,0.59102969,0.039851944
3,976,1.01567,0.08110166,0.58619501,0.039697157
3,977,1.01567,0.08110166,0.58619501,0.039697157
3,978,1.01567,0.08110166,0.58619501,0.039697157
3,979,1.0160445,0.081457194,0.58764931,0.039697125
3,980,1.0125823,0.081182638,0.59129637,0.039705588
3,981,0.99987572,0.080614376,0.5937888,0.039984388
3,982,0.99987572,0.080614376,0.5937888,0.039984388
3,983,0.99987572,0.080614376,0.5937888,0.039984388
3,984,1.0015724,0.079957997,0.59408249,0.039962505
3,985,0.99877336,0.079393134,0.59714878,0.040192828
3,986,0.99877336,0.079393134,0.59714878,0.040192828
3,987,1.005308,0.07994134,0.59588204,0.04024036
3,988,0.99979017,0.079290674,0.59200162,0.040338444
3,989,1.0001045,0.080136799,0.59579586,0.040371587
3,990,1.0001045,0.080136799,0.59579586,0.040371587
3,991,0.99751243,0.080639299,0.59338421,0.040230558
3,992,1.0069135,0.080780452,0.59080695,0.040310508
3,993,1.0069765,0.080360034,0.59222178,0.03991039
3,994,1.0069765,0.080360034,0.59222178,0.03991039
3,995,1.0102113,0.080795387,0.58927049,0.039974652
3,996,1.0102113,0.080795387,0.58927049,0.039974652
3,997,1.0102113,0.080795387,0.58927049,0.039974652
3,998,1.0125494,0.080978088,0.5870647,0.039991139
3,999,1.017798,0.080882015,0.58501486,0.039611346
3,1000,1.017798,0.080882015,0.58501486,0.039611346
3,1001,1.0210868,0.081023937,0.58339227,0.039608331
3,1002,1.0210868,0.081023937,0.58339227,0.039608331
3,1003,1.0130214,0.081547628,0.58353751,0.039844807
3,1004,1.0130214,0.081547628,0.58353751,0.039844807
3,1005,1.0103608,0.081516435,0.58326113,0.039810751
3,1006,1.0103608,0.081516435,0.58326113,0.039810751
3,1007,1.0107318,0.08157908,0.58735805,0.040210056
3,1008,1.0107318,0.08157908,0.58735805,0.040210056
3,1009,1.0107318,0.08157908,0.58735805,0.040210056
3,1010,1.0157889,0.081720061,0.58606502,0.039894201
3,1011,1.0157889,0.081720061,0.58606502,0.039894201
3,1012,1.0157889,0.081720061,0.58606502,0.039894201
3,1013,1.008992,0.081175179,0.58771343,0.039637096
3,1014,1.0195669,0.080751453,0.58323399,0.039973281
3,1015,1.0195669,0.080751453,0.58323399,0.039973281
3,1016,1.0195669,0.080751453,0.58323399,0.039973281
3,1017,1.016928,0.081020119,0.58086586,0.039755255
3,1018,1.016928,0.081020119,0.58086586,0.039755255
3,1019,1.0126373,0.081411732,0.58218719,0.039628539
3,1020,1.0126373,0.081411732,0.58218719,0.039628539
3,1021,1.0175783,0.081668112,0.58036606,0.039686331
3,1022,1.0247908,0.08206815,0.57901495,0.039611164
3,1023,1.0247908,0.08206815,0.57901495,0.039611164
3,1024,1.0263896,0.082556455,0.57850042,0.039459529
3,1025,1.0263896,0.082556455,0.57850042,0.039459529
3,1026,1.019125,0.082256112,0.58474843,0.039735534
3,1027,1.0141914,0.081638104,0.58668074,0.03987326
3,1028,1.013493,0.081794965,0.58253049,0.03978269
3,1029,1.013493,0.081794965,0.58253049,0.03978269
3,1030,1.013493,0.081794965,0.58253049,0.03978269
3,1031,1.0176807,0.081969465,0.58518932,0.039443591
3,1032,1.0204438,0.081754675,0.58421497,0.039484713
3,1033,1.0204438,0.081754675,0.58421497,0.039484713
3,1034,1.0152833,0.081364332,0.58835253,0.03969273
3,1035,1.0081672,0.081685747,0.58731857,0.039913742
3,1036,1.0130693,0.081364607,0.59164769,0.039945636
3,1037,1.018818,0.082053701,0.58271094,0.039763039
3,1038,1.018818,0.082053701,0.58271094,0.039763039
3,1039,1.0083363,0.081284166,0.59100294,0.039822035
3,1040,1.0034358,0.081525462,0.59115818,0.040133297
3,1041,1.0034358,0.081525462,0.59115818,0.040133297
3,1042,1.0046555,0.080066867,0.59102487,0.040011472
3,1043,1.0046555,0.080066867,0.59102487,0.040011472
3,1044,0.99980264,0.08043196,0.59770848,0.040251198
3,1045,0.99815113,0.080392723,0.59658867,0.040230186
3,1046,0.99815113,0.080392723,0.59658867,0.040230186
3,1047,0.99815113,0.080392723,0.59658867,0.040230186
3,1048,1.0011899,0.080183825,0.59299046,0.040225268
3,1049,1.0011899,0.080183825,0.59299046,0.040225268
3,1050,1.0011899,0.080183825,0.59299046,0.040225268
3,1051,1.0011899,0.080183825,0.59299046,0.040225268
3,1052,1.0011899,0.080183825,0.59299046,0.040225268
3,1053,0.9982571,0.080274176,0.59442145,0.040132903
3,1054,1.0020603,0.080408192,0.59332397,0.040026063
3,1055,1.0033353,0.079940924,0.59320382,0.040319306
3,1056,1.0033353,0.079940924,0.59320382,0.040319306
3,1057,1.0033353,0.079940924,0.59320382,0.040319306
3,1058,0.99930182,0.079881131,0.59375004,0.040765878
3,1059,1.0054238,0.079949307,0.59084026,0.040478121
3,1060,1.0077308,0.07991744,0.59117591,0.040225422
3,1061,1.0077308,0.07991744,0.59117591,0.040225422
3,1062,1.001545,0.08054948,0.59216357,0.040220513
3,1063,0.99775453,0.079945243,0.59542464,0.040256476
3,1064,0.99775453,0.079945243,0.59542464,0.040256476
3,1065,0.99775453,0.079945243,0.59542464,0.040256476
3,1066,0.99775453,0.079945243,0.59542464,0.040256476
3,1067,0.99775453,0.079945243,0.59542464,0.040256476
3,1068,0.99775453,0.079945243,0.59542464,0.040256476
3,1069,1.0025541,0.080425811,0.59508548,0.040105572
3,1070,1.0025541,0.080425811,0.59508548,0.040105572
3,1071,1.007494,0.080772996,0.59179285,0.040186931
3,1072,1.0073053,0.080358239,0.58903047,0.040329037
3,1073,1.0073053,0.080358239,0.58903047,0.040329037
3,1074,1.0086828,0.08047031,0.58937583,0.039981988
3,1075,1.0059517,0.079937728,0.59161752,0.040015815
3,1076,1.0059517,0.079937728,0.59161752,0.040015815
3,1077,1.0047829,0.08040855,0.59128962,0.039835611
3,1078,1.0085761,0.080419367,0.58932793,0.040052954
3,1079,1.0085761,0.080419367,0.58932793,0.040052954
3,1080,1.0085761,0.080419367,0.58932793,0.040052954
3,1081,1.0085761,0.080419367,0.58932793,0.040052954
3,1082,1.0085761,0.080419367,0.58932793,0.040052954
3,1083,1.0122756,0.080576381,0.58863324,0.039980562
3,1084,1.0122756,0.080576381,0.58863324,0.039980562
3,1085,1.0112494,0.08033413,0.58395548,0.040230183
3,1086,1.0089567,0.080502143,0.58844632,0.039979786
3,1087,1.0089579,0.080862958,0.59203847,0.039759026
3,1088,1.0057296,0.081478637,0.59103021,0.039749565
3,1089,1.0103244,0.081317717,0.58605199,0.039758973
3,1090,1.0064242,0.080873028,0.58919042,0.039749169
3,1091,1.0064242,0.080873028,0.58919042,0.039749169
3,1092,1.0128456,0.081045511,0.5856997,0.03992421
3,1093,1.0128456,0.081045511,0.5856997,0.03992421
3,1094,1.0128456,0.081045511,0.5856997,0.03992421
3,1095,1.0128456,0.081045511,0.5856997,0.03992421
3,1096,1.0128456,0.081045511,0.5856997,0.03992421
3,1097,1.0128456,0.081045511,0.5856997,0.03992421
3,1098,1.0128456,0.081045511,0.5856997,0.03992421
3,1099,1.0128456,0.081045511,0.5856997,0.03992421
3,1100,1.0128456,0.081045511,0.5856997,0.03992421
3,1101,1.0123853,0.081243457,0.58666267,0.04006707
3,1102,1.0114567,0.081099778,0.58579738,0.039836852
3,1103,1.0096521,0.080763326,0.58777989,0.039938371
3,1104,1.0096521,0.080763326,0.58777989,0.039938371
3,1105,1.0096521,0.080763326,0.58777989,0.039938371
3,1106,1.0096521,0.080763326,0.58777989,0.039938371
3,1107,1.0096521,0.080763326,0.58777989,0.039938371
3,1108,1.0130296,0.080816916,0.58556625,0.03990952
3,1109,1.0130296,0.080816916,0.58556625,0.03990952
3,1110,1.0138255,0.080726298,0.58684006,0.039556906
3,1111,1.0138255,0.080726298,0.58684006,0.039556906
3,1112,1.0131685,0.080840281,0.59123633,0.039731911
3,1113,1.0072672,0.081389603,0.59176066,0.039590508
3,1114,1.0137249,0.080330171,0.58725616,0.039624405
3,1115,1.0137249,0.080330171,0.58725616,0.039624405
3,1116,1.0048047,0.081123743,0.58961213,0.039996599
3,1117,1.0048047,0.081123743,0.58961213,0.039996599
3,1118,1.0129788,0.081400602,0.58748177,0.039977114
3,1119,1.0129788,0.081400602,0.58748177,0.039977114
3,1120,1.0129788,0.081400602,0.58748177,0.039977114
3,1121,1.0092705,0.081551986,0.58896383,0.039733155
3,1122,1.0113146,0.081358703,0.58842228,0.040062853
3,1123,1.0113146,0.081358703,0.58842228,0.040062853
3,1124,1.0108933,0.081110391,0.58854827,0.040007839
3,1125,1.0108933,0.081110391,0.58854827,0.040007839
3,1126,1.0167791,0.081564413,0.58536177,0.039956077
3,1127,1.0167791,0.081564413,0.58536177,0.039956077
3,1128,1.0131343,0.081464914,0.5841487,0.039951686
3,1129,1.0119431,0.08162662,0.58573859,0.040064107
3,1130,1.0198448,0.081493365,0.58600807,0.039601242
3,1131,1.0140727,0.081214669,0.58408274,0.039503966
3,1132,1.0140727,0.081214669,0.58408274,0.039503966
3,1133,1.0223828,0.081799905,0.58431327,0.039389231
3,1134,1.0103865,0.082032789,0.58632003,0.039349547
3,1135,1.0101114,0.08208027,0.59120017,0.039416445
3,1136,1.0193437,0.081233469,0.58758448,0.039387843
3,1137,1.0193437,0.081233469,0.58758448,0.039387843
3,1138,1.0205675,0.081562193,0.58771533,0.039745343
3,1139,1.0138966,0.081011485,0.58416184,0.0401173
3,1140,1.0090266,0.081409585,0.58927169,0.039930097
3,1141,1.0090266,0.081409585,0.58927169,0.039930097
3,1142,1.0061272,0.080987093,0.59285604,0.039753158
3,1143,1.0061272,0.080987093,0.59285604,0.039753158
3,1144,1.0113079,0.080736103,0.58971864,0.039964764
3,1145,1.0113079,0.080736103,0.58971864,0.039964764
3,1146,1.0065601,0.080647926,0.59300397,0.039761537
3,1147,1.0119262,0.080809789,0.58714655,0.03985454
3,1148,1.0119262,0.080809789,0.58714655,0.03985454
3,1149,1.0083667,0.080963782,0.58914364,0.04002598
3,1150,1.0083667,0.080963782,0.58914364,0.04002598
3,1151,1.0083667,0.080963782,0.58914364,0.04002598
3,1152,1.0087197,0.08072761,0.58924377,0.040087621
3,1153,1.0087197,0.08072761,0.58924377,0.040087621
3,1154,1.0087197,0.08072761,0.58924377,0.040087621
3,1155,1.0087197,0.08072761,0.58924377,0.040087621
3,1156,1.0087197,0.08072761,0.58924377,0.040087621
3,1157,1.0123409,0.081262306,0.58620674,0.039654058
3,1158,1.0123409,0.081262306,0.58620674,0.039654058
3,1159,1.0107384,0.080850358,0.5908233,0.040062039
3,1160,1.0107384,0.080850358,0.5908233,0.040062039
3,1161,1.0075917,0.080130973,0.58974479,0.039990953
3,1162,1.0075917,0.080130973,0.58974479,0.039990953
3,1163,1.0075917,0.080130973,0.58974479,0.039990953
3,1164,1.0075917,0.080130973,0.58974479,0.039990953
3,1165,1.0109392,0.0803492,0.58857444,0.040029656
3,1166,1.0109392,0.0803492,0.58857444,0.040029656
3,1167,1.0121037,0.080261176,0.58945323,0.039811413
3,1168,1.0121037,0.080261176,0.58945323,0.039811413
3,1169,1.0027545,0.07976531,0.5904308,0.040219843
3,1170,1.0045507,0.080304911,0.59218904,0.040261115
3,1171,1.0045507,0.080304911,0.59218904,0.040261115
3,1172,1.0045507,0.080304911,0.59218904,0.040261115
3,1173,1.0045507,0.080304911,0.59218904,0.040261115
3,1174,0.99664076,0.080596113,0.59565807,0.040183481
3,1175,0.99664076,0.080596113,0.59565807,0.040183481
3,1176,0.99664076,0.080596113,0.59565807,0.040183481
3,1177,0.99664076,0.080596113,0.59565807,0.040183481
3,1178,1.0020508,0.08094427,0.59116257,0.04028487
3,1179,0.99918952,0.080329829,0.59702913,0.040325306
3,1180,0.99821583,0.080604902,0.59622884,0.040344035
3,1181,0.99755969,0.080196409,0.59739891,0.039813232
3,1182,0.99755969,0.080196409,0.59739891,0.039813232
3,1183,0.99755969,0.080196409,0.59739891,0.039813232
3,1184,1.0003913,0.08016339,0.59787816,0.039938572
3,1185,1.0003913,0.08016339,0.59787816,0.039938572
3,1186,1.0003913,0.08016339,0.59787816,0.039938572
3,1187,0.98338691,0.079344846,0.60283643,0.040550684
3,1188,0.99042246,0.080213405,0.60079742,0.040439521
3,1189,0.98710031,0.079836863,0.59794671,0.040800932
3,1190,0.98894689,0.079802566,0.60176504,0.040559954
3,1191,0.98894689,0.079802566,0.60176504,0.040559954
3,1192,0.98894689,0.079802566,0.60176504,0.040559954
3,1193,0.98894689,0.079802566,0.60176504,0.040559954
3,1194,0.98894689,0.079802566,0.60176504,0.040559954
3,1195,0.98728243,0.079486004,0.6024198,0.04051034
3,1196,0.99744418,0.078784879,0.59419578,0.040821258
3,1197,0.98962321,0.079657298,0.59826933,0.040967057
3,1198,0.98962321,0.079657298,0.59826933,0.040967057
3,1199,0.98962321,0.079657298,0.59826933,0.040967057
3,1200,0.99493255,0.079851632,0.59930014,0.040477203
3,1201,0.99496398,0.079560691,0.59534469,0.040375078
3,1202,0.99496398,0.079560691,0.59534469,0.040375078
3,1203,0.99475335,0.079406621,0.59909192,0.040347753
3,1204,0.99475335,0.079406621,0.59909192,0.040347753
3,1205,0.99475335,0.079406621,0.59909192,0.040347753
3,1206,0.99475335,0.079406621,0.59909192,0.040347753
3,1207,0.99340915,0.078681436,0.60107377,0.040449116
3,1208,0.99340915,0.078681436,0.60107377,0.040449116
3,1209,0.9940304,0.079283396,0.59626276,0.040574366
3,1210,0.9940304,0.079283396,0.59626276,0.040574366
3,1211,0.9940304,0.079283396,0.59626276,0.040574366
3,1212,0.9940304,0.079283396,0.59626276,0.040574366
3,1213,0.9940304,0.079283396,0.59626276,0.040574366
3,1214,0.9940304,0.079283396,0.59626276,0.040574366
3,1215,0.9940304,0.079283396,0.59626276,0.040574366
3,1216,0.99796171,0.07946922,0.5982592,0.040210296
3,1217,0.99796171,0.07946922,0.5982592,0.040210296
3,1218,0.99796171,0.07946922,0.5982592,0.040210296
3,1219,1.004239,0.079913919,0.59426292,0.03999719
3,1220,1.004239,0.079913919,0.59426292,0.03999719
3,1221,1.004239,0.079913919,0.59426292,0.03999719
3,1222,1.0047409,0.080500073,0.59210338,0.040169672
3,1223,1.0047409,0.080500073,0.59210338,0.040169672
3,1224,1.0047409,0.080500073,0.59210338,0.040169672
3,1225,1.0047409,0.080500073,0.59210338,0.040169672
3,1226,1.0047409,0.080500073,0.59210338,0.040169672
3,1227,1.0006584,0.080997575,0.59258428,0.040319865
3,1228,1.0074961,0.080275679,0.59333952,0.040130829
3,1229,1.0032628,0.080188423,0.59391193,0.039922659
3,1230,1.0032628,0.080188423,0.59391193,0.039922659
3,1231,1.0032628,0.080188423,0.59391193,0.039922659
3,1232,1.0032628,0.080188423,0.59391193,0.039922659
3,1233,0.99981839,0.080169392,0.59172526,0.040259908
3,1234,0.99981839,0.080169392,0.59172526,0.040259908
3,1235,0.99981839,0.080169392,0.59172526,0.040259908
3,1236,0.99981839,0.080169392,0.59172526,0.040259908
3,1237,0.99981839,0.080169392,0.59172526,0.040259908
3,1238,0.99981839,0.080169392,0.59172526,0.040259908
3,1239,1.0025626,0.079932206,0.59444511,0.040086263
3,1240,1.0035607,0.079995214,0.59277604,0.040122545
3,1241,1.0006055,0.079757071,0.5942797,0.040197775
3,1242,1.0006055,0.079757071,0.5942797,0.040197775
3,1243,1.0006055,0.079757071,0.5942797,0.040197775
3,1244,0.99729002,0.080642418,0.59527307,0.040064125
3,1245,0.99729002,0.080642418,0.59527307,0.040064125
3,1246,0.99729002,0.080642418,0.59527307,0.040064125
3,1247,1.0018374,0.080989523,0.59263553,0.040243149
3,1248,1.0081586,0.079941255,0.59161903,0.040176465
3,1249,1.0070727,0.08005687,0.58854249,0.040167526
3,1250,1.0070727,0.08005687,0.58854249,0.040167526
3,1251,1.0070727,0.08005687,0.58854249,0.040167526
3,1252,1.0070727,0.08005687,0.58854249,0.040167526
3,1253,0.9988427,0.079608051,0.59330652,0.040244183
3,1254,0.9988427,0.079608051,0.59330652,0.040244183
3,1255,1.0008205,0.079968355,0.59124573,0.040250601
3,1256,0.9950322,0.079530483,0.59419897,0.040522291
3,1257,0.9950322,0.079530483,0.59419897,0.040522291
3,1258,1.0011792,0.079549021,0.59439518,0.040547641
3,1259,0.99812727,0.079844003,0.59357972,0.040331156
3,1260,0.99812727,0.079844003,0.59357972,0.040331156
3,1261,0.99812727,0.079844003,0.59357972,0.040331156
3,1262,0.99812727,0.079844003,0.59357972,0.040331156
3,1263,0.99741878,0.079854749,0.59679337,0.040425814
3,1264,0.99741878,0.079854749,0.59679337,0.040425814
3,1265,0.99741878,0.079854749,0.59679337,0.040425814
3,1266,0.99323973,0.079996665,0.59650288,0.040321178
3,1267,0.99323973,0.079996665,0.59650288,0.040321178
3,1268,0.99479013,0.080140738,0.59625061,0.040519212
3,1269,0.99269674,0.079445235,0.59737443,0.040191164
3,1270,0.99269674,0.079445235,0.59737443,0.040191164
3,1271,0.99928582,0.079259766,0.5941119,0.040506969
3,1272,0.9948408,0.079453661,0.59512331,0.040683683
3,1273,0.99492789,0.07927228,0.5972743,0.040547559
3,1274,0.99064999,0.078945448,0.60114401,0.040656502
3,1275,0.99064999,0.078945448,0.60114401,0.040656502
3,1276,0.99064999,0.078945448,0.60114401,0.040656502
3,1277,0.99064999,0.078945448,0.60114401,0.040656502
3,1278,0.99374486,0.079029413,0.60179769,0.040467526
3,1279,0.99374486,0.079029413,0.60179769,0.040467526
3,1280,0.99378131,0.079034023,0.5977528,0.040805917
3,1281,0.99378131,0.079034023,0.5977528,0.040805917
3,1282,0.99190339,0.078717076,0.59886027,0.040970841
3,1283,0.99190339,0.078717076,0.59886027,0.040970841
3,1284,0.98954022,0.078375116,0.60196795,0.040749521
3,1285,0.98954022,0.078375116,0.60196795,0.040749521
3,1286,0.99235067,0.078668398,0.6002146,0.040735039
3,1287,0.99235067,0.078668398,0.6002146,0.040735039
3,1288,0.99156516,0.07899187,0.60253795,0.040655132
3,1289,0.99156516,0.07899187,0.60253795,0.040655132
3,1290,0.99156516,0.07899187,0.60253795,0.040655132
3,1291,0.99925298,0.079769564,0.59830094,0.040315786
3,1292,0.99733801,0.078871203,0.59697036,0.040153686
3,1293,0.99733801,0.078871203,0.59697036,0.040153686
3,1294,0.9926743,0.078861998,0.60238531,0.04030681
3,1295,0.99053156,0.078128364,0.60108107,0.040686124
3,1296,0.98694016,0.077921532,0.60027311,0.040808479
3,1297,0.98694016,0.077921532,0.60027311,0.040808479
3,1298,0.99019038,0.078349791,0.60246985,0.040935119
3,1299,0.98647434,0.078427274,0.60485056,0.040770425
3,1300,0.98745719,0.078547851,0.6005853,0.0408895
3,1301,0.98745719,0.078547851,0.6005853,0.0408895
3,1302,0.98894845,0.078581937,0.60047679,0.04062089
3,1303,0.99299611,0.078892554,0.59955322,0.040261541
3,1304,0.99299611,0.078892554,0.59955322,0.040261541
3,1305,0.99299611,0.078892554,0.59955322,0.040261541
3,1306,0.99252698,0.079354826,0.59948689,0.04078902
3,1307,0.9951802,0.078991844,0.59602765,0.040340147
3,1308,0.995628,0.08009743,0.59543756,0.04038407
3,1309,0.995628,0.08009743,0.59543756,0.04038407
3,1310,0.995628,0.08009743,0.59543756,0.04038407
3,1311,0.99921508,0.080083827,0.59359264,0.04028353
3,1312,0.99921508,0.080083827,0.59359264,0.04028353
3,1313,0.99921508,0.080083827,0.59359264,0.04028353
3,1314,0.99921508,0.080083827,0.59359264,0.04028353
3,1315,0.99921508,0.080083827,0.59359264,0.04028353
3,1316,0.99874231,0.080428345,0.59298746,0.040438672
3,1317,0.99874231,0.080428345,0.59298746,0.040438672
3,1318,0.99874231,0.080428345,0.59298746,0.040438672
3,1319,0.99874231,0.080428345,0.59298746,0.040438672
3,1320,0.99874231,0.080428345,0.59298746,0.040438672
3,1321,0.99874231,0.080428345,0.59298746,0.040438672
3,1322,0.99874231,0.080428345,0.59298746,0.040438672
3,1323,0.99874231,0.080428345,0.59298746,0.040438672
3,1324,0.99918712,0.080289485,0.59642481,0.040342881
3,1325,0.99971779,0.080040269,0.59173361,0.040188323
3,1326,1.0032116,0.079534741,0.59213145,0.040520428
3,1327,0.99475433,0.079887878,0.59460328,0.04057445
3,1328,1.0033096,0.080777286,0.59202613,0.040450221
3,1329,1.0050479,0.08123864,0.59195164,0.039877296
3,1330,1.011342,0.081229857,0.5898338,0.039865926
3,1331,1.0074886,0.08073259,0.58702904,0.040051033
3,1332,1.0109777,0.080521438,0.58728502,0.040148603
3,1333,1.0148007,0.081530373,0.58794913,0.040168096
3,1334,0.9997103,0.079695167,0.59235381,0.039869307
3,1335,1.0088703,0.080179279,0.58821247,0.039963411
3,1336,1.0093924,0.080661294,0.59123226,0.039691669
3,1337,1.0036601,0.080567538,0.5929929,0.040192403
3,1338,1.0036601,0.080567538,0.5929929,0.040192403
3,1339,1.0051388,0.080693667,0.59068578,0.040052122
3,1340,1.0051388,0.080693667,0.59068578,0.040052122
3,1341,1.0073606,0.080589283,0.58958898,0.040058279
3,1342,1.0102899,0.080772348,0.58808234,0.040188976
3,1343,1.0102899,0.080772348,0.58808234,0.040188976
3,1344,1.0086467,0.081034481,0.58913416,0.040280627
3,1345,1.0086467,0.081034481,0.58913416,0.040280627
3,1346,1.004813,0.081406154,0.58849826,0.040116285
3,1347,1.004813,0.081406154,0.58849826,0.040116285
3,1348,1.004813,0.081406154,0.58849826,0.040116285
3,1349,1.0082247,0.081588382,0.59082996,0.039757543
3,1350,1.0082247,0.081588382,0.59082996,0.039757543
3,1351,1.0114423,0.081857868,0.58605248,0.0398166
3,1352,1.0121157,0.081447968,0.58722874,0.039968623
3,1353,1.0158532,0.081481021,0.58411214,0.039872309
3,1354,1.0158532,0.081481021,0.58411214,0.039872309
3,1355,1.0158532,0.081481021,0.58411214,0.039872309
3,1356,1.0158532,0.081481021,0.58411214,0.039872309
3,1357,1.0170542,0.081212095,0.58414934,0.03974643
3,1358,1.0195033,0.082396133,0.58383334,0.039667458
3,1359,1.0180914,0.082220997,0.58619621,0.039368201
3,1360,1.0180914,0.082220997,0.58619621,0.039368201
3,1361,1.0199893,0.082129294,0.58213662,0.039326558
3,1362,1.0218544,0.081664326,0.57907183,0.039786814
3,1363,1.0210889,0.081380736,0.58207883,0.039472034
3,1364,1.0210889,0.081380736,0.58207883,0.039472034
3,1365,1.0116414,0.081373383,0.58539215,0.039657752
3,1366,1.0116414,0.081373383,0.58539215,0.039657752
3,1367,1.0103877,0.081983032,0.58565969,0.039805041
3,1368,1.0103877,0.081983032,0.58565969,0.039805041
3,1369,1.0114871,0.080658124,0.59192804,0.039793631
3,1370,1.0114871,0.080658124,0.59192804,0.039793631
3,1371,1.0114871,0.080658124,0.59192804,0.039793631
3,1372,1.0050866,0.080128217,0.58997658,0.039838684
3,1373,1.0057995,0.080089926,0.59381024,0.039958056
3,1374,0.99561982,0.079768852,0.59473919,0.040164044
3,1375,0.99561982,0.079768852,0.59473919,0.040164044
3,1376,0.99561982,0.079768852,0.59473919,0.040164044
3,1377,0.99515162,0.079746418,0.59969098,0.040293337
3,1378,0.99515162,0.079746418,0.59969098,0.040293337
3,1379,0.99542573,0.079810708,0.59955597,0.040262438
3,1380,0.99579606,0.080287452,0.59921265,0.040178699
3,1381,0.99139504,0.079921764,0.60037945,0.040410121
3,1382,0.99320283,0.079150943,0.60033785,0.040077945
3,1383,0.99320283,0.079150943,0.60033785,0.040077945
3,1384,0.99320283,0.079150943,0.60033785,0.040077945
3,1385,0.98794778,0.078769165,0.60257865,0.040556131
3,1386,0.98794778,0.078769165,0.60257865,0.040556131
3,1387,0.99350645,0.079255144,0.60044431,0.040627078
3,1388,0.99350645,0.079255144,0.60044431,0.040627078
3,1389,0.99350645,0.079255144,0.60044431,0.040627078
3,1390,0.99028603,0.078709559,0.59862421,0.041049462
3,1391,0.98942612,0.07923442,0.60032707,0.040861183
3,1392,0.98518798,0.079127472,0.60143641,0.040710932
3,1393,0.98518798,0.079127472,0.60143641,0.040710932
3,1394,0.98518798,0.079127472,0.60143641,0.040710932
3,1395,0.98745195,0.078998777,0.60073893,0.040852502
3,1396,0.99777716,0.079411801,0.59588839,0.040570432
3,1397,0.99777716,0.079411801,0.59588839,0.040570432
3,1398,0.99353694,0.079172679,0.59792276,0.040632815
3,1399,0.9910767,0.07933392,0.60075451,0.040664628
3,1400,0.99272054,0.07891274,0.59865075,0.040698496
3,1401,0.99272054,0.07891274,0.59865075,0.040698496
3,1402,0.98844953,0.078881505,0.6003062,0.04087342
3,1403,0.98844953,0.078881505,0.6003062,0.04087342
3,1404,0.98844953,0.078881505,0.6003062,0.04087342
3,1405,0.99169249,0.079180318,0.59672587,0.040644784
3,1406,0.99160835,0.079108989,0.6001799,0.040298543
3,1407,0.99042888,0.079257122,0.5991377,0.04044488
3,1408,0.99042888,0.079257122,0.5991377,0.04044488
3,1409,0.99427502,0.079438978,0.5955962,0.04041673
3,1410,0.99498162,0.079927223,0.59549788,0.0404159
3,1411,0.99498162,0.079927223,0.59549788,0.0404159
3,1412,0.99498162,0.079927223,0.59549788,0.0404159
3,1413,1.0048167,0.080259169,0.59671452,0.039982907
3,1414,1.0121901,0.081215131,0.59059727,0.039722526
3,1415,1.0172188,0.082313851,0.57900825,0.039622155
3,1416,1.0230476,0.08192489,0.58508219,0.039173407
3,1417,1.0230476,0.08192489,0.58508219,0.039173407
3,1418,1.0230476,0.08192489,0.58508219,0.039173407
3,1419,1.0201368,0.081314516,0.58269576,0.039662665
3,1420,1.0201559,0.081916557,0.58495876,0.039666659
3,1421,1.0201559,0.081916557,0.58495876,0.039666659
3,1422,1.0228717,0.082003961,0.58388547,0.03962591
3,1423,1.0222684,0.08178324,0.58438536,0.03963252
3,1424,1.0222684,0.08178324,0.58438536,0.03963252
3,1425,1.0188497,0.082225911,0.58507792,0.039526748
3,1426,1.0188497,0.082225911,0.58507792,0.039526748
3,1427,1.0137614,0.08173534,0.58693472,0.039922456
3,1428,1.0137614,0.08173534,0.58693472,0.039922456
3,1429,1.0124152,0.08062698,0.5860001,0.040027465
3,1430,1.0188818,0.081020982,0.58218887,0.039684524
3,1431,1.0188818,0.081020982,0.58218887,0.039684524
3,1432,1.0188818,0.081020982,0.58218887,0.039684524
3,1433,1.0188818,0.081020982,0.58218887,0.039684524
3,1434,1.0125486,0.081065901,0.5852748,0.039950426
3,1435,1.0081507,0.080529679,0.58805514,0.03990718
3,1436,1.0082588,0.080491713,0.59276952,0.039967433
3,1437,1.0082588,0.080491713,0.59276952,0.039967433
3,1438,1.0082588,0.080491713,0.59276952,0.039967433
3,1439,1.0082588,0.080491713,0.59276952,0.039967433
3,1440,0.9989799,0.079948067,0.59145585,0.040284342
3,1441,1.0090032,0.079255937,0.59070718,0.040129911
3,1442,1.0090032,0.079255937,0.59070718,0.040129911
3,1443,1.0090032,0.079255937,0.59070718,0.040129911
3,1444,1.0104312,0.079354461,0.58882356,0.040147072
3,1445,1.0104312,0.079354461,0.58882356,0.040147072
3,1446,1.0081402,0.080138413,0.5858224,0.040296608
3,1447,1.0078977,0.080417587,0.58715827,0.040452727
3,1448,1.0030483,0.080152329,0.59336675,0.040265422
3,1449,1.0030483,0.080152329,0.59336675,0.040265422
3,1450,1.0030483,0.080152329,0.59336675,0.040265422
3,1451,1.0030483,0.080152329,0.59336675,0.040265422
3,1452,1.0030483,0.080152329,0.59336675,0.040265422
3,1453,1.0030483,0.080152329,0.59336675,0.040265422
3,1454,1.0030483,0.080152329,0.59336675,0.040265422
3,1455,1.0030483,0.080152329,0.59336675,0.040265422
3,1456,1.0030483,0.080152329,0.59336675,0.040265422
3,1457,1.0030483,0.080152329,0.59336675,0.040265422
3,1458,1.0030483,0.080152329,0.59336675,0.040265422
3,1459,1.0030483,0.080152329,0.59336675,0.040265422
3,1460,1.0030483,0.080152329,0.59336675,0.040265422
3,1461,1.0030483,0.080152329,0.59336675,0.040265422
3,1462,1.0030483,0.080152329,0.59336675,0.040265422
3,1463,1.0042303,0.080685993,0.5919126,0.039940248
3,1464,1.0039463,0.080235609,0.59367204,0.039766849
3,1465,1.0039463,0.080235609,0.59367204,0.039766849
3,1466,1.0039463,0.080235609,0.59367204,0.039766849
3,1467,1.0038315,0.080390724,0.59339974,0.039869158
3,1468,1.0084217,0.079696594,0.591579,0.040164936
3,1469,1.0084217,0.079696594,0.591579,0.040164936
3,1470,1.0084217,0.079696594,0.591579,0.040164936
3,1471,1.0084217,0.079696594,0.591579,0.040164936
3,1472,0.99905231,0.080014711,0.59496804,0.040405013
3,1473,0.99371779,0.07979157,0.59796755,0.040353331
3,1474,0.99371779,0.07979157,0.59796755,0.040353331
3,1475,0.99371779,0.07979157,0.59796755,0.040353331
3,1476,0.99422885,0.079758554,0.5979719,0.040399194
3,1477,0.99422885,0.079758554,0.5979719,0.040399194
3,1478,0.99967668,0.079916398,0.59788836,0.040291139
3,1479,0.99757529,0.08030256,0.59601321,0.04008644
3,1480,1.0006986,0.079651515,0.59571805,0.039801909
3,1481,0.99921421,0.079681805,0.59561335,0.040297197
3,1482,0.99921421,0.079681805,0.59561335,0.040297197
3,1483,0.99921421,0.079681805,0.59561335,0.040297197
3,1484,0.99548065,0.080046294,0.59553492,0.040167177
3,1485,0.99235199,0.080066157,0.59865215,0.040292574
3,1486,0.99235199,0.080066157,0.59865215,0.040292574
3,1487,0.99235199,0.080066157,0.59865215,0.040292574
3,1488,0.99619441,0.079604176,0.59793435,0.040500791
3,1489,0.99950725,0.079559673,0.59370984,0.040377136
3,1490,0.99950725,0.079559673,0.59370984,0.040377136
3,1491,0.99950725,0.079559673,0.59370984,0.040377136
3,1492,0.99950725,0.079559673,0.59370984,0.040377136
3,1493,0.99950725,0.079559673,0.59370984,0.040377136
3,1494,0.99460813,0.080331523,0.59588131,0.040251226
3,1495,0.99538453,0.080384908,0.59584733,0.040407095
3,1496,0.99581943,0.080661099,0.59633402,0.04016738
3,1497,0.99581943,0.080661099,0.59633402,0.04016738
3,1498,1.0013799,0.080113034,0.59515881,0.040600274
3,1499,1.0046043,0.080694199,0.59530972,0.040210805
3,1500,1.0043849,0.07970171,0.5948501,0.04002393
3,1501,1.0073517,0.080084893,0.59101712,0.040377044
3,1502,0.99952373,0.080815389,0.59226318,0.040086426
3,1503,1.0020187,0.079370139,0.59184625,0.040276331
3,1504,1.0020187,0.079370139,0.59184625,0.040276331
3,1505,1.0020187,0.079370139,0.59184625,0.040276331
3,1506,1.0020187,0.079370139,0.59184625,0.040276331
3,1507,1.0020187,0.079370139,0.59184625,0.040276331
3,1508,1.0017375,0.080042928,0.592553,0.040342943
3,1509,1.0017388,0.080531222,0.59092719,0.040151657
3,1510,1.0017388,0.080531222,0.59092719,0.040151657
3,1511,1.0017388,0.080531222,0.59092719,0.040151657
3,1512,1.0017388,0.080531222,0.59092719,0.040151657
3,1513,1.0045972,0.081199479,0.59171315,0.039838856
3,1514,1.0036437,0.081323512,0.58808496,0.039955288
3,1515,1.0064585,0.080983229,0.59165607,0.040150229
3,1516,1.0064585,0.080983229,0.59165607,0.040150229
3,1517,1.0064585,0.080983229,0.59165607,0.040150229
3,1518,1.0032398,0.08102234,0.59394378,0.039854415
3,1519,1.005779,0.081085774,0.59171398,0.039735172
3,1520,1.005779,0.081085774,0.59171398,0.039735172
3,1521,1.0075408,0.079997994,0.59136868,0.040024695
3,1522,1.0075408,0.079997994,0.59136868,0.040024695
3,1523,1.0075408,0.079997994,0.59136868,0.040024695
3,1524,1.0075408,0.079997994,0.59136868,0.040024695
3,1525,1.0036088,0.080170486,0.59521736,0.039968986
3,1526,1.0036088,0.080170486,0.59521736,0.039968986
3,1527,1.0078242,0.080187597,0.59097534,0.040322768
3,1528,1.0078242,0.080187597,0.59097534,0.040322768
3,1529,1.0010871,0.08001297,0.59210507,0.040364178
3,1530,1.0010871,0.08001297,0.59210507,0.040364178
3,1531,0.99113263,0.079909605,0.59660269,0.040633597
3,1532,0.99414542,0.079245452,0.59315558,0.040632188
3,1533,0.9982058,0.079302231,0.59407961,0.040876352
3,1534,0.99322787,0.079695102,0.59753797,0.040799616
3,1535,0.99322787,0.079695102,0.59753797,0.040799616
3,1536,0.9906274,0.079056202,0.59865786,0.040228657
3,1537,0.99381709,0.078447571,0.60274422,0.040558257
3,1538,0.99381709,0.078447571,0.60274422,0.040558257
3,1539,0.99381709,0.078447571,0.60274422,0.040558257
3,1540,0.99381709,0.078447571,0.60274422,0.040558257
3,1541,0.99381709,0.078447571,0.60274422,0.040558257
3,1542,0.99407525,0.078835145,0.59925962,0.040819608
3,1543,0.99407525,0.078835145,0.59925962,0.040819608
3,1544,0.98922294,0.07819889,0.60058159,0.040972699
3,1545,0.98770593,0.078461042,0.6004199,0.040767279
3,1546,0.99589793,0.078560383,0.59803216,0.040556656
3,1547,0.99589793,0.078560383,0.59803216,0.040556656
3,1548,0.99589793,0.078560383,0.59803216,0.040556656
3,1549,0.99589793,0.078560383,0.59803216,0.040556656
3,1550,0.99589793,0.078560383,0.59803216,0.040556656
3,1551,0.99589793,0.078560383,0.59803216,0.040556656
3,1552,0.99589793,0.078560383,0.59803216,0.040556656
3,1553,0.99332671,0.079195028,0.60243076,0.04064838
3,1554,0.98801268,0.07860337,0.60106217,0.040385102
3,1555,0.99220243,0.078777033,0.60177052,0.040565982
3,1556,0.99259023,0.078717985,0.60395677,0.040308343
3,1557,0.9885235,0.079398135,0.60191303,0.040499209
3,1558,0.9885235,0.079398135,0.60191303,0.040499209
3,1559,0.9885235,0.079398135,0.60191303,0.040499209
3,1560,0.99661169,0.078604311,0.59874363,0.040719378
3,1561,0.99661169,0.078604311,0.59874363,0.040719378
3,1562,0.99661169,0.078604311,0.59874363,0.040719378
3,1563,0.99371533,0.078622797,0.59911726,0.041032834
3,1564,0.99371533,0.078622797,0.59911726,0.041032834
3,1565,0.98776576,0.078316938,0.60199848,0.040817995
3,1566,0.98776576,0.078316938,0.60199848,0.040817995
3,1567,0.98776576,0.078316938,0.60199848,0.040817995
3,1568,0.98776576,0.078316938,0.60199848,0.040817995
3,1569,0.98893643,0.07884299,0.6029526,0.040740798
3,1570,0.98479001,0.078407095,0.60307162,0.040934166
3,1571,0.98479001,0.078407095,0.60307162,0.040934166
3,1572,0.98894376,0.07849914,0.6054055,0.040569749
3,1573,0.98894376,0.07849914,0.6054055,0.040569749
3,1574,0.99087654,0.078782615,0.60071093,0.040390465
3,1575,0.99240227,0.078658062,0.599193,0.040491855
3,1576,0.99597561,0.079299967,0.59734339,0.040178567
3,1577,0.9903426,0.078480411,0.60069073,0.040097144
3,1578,0.98639163,0.078663004,0.60007391,0.040437754
3,1579,0.98639163,0.078663004,0.60007391,0.040437754
3,1580,0.98606119,0.078638631,0.60241744,0.040604686
3,1581,0.98606119,0.078638631,0.60241744,0.040604686
3,1582,0.99064138,0.079428921,0.60154724,0.040579148
3,1583,0.99064138,0.079428921,0.60154724,0.040579148
3,1584,0.99064138,0.079428921,0.60154724,0.040579148
3,1585,0.98802261,0.079122673,0.60271268,0.040693948
3,1586,0.98802261,0.079122673,0.60271268,0.040693948
3,1587,0.98802261,0.079122673,0.60271268,0.040693948
3,1588,0.99379242,0.078645758,0.60439638,0.040169089
3,1589,0.98585214,0.078472244,0.60190741,0.040497322
3,1590,0.98585214,0.078472244,0.60190741,0.040497322
3,1591,0.99001051,0.07871098,0.59845086,0.040787194
3,1592,0.98905436,0.078621589,0.60013498,0.040767903
3,1593,0.99048088,0.079347788,0.60173836,0.040635194
3,1594,0.99661126,0.079458794,0.59988512,0.040421466
3,1595,0.99383216,0.079735971,0.59509214,0.040671483
3,1596,0.99383216,0.079735971,0.59509214,0.040671483
3,1597,0.992106,0.079358538,0.59624006,0.040670266
3,1598,0.99301934,0.079363752,0.59779545,0.040899031
3,1599,0.98948305,0.07918163,0.60182402,0.040781358
3,1600,0.98948305,0.07918163,0.60182402,0.040781358
3,1601,0.99108442,0.078249552,0.60088447,0.040947012
3,1602,0.99108442,0.078249552,0.60088447,0.040947012
3,1603,0.99108442,0.078249552,0.60088447,0.040947012
3,1604,0.99108442,0.078249552,0.60088447,0.040947012
3,1605,0.99303357,0.078875664,0.59909502,0.040864299
3,1606,0.9886159,0.078950243,0.60097063,0.040950431
3,1607,0.9886159,0.078950243,0.60097063,0.040950431
3,1608,0.99360301,0.07900449,0.60298245,0.040602943
3,1609,0.98624662,0.079064699,0.60261594,0.040712373
3,1610,0.98624662,0.079064699,0.60261594,0.040712373
3,1611,0.98624662,0.079064699,0.60261594,0.040712373
3,1612,0.98681794,0.078752515,0.60241873,0.04073358
3,1613,0.98638902,0.078458382,0.60373927,0.040971406
3,1614,0.98638902,0.078458382,0.60373927,0.040971406
3,1615,0.99053172,0.078116115,0.60146798,0.040674888
3,1616,0.99053172,0.078116115,0.60146798,0.040674888
3,1617,0.99053172,0.078116115,0.60146798,0.040674888
3,1618,0.99053172,0.078116115,0.60146798,0.040674888
3,1619,0.98622904,0.07894245,0.60273051,0.040736444
3,1620,0.98622904,0.07894245,0.60273051,0.040736444
3,1621,0.98622904,0.07894245,0.60273051,0.040736444
3,1622,0.98622904,0.07894245,0.60273051,0.040736444
3,1623,0.98656548,0.078230026,0.60554582,0.040912344
3,1624,0.98656548,0.078230026,0.60554582,0.040912344
3,1625,0.99072419,0.078679414,0.60083542,0.041056048
3,1626,0.98936322,0.078532136,0.6018775,0.040770134
3,1627,0.98936322,0.078532136,0.6018775,0.040770134
3,1628,0.98936322,0.078532136,0.6018775,0.040770134
3,1629,0.98752421,0.078520398,0.60094086,0.040649834
3,1630,0.98943537,0.078204199,0.60007623,0.04077993
3,1631,0.98928295,0.078398261,0.60304464,0.040963876
3,1632,0.98854876,0.079389993,0.59877345,0.040690329
3,1633,0.98551089,0.079616617,0.60392911,0.040575726
3,1634,0.99508771,0.07999136,0.59569296,0.040178626
3,1635,0.99508771,0.07999136,0.59569296,0.040178626
3,1636,0.99508771,0.07999136,0.59569296,0.040178626
3,1637,0.99875426,0.079389796,0.59556462,0.040177666
3,1638,0.99875426,0.079389796,0.59556462,0.040177666
3,1639,0.99875426,0.079389796,0.59556462,0.040177666
3,1640,1.000074,0.079752349,0.59677393,0.040319857
3,1641,0.99228572,0.079459042,0.60058703,0.040550581
3,1642,0.99555524,0.079392379,0.59975264,0.040543887
3,1643,0.99555524,0.079392379,0.59975264,0.040543887
3,1644,0.99575743,0.079800258,0.59882689,0.040028728
3,1645,0.99666958,0.079284892,0.59841485,0.039914953
3,1646,0.99666958,0.079284892,0.59841485,0.039914953
3,1647,0.99536718,0.079425555,0.59597614,0.040081859
3,1648,0.99536718,0.079425555,0.59597614,0.040081859
3,1649,0.99525424,0.079139678,0.59869753,0.04035784
3,1650,0.99077028,0.078368768,0.60109008,0.040483915
3,1651,0.99077028,0.078368768,0.60109008,0.040483915
3,1652,0.98770905,0.078354478,0.60311637,0.040475852
3,1653,0.98770905,0.078354478,0.60311637,0.040475852
3,1654,0.98272367,0.07825581,0.60636639,0.040861995
3,1655,0.98272367,0.07825581,0.60636639,0.040861995
3,1656,0.98272367,0.07825581,0.60636639,0.040861995
3,1657,0.98137895,0.077670965,0.6073049,0.040742095
3,1658,0.98541511,0.077727074,0.60258335,0.04109229
3,1659,0.98791965,0.078012805,0.6020795,0.041241102
3,1660,0.98949142,0.078130002,0.60495807,0.040896057
3,1661,0.98639,0.077752556,0.60557316,0.040949673
3,1662,0.98365125,0.078302181,0.60247004,0.040962084
3,1663,0.98365125,0.078302181,0.60247004,0.040962084
3,1664,0.98365125,0.078302181,0.60247004,0.040962084
3,1665,0.98290019,0.07753688,0.60603489,0.041271044
3,1666,0.98546098,0.078245045,0.60421401,0.040992808
3,1667,0.98546098,0.078245045,0.60421401,0.040992808
3,1668,0.98179438,0.077595988,0.60309055,0.041319819
3,1669,0.98653929,0.07814545,0.60153795,0.041267036
3,1670,0.98653929,0.07814545,0.60153795,0.041267036
3,1671,0.98653929,0.07814545,0.60153795,0.041267036
3,1672,0.98653929,0.07814545,0.60153795,0.041267036
3,1673,0.98476205,0.078553054,0.59902957,0.041025359
3,1674,0.98476205,0.078553054,0.59902957,0.041025359
3,1675,0.99268756,0.07797982,0.60077676,0.040589406
3,1676,0.99268756,0.07797982,0.60077676,0.040589406
3,1677,0.99268756,0.07797982,0.60077676,0.040589406
3,1678,0.99268756,0.07797982,0.60077676,0.040589406
3,1679,0.99268756,0.07797982,0.60077676,0.040589406
3,1680,0.99150714,0.07817386,0.59986246,0.040949649
3,1681,0.99596477,0.079513807,0.59868437,0.040428804
3,1682,0.99596477,0.079513807,0.59868437,0.040428804
3,1683,0.99596477,0.079513807,0.59868437,0.040428804
3,1684,0.98657246,0.079108842,0.60492344,0.040589821
3,1685,0.98657246,0.079108842,0.60492344,0.040589821
3,1686,0.9839364,0.079253614,0.60269744,0.040780187
3,1687,0.98245586,0.079023478,0.60617998,0.040910691
3,1688,0.97732685,0.078461398,0.6077902,0.040897586
3,1689,0.98440134,0.078019671,0.60724434,0.040749751
3,1690,0.98440134,0.078019671,0.60724434,0.040749751
3,1691,0.98653255,0.078107374,0.60479192,0.040875704
3,1692,0.98653255,0.078107374,0.60479192,0.040875704
3,1693,0.99368989,0.078507097,0.59847193,0.040368869
3,1694,0.99368989,0.078507097,0.59847193,0.040368869
3,1695,0.99368989,0.078507097,0.59847193,0.040368869
3,1696,0.99368989,0.078507097,0.59847193,0.040368869
3,1697,0.99368989,0.078507097,0.59847193,0.040368869
3,1698,0.99326978,0.079200689,0.59930112,0.040615107
3,1699,0.99326978,0.079200689,0.59930112,0.040615107
3,1700,0.9949601,0.079965171,0.59556801,0.040348182
3,1701,0.9949601,0.079965171,0.59556801,0.040348182
3,1702,0.9949601,0.079965171,0.59556801,0.040348182
3,1703,0.99784514,0.080602026,0.59554481,0.040030238
3,1704,0.99784514,0.080602026,0.59554481,0.040030238
3,1705,0.99784514,0.080602026,0.59554481,0.040030238
3,1706,0.99784514,0.080602026,0.59554481,0.040030238
3,1707,1.0026362,0.079808668,0.5939117,0.039858426
3,1708,1.0032653,0.080687946,0.59300185,0.039709668
3,1709,0.99483815,0.080089912,0.59303207,0.040349138
3,1710,0.99116277,0.080136968,0.5970848,0.040497321
3,1711,0.99352479,0.080164749,0.59585879,0.040397031
3,1712,0.9954756,0.079880868,0.59563484,0.0404608
3,1713,1.002166,0.080222284,0.59139303,0.040514082
3,1714,1.002166,0.080222284,0.59139303,0.040514082
3,1715,1.002166,0.080222284,0.59139303,0.040514082
3,1716,1.002166,0.080222284,0.59139303,0.040514082
3,1717,1.002166,0.080222284,0.59139303,0.040514082
3,1718,1.002166,0.080222284,0.59139303,0.040514082
3,1719,1.002166,0.080222284,0.59139303,0.040514082
3,1720,1.002166,0.080222284,0.59139303,0.040514082
3,1721,1.0008392,0.080044879,0.59207083,0.040276715
3,1722,1.0045229,0.079566526,0.59146046,0.040081295
3,1723,1.0045229,0.079566526,0.59146046,0.040081295
3,1724,1.0045229,0.079566526,0.59146046,0.040081295
3,1725,1.0033774,0.079774111,0.59434121,0.04035759
3,1726,1.0033774,0.079774111,0.59434121,0.04035759
3,1727,0.99474248,0.079443826,0.59605272,0.040391333
3,1728,0.99635073,0.079131653,0.59842468,0.040276379
3,1729,0.99635073,0.079131653,0.59842468,0.040276379
3,1730,0.99020494,0.078984275,0.60107925,0.040357712
3,1731,0.99020494,0.078984275,0.60107925,0.040357712
3,1732,0.99020494,0.078984275,0.60107925,0.040357712
3,1733,0.99020494,0.078984275,0.60107925,0.040357712
3,1734,0.99020494,0.078984275,0.60107925,0.040357712
3,1735,0.99020494,0.078984275,0.60107925,0.040357712
3,1736,0.99051485,0.079477522,0.59981996,0.040376513
3,1737,0.99051485,0.079477522,0.59981996,0.040376513
3,1738,0.9922738,0.078832558,0.59832745,0.04050853
3,1739,0.9922738,0.078832558,0.59832745,0.04050853
3,1740,0.9922738,0.078832558,0.59832745,0.04050853
3,1741,0.9922738,0.078832558,0.59832745,0.04050853
3,1742,0.9922738,0.078832558,0.59832745,0.04050853
3,1743,0.9922738,0.078832558,0.59832745,0.04050853
3,1744,0.9922738,0.078832558,0.59832745,0.04050853
3,1745,0.9922738,0.078832558,0.59832745,0.04050853
3,1746,0.9922738,0.078832558,0.59832745,0.04050853
3,1747,0.9922738,0.078832558,0.59832745,0.04050853
3,1748,0.9922738,0.078832558,0.59832745,0.04050853
3,1749,0.9922738,0.078832558,0.59832745,0.04050853
3,1750,0.9934774,0.079513793,0.59646985,0.040287102
3,1751,0.99573378,0.079145102,0.59651817,0.040308436
3,1752,0.99575019,0.079018083,0.5985569,0.040242579
3,1753,0.99575019,0.079018083,0.5985569,0.040242579
3,1754,0.99575019,0.079018083,0.5985569,0.040242579
3,1755,0.98674508,0.079040263,0.60277519,0.040597473
3,1756,0.99623084,0.078641721,0.598101,0.040414894
3,1757,0.99623084,0.078641721,0.598101,0.040414894
3,1758,0.99412439,0.079285393,0.5984375,0.04051887
3,1759,0.99412439,0.079285393,0.5984375,0.04051887
3,1760,0.99554301,0.079196257,0.59660753,0.040555206
3,1761,0.99554301,0.079196257,0.59660753,0.040555206
3,1762,0.99554301,0.079196257,0.59660753,0.040555206
3,1763,0.99554301,0.079196257,0.59660753,0.040555206
3,1764,0.99554301,0.079196257,0.59660753,0.040555206
3,1765,0.99883405,0.079196718,0.59584714,0.040711657
3,1766,0.99680396,0.078851744,0.59957691,0.040254809
3,1767,0.99680396,0.078851744,0.59957691,0.040254809
3,1768,0.99680396,0.078851744,0.59957691,0.040254809
3,1769,0.99493742,0.079212621,0.59759012,0.040420988
3,1770,0.99493742,0.079212621,0.59759012,0.040420988
3,1771,0.99493742,0.079212621,0.59759012,0.040420988
3,1772,0.99493742,0.079212621,0.59759012,0.040420988
3,1773,0.99754258,0.079217334,0.59479897,0.040188518
3,1774,0.99481191,0.079260712,0.59485908,0.040240073
3,1775,0.99921821,0.079822021,0.59379068,0.040506079
3,1776,0.99921821,0.079822021,0.59379068,0.040506079
3,1777,1.0014102,0.080404448,0.59283207,0.040112559
3,1778,1.0042829,0.080253708,0.5921237,0.040213412
3,1779,1.0042829,0.080253708,0.5921237,0.040213412
3,1780,1.0112457,0.080295283,0.58887244,0.039868417
3,1781,1.0112457,0.080295283,0.58887244,0.039868417
3,1782,1.0141147,0.080941908,0.587634,0.039791419
3,1783,1.0141147,0.080941908,0.587634,0.039791419
3,1784,1.0141147,0.080941908,0.587634,0.039791419
3,1785,1.006765,0.081531274,0.59091857,0.039922428
3,1786,1.0066098,0.081378303,0.58997126,0.039916101
3,1787,1.0066098,0.081378303,0.58997126,0.039916101
3,1788,1.0027181,0.080786029,0.59015305,0.040151262
3,1789,1.0027181,0.080786029,0.59015305,0.040151262
3,1790,1.0027181,0.080786029,0.59015305,0.040151262
3,1791,1.0056721,0.081202708,0.58924275,0.040074856
3,1792,1.00272,0.080920013,0.59377266,0.040074086
3,1793,1.0057265,0.080317693,0.59351607,0.040088372
3,1794,1.0057265,0.080317693,0.59351607,0.040088372
3,1795,1.0057265,0.080317693,0.59351607,0.040088372
3,1796,1.0091869,0.080647436,0.59200312,0.039791036
3,1797,1.0091869,0.080647436,0.59200312,0.039791036
3,1798,1.0091869,0.080647436,0.59200312,0.039791036
3,1799,1.0042202,0.080238625,0.59449638,0.04018599
3,1800,0.9934921,0.079234604,0.59944837,0.040377523
3,1801,0.9934921,0.079234604,0.59944837,0.040377523
3,1802,0.9934921,0.079234604,0.59944837,0.040377523
3,1803,0.99267745,0.079461861,0.59904868,0.040452284
3,1804,0.99267745,0.079461861,0.59904868,0.040452284
3,1805,0.99879296,0.079712087,0.59468073,0.040509387
3,1806,0.99879296,0.079712087,0.59468073,0.040509387
3,1807,0.99681749,0.079817207,0.59529628,0.040273762
3,1808,0.99681749,0.079817207,0.59529628,0.040273762
3,1809,0.99681749,0.079817207,0.59529628,0.040273762
3,1810,0.99550793,0.080055796,0.59809817,0.040258028
3,1811,0.99033696,0.079656515,0.60124735,0.040389175
3,1812,0.99033696,0.079656515,0.60124735,0.040389175
3,1813,0.98746114,0.079601419,0.60005487,0.040624832
3,1814,0.98784115,0.079099018,0.60290715,0.040364822
3,1815,0.98784115,0.079099018,0.60290715,0.040364822
3,1816,0.98784115,0.079099018,0.60290715,0.040364822
3,1817,0.98784115,0.079099018,0.60290715,0.040364822
3,1818,0.98784115,0.079099018,0.60290715,0.040364822
3,1819,0.98784115,0.079099018,0.60290715,0.040364822
3,1820,0.98784115,0.079099018,0.60290715,0.040364822
3,1821,0.98944001,0.079211077,0.60210274,0.040369497
3,1822,0.98944001,0.079211077,0.60210274,0.040369497
3,1823,0.99588158,0.079478646,0.59614806,0.04056311
3,1824,0.99588158,0.079478646,0.59614806,0.04056311
3,1825,0.99588158,0.079478646,0.59614806,0.04056311
3,1826,0.99588158,0.079478646,0.59614806,0.04056311
3,1827,0.99409557,0.078961475,0.59888983,0.040519083
3,1828,0.99409557,0.078961475,0.59888983,0.040519083
3,1829,0.99409557,0.078961475,0.59888983,0.040519083
3,1830,0.99409557,0.078961475,0.59888983,0.040519083
3,1831,0.99409557,0.078961475,0.59888983,0.040519083
3,1832,0.99409557,0.078961475,0.59888983,0.040519083
3,1833,0.99340862,0.078729547,0.59633978,0.040537387
3,1834,0.9973069,0.080280664,0.59519734,0.04036658
3,1835,0.9973069,0.080280664,0.59519734,0.04036658
3,1836,0.99375128,0.079727497,0.59636959,0.040620269
3,1837,0.99375128,0.079727497,0.59636959,0.040620269
3,1838,0.98808627,0.079528886,0.60127267,0.040468958
3,1839,0.98808627,0.079528886,0.60127267,0.040468958
3,1840,0.98808627,0.079528886,0.60127267,0.040468958
3,1841,0.99337211,0.07839755,0.60252716,0.040625924
3,1842,0.99337211,0.07839755,0.60252716,0.040625924
3,1843,0.99337211,0.07839755,0.60252716,0.040625924
3,1844,0.99158335,0.078348733,0.6035965,0.040794317
3,1845,0.99158335,0.078348733,0.6035965,0.040794317
3,1846,0.98292574,0.078339643,0.60377363,0.040902915
3,1847,0.98292574,0.078339643,0.60377363,0.040902915
3,1848,0.98292574,0.078339643,0.60377363,0.040902915
3,1849,0.98292574,0.078339643,0.60377363,0.040902915
3,1850,0.98455548,0.078049771,0.60388177,0.040647315
3,1851,0.98455548,0.078049771,0.60388177,0.040647315
3,1852,0.98455548,0.078049771,0.60388177,0.040647315
3,1853,0.98187262,0.078313406,0.60269305,0.040493209
3,1854,0.98636377,0.079054818,0.6039386,0.040393668
3,1855,0.98636377,0.079054818,0.6039386,0.040393668
3,1856,0.98636377,0.079054818,0.6039386,0.040393668
3,1857,0.98642455,0.078941699,0.60068515,0.040468931
3,1858,0.99463283,0.080094733,0.59829955,0.040588487
3,1859,0.98892042,0.079286885,0.59970478,0.040661173
3,1860,0.98892042,0.079286885,0.59970478,0.040661173
3,1861,0.99111866,0.079587042,0.59811319,0.040675619
3,1862,0.99111866,0.079587042,0.59811319,0.040675619
3,1863,0.99353119,0.080181754,0.59679404,0.040541932
3,1864,0.98719283,0.079277308,0.59777842,0.040799104
3,1865,0.9905221,0.077970909,0.59847984,0.041002612
3,1866,0.98289208,0.078820328,0.60159481,0.041011582
3,1867,0.98753466,0.077949789,0.60001912,0.040970287
3,1868,0.98753466,0.077949789,0.60001912,0.040970287
3,1869,0.98753466,0.077949789,0.60001912,0.040970287
3,1870,0.99169874,0.078182931,0.59828775,0.040798258
3,1871,0.99169874,0.078182931,0.59828775,0.040798258
3,1872,0.99169874,0.078182931,0.59828775,0.040798258
3,1873,0.99169874,0.078182931,0.59828775,0.040798258
3,1874,0.98809679,0.078221637,0.60135645,0.040769906
3,1875,0.98809679,0.078221637,0.60135645,0.040769906
3,1876,0.99551085,0.078938239,0.60005207,0.040470061
3,1877,1.0014762,0.079496597,0.59744434,0.040174691
3,1878,1.0010565,0.079693978,0.59782022,0.040246079
3,1879,0.99878559,0.079241532,0.59825925,0.040230686
3,1880,0.99878559,0.079241532,0.59825925,0.040230686
3,1881,0.9941308,0.079331011,0.59772322,0.040275621
3,1882,0.9941308,0.079331011,0.59772322,0.040275621
3,1883,0.9941308,0.079331011,0.59772322,0.040275621
3,1884,0.98946722,0.079043912,0.60014777,0.040651787
3,1885,0.98946722,0.079043912,0.60014777,0.040651787
3,1886,0.99228195,0.079380684,0.59848,0.040301275
3,1887,0.9909954,0.078718772,0.60330267,0.040474707
3,1888,0.9909954,0.078718772,0.60330267,0.040474707
3,1889,0.98790684,0.07825379,0.60271419,0.040346916
3,1890,0.98790684,0.07825379,0.60271419,0.040346916
3,1891,0.98986108,0.07819783,0.60299685,0.040366268
3,1892,0.98986108,0.07819783,0.60299685,0.040366268
3,1893,0.98615448,0.078159438,0.60024199,0.040578432
3,1894,0.98888222,0.078554837,0.59943507,0.0406248
3,1895,0.98888222,0.078554837,0.59943507,0.0406248
3,1896,0.98888222,0.078554837,0.59943507,0.0406248
3,1897,0.98888222,0.078554837,0.59943507,0.0406248
3,1898,0.98888222,0.078554837,0.59943507,0.0406248
3,1899,0.98888222,0.078554837,0.59943507,0.0406248
3,1900,0.98888222,0.078554837,0.59943507,0.0406248
3,1901,0.98888222,0.078554837,0.59943507,0.0406248
3,1902,0.98888222,0.078554837,0.59943507,0.0406248
3,1903,0.9890686,0.078032024,0.60201524,0.040747024
3,1904,0.9890686,0.078032024,0.60201524,0.040747024
3,1905,0.99109654,0.078140806,0.59957946,0.040644188
3,1906,0.99461486,0.079302858,0.59510128,0.040542304
3,1907,0.99649079,0.079825108,0.59576874,0.040605384
3,1908,0.99649079,0.079825108,0.59576874,0.040605384
3,1909,0.99771998,0.07949484,0.59771382,0.040568975
3,1910,0.99771998,0.07949484,0.59771382,0.040568975
3,1911,0.99771998,0.07949484,0.59771382,0.040568975
3,1912,0.99470848,0.079703063,0.59558222,0.040740715
3,1913,0.99351136,0.079133978,0.59563442,0.040889643
3,1914,0.98599598,0.079269184,0.60133326,0.040959496
3,1915,0.98599598,0.079269184,0.60133326,0.040959496
3,1916,0.99193123,0.079384553,0.60129895,0.040650964
3,1917,0.98706291,0.078972293,0.60210502,0.041071098
3,1918,0.99412113,0.078080698,0.59892878,0.040932892
3,1919,0.98785461,0.077753869,0.59951516,0.040833859
3,1920,0.98297977,0.077275119,0.6060413,0.040991605
3,1921,0.98565177,0.077401329,0.60340276,0.040881627
3,1922,0.97988622,0.077670189,0.60629874,0.041392743
3,1923,0.97352338,0.078109651,0.61073752,0.040979666
3,1924,0.978357,0.078534835,0.60846187,0.040924476
3,1925,0.978357,0.078534835,0.60846187,0.040924476
3,1926,0.97818668,0.078209188,0.60678547,0.041210094
3,1927,0.98060583,0.077828784,0.60523873,0.041108747
3,1928,0.99636976,0.078218563,0.59566546,0.040718263
3,1929,0.9878384,0.078882755,0.59736004,0.041099004
3,1930,0.98957537,0.078193911,0.60266228,0.040744642
3,1931,0.98957537,0.078193911,0.60266228,0.040744642
3,1932,0.98109373,0.077876911,0.60521453,0.040680314
3,1933,0.98363651,0.078468939,0.60290469,0.040834777
3,1934,0.98363651,0.078468939,0.60290469,0.040834777
3,1935,0.98363651,0.078468939,0.60290469,0.040834777
3,1936,0.98683642,0.077767614,0.60397142,0.040732792
3,1937,0.98683642,0.077767614,0.60397142,0.040732792
3,1938,0.98146022,0.077859812,0.60568485,0.040732674
3,1939,0.98310098,0.07824815,0.60292541,0.040736815
3,1940,0.98310098,0.07824815,0.60292541,0.040736815
3,1941,0.98841438,0.077992054,0.60469387,0.04085207
3,1942,0.99161666,0.078381474,0.59869192,0.041108921
3,1943,0.99161666,0.078381474,0.59869192,0.041108921
3,1944,0.99184106,0.078505091,0.60174379,0.04102988
3,1945,0.98771025,0.07903536,0.60448131,0.040561473
3,1946,0.98771025,0.07903536,0.60448131,0.040561473
3,1947,0.98771025,0.07903536,0.60448131,0.040561473
3,1948,0.98771025,0.07903536,0.60448131,0.040561473
3,1949,0.98652312,0.07885482,0.60103803,0.040414049
3,1950,0.98534992,0.078463031,0.60262398,0.040512883
3,1951,0.98534992,0.078463031,0.60262398,0.040512883
3,1952,0.9876442,0.078701558,0.60554563,0.040393118
3,1953,0.9876442,0.078701558,0.60554563,0.040393118
3,1954,0.9876442,0.078701558,0.60554563,0.040393118
3,1955,0.9876442,0.078701558,0.60554563,0.040393118
3,1956,0.9876442,0.078701558,0.60554563,0.040393118
3,1957,0.98385591,0.078168947,0.60793731,0.04071575
3,1958,0.98385591,0.078168947,0.60793731,0.04071575
3,1959,0.98698765,0.077922097,0.60506792,0.040425943
3,1960,0.98600501,0.077837972,0.60297633,0.040397775
3,1961,0.98060772,0.078796085,0.60337117,0.040731955
3,1962,0.98390161,0.078884504,0.6037842,0.040346373
3,1963,0.98643159,0.078783691,0.60614112,0.040443628
3,1964,0.9846854,0.077015849,0.60800193,0.041013078
3,1965,0.98324265,0.076753937,0.60744809,0.04108518
3,1966,0.98419081,0.076908903,0.60612318,0.040827403
3,1967,0.97203373,0.076652666,0.61173858,0.041196501
3,1968,0.97517469,0.076319881,0.61181851,0.041048179
3,1969,0.97168542,0.077663645,0.61082729,0.041201978
3,1970,0.97234363,0.077344752,0.61254426,0.041304816
3,1971,0.97234363,0.077344752,0.61254426,0.041304816
3,1972,0.97234363,0.077344752,0.61254426,0.041304816
3,1973,0.97234363,0.077344752,0.61254426,0.041304816
3,1974,0.98006249,0.077143266,0.60905017,0.040811644
3,1975,0.983929,0.07772086,0.60329342,0.041180674
3,1976,0.98602193,0.078373473,0.60201938,0.040877577
3,1977,0.99718644,0.078960864,0.60091685,0.040447611
3,1978,0.98731093,0.078595556,0.6018907,0.040863816
3,1979,0.99322227,0.079129694,0.60006309,0.0406598
3,1980,0.99322227,0.079129694,0.60006309,0.0406598
3,1981,0.98714147,0.079520213,0.60337013,0.040646371
3,1982,0.98490121,0.079410647,0.60118169,0.040843752
3,1983,0.97961821,0.078171936,0.6051598,0.040649248
3,1984,0.98100489,0.077953217,0.6079839,0.040786745
3,1985,0.9882481,0.077554995,0.60212195,0.04084126
3,1986,0.9882481,0.077554995,0.60212195,0.04084126
3,1987,0.98999751,0.078034957,0.59955394,0.040848314
3,1988,0.98999751,0.078034957,0.59955394,0.040848314
3,1989,0.98999751,0.078034957,0.59955394,0.040848314
3,1990,0.98999751,0.078034957,0.59955394,0.040848314
3,1991,0.98999751,0.078034957,0.59955394,0.040848314
3,1992,0.98999751,0.078034957,0.59955394,0.040848314
3,1993,0.98999751,0.078034957,0.59955394,0.040848314
3,1994,0.98894495,0.079097776,0.6038682,0.040519699
3,1995,0.98894495,0.079097776,0.6038682,0.040519699
3,1996,0.98894495,0.079097776,0.6038682,0.040519699
3,1997,0.98837485,0.07924032,0.59936043,0.040479815
3,1998,0.99071905,0.079142372,0.60396238,0.040398791
3,1999,0.99071905,0.079142372,0.60396238,0.040398791
3,2000,0.98411405,0.079398007,0.60229145,0.040102443
3,2001,0.98411405,0.079398007,0.60229145,0.040102443
3,2002,0.98384508,0.080219166,0.60234399,0.040253567
3,2003,0.98669698,0.080199078,0.60256618,0.040501279
3,2004,0.99612222,0.079733282,0.59634903,0.040534537
3,2005,0.99612222,0.079733282,0.59634903,0.040534537
3,2006,0.98950886,0.078925591,0.60032145,0.040313142
3,2007,0.98950886,0.078925591,0.60032145,0.040313142
3,2008,0.98908674,0.078032098,0.60483411,0.040671182
3,2009,0.98527579,0.078059507,0.60671862,0.041023636
3,2010,0.97967713,0.078334238,0.60697714,0.041194046
3,2011,0.97967713,0.078334238,0.60697714,0.041194046
3,2012,0.98014386,0.078223674,0.60672967,0.040964682
3,2013,0.98157214,0.077881895,0.60732898,0.041051999
3,2014,0.98157214,0.077881895,0.60732898,0.041051999
3,2015,0.98157214,0.077881895,0.60732898,0.041051999
3,2016,0.98708647,0.078083259,0.60736811,0.040638773
3,2017,0.98708647,0.078083259,0.60736811,0.040638773
3,2018,0.98708647,0.078083259,0.60736811,0.040638773
3,2019,0.98361139,0.077706921,0.60673154,0.040538736
3,2020,0.98361139,0.077706921,0.60673154,0.040538736
3,2021,0.98109974,0.07724112,0.60981642,0.040901989
3,2022,0.97929122,0.078022884,0.6096079,0.041010881
3,2023,0.97929122,0.078022884,0.6096079,0.041010881
3,2024,0.97841384,0.076977614,0.60710827,0.041098783
3,2025,0.97386954,0.077288337,0.61201534,0.041046783
3,2026,0.97342034,0.077153817,0.61106181,0.041198672
3,2027,0.97432993,0.077082127,0.60911026,0.041323205
3,2028,0.97432993,0.077082127,0.60911026,0.041323205
3,2029,0.97678787,0.077952551,0.60798764,0.041006629
3,2030,0.97678787,0.077952551,0.60798764,0.041006629
3,2031,0.97678787,0.077952551,0.60798764,0.041006629
3,2032,0.97678787,0.077952551,0.60798764,0.041006629
3,2033,0.97678787,0.077952551,0.60798764,0.041006629
3,2034,0.97678787,0.077952551,0.60798764,0.041006629
3,2035,0.98069205,0.07793678,0.60353529,0.041275741
3,2036,0.98949028,0.078490208,0.60165897,0.041178527
3,2037,0.98949028,0.078490208,0.60165897,0.041178527
3,2038,0.9814965,0.079326975,0.60016112,0.041084778
3,2039,0.98610276,0.078656057,0.59917173,0.040958207
3,2040,0.98970543,0.078622609,0.59677921,0.040978971
3,2041,0.98970543,0.078622609,0.59677921,0.040978971
3,2042,0.99936766,0.078972672,0.59746853,0.040723861
3,2043,0.99437319,0.079442184,0.5993821,0.04078873
3,2044,0.99328608,0.07962013,0.59891896,0.040531179
3,2045,0.99328608,0.07962013,0.59891896,0.040531179
3,2046,0.99328608,0.07962013,0.59891896,0.040531179
3,2047,0.99328608,0.07962013,0.59891896,0.040531179
3,2048,0.9914836,0.079364673,0.59852347,0.040559292
3,2049,0.9914836,0.079364673,0.59852347,0.040559292
3,2050,0.9914836,0.079364673,0.59852347,0.040559292
3,2051,0.9914836,0.079364673,0.59852347,0.040559292
3,2052,0.9914836,0.079364673,0.59852347,0.040559292
3,2053,0.98864101,0.078613347,0.6023886,0.040732068
3,2054,0.98864101,0.078613347,0.6023886,0.040732068
3,2055,0.98596759,0.078415131,0.59942821,0.040718322
3,2056,0.98810443,0.078634249,0.59860713,0.040819878
3,2057,0.9888645,0.077677485,0.6045955,0.040658638
3,2058,0.9888645,0.077677485,0.6045955,0.040658638
3,2059,0.9918964,0.078976781,0.59837359,0.040882851
3,2060,0.99540663,0.079281495,0.59782121,0.040728649
3,2061,0.99536447,0.078611751,0.59442493,0.040867344
3,2062,0.99536447,0.078611751,0.59442493,0.040867344
3,2063,0.99677964,0.078342098,0.59853649,0.040762021
3,2064,0.99568295,0.078988615,0.59512687,0.040673573
3,2065,0.99969339,0.07967659,0.59373615,0.040241841
3,2066,0.99969339,0.07967659,0.59373615,0.040241841
3,2067,1.0060881,0.081026132,0.59016858,0.04009322
3,2068,1.003224,0.080516372,0.58890683,0.0400832
3,2069,1.003224,0.080516372,0.58890683,0.0400832
3,2070,1.0127802,0.081245248,0.58727633,0.039752797
3,2071,1.0127802,0.081245248,0.58727633,0.039752797
3,2072,1.0127802,0.081245248,0.58727633,0.039752797
3,2073,1.0127802,0.081245248,0.58727633,0.039752797
3,2074,1.0053955,0.081143435,0.59022579,0.03996626
3,2075,1.0053955,0.081143435,0.59022579,0.03996626
3,2076,1.0083507,0.080979638,0.59076737,0.040159786
3,2077,1.0103755,0.08120486,0.58798653,0.040031858
3,2078,1.0072371,0.079876914,0.59302814,0.039795669
3,2079,1.0028928,0.080061946,0.58963573,0.040012976
3,2080,1.0013501,0.079985233,0.58993548,0.040191756
3,2081,1.0013501,0.079985233,0.58993548,0.040191756
3,2082,1.0013501,0.079985233,0.58993548,0.040191756
3,2083,1.0013501,0.079985233,0.58993548,0.040191756
3,2084,1.0055414,0.080207025,0.58734757,0.040473401
3,2085,1.0111347,0.079679064,0.58613638,0.03989447
3,2086,1.0095598,0.079290857,0.5929196,0.040154244
3,2087,1.0095598,0.079290857,0.5929196,0.040154244
3,2088,1.0095598,0.079290857,0.5929196,0.040154244
3,2089,1.0095598,0.079290857,0.5929196,0.040154244
3,2090,1.0095598,0.079290857,0.5929196,0.040154244
3,2091,1.0072349,0.078972225,0.59325345,0.04051192
3,2092,0.99856092,0.07793386,0.59889175,0.040603862
3,2093,0.98971357,0.077706212,0.60017619,0.040706401
3,2094,0.99293683,0.078065914,0.60161113,0.040631107
3,2095,0.99449581,0.078493341,0.59794853,0.040825287
3,2096,0.99184489,0.078861702,0.59917175,0.040845625
3,2097,0.99299609,0.078963291,0.59745657,0.040647019
3,2098,1.0006417,0.079053217,0.59424051,0.040643726
3,2099,0.99036181,0.079062814,0.59972095,0.040979219
3,2100,0.98155615,0.078144294,0.60777967,0.040917368
3,2101,0.98155615,0.078144294,0.60777967,0.040917368
3,2102,0.98155615,0.078144294,0.60777967,0.040917368
3,2103,0.97889592,0.078343659,0.60692696,0.041036076
3,2104,0.98464777,0.078136385,0.60622245,0.041110233
3,2105,0.98407057,0.078444319,0.60406022,0.040858612
3,2106,0.98407057,0.078444319,0.60406022,0.040858612
3,2107,0.98407057,0.078444319,0.60406022,0.040858612
3,2108,0.98407057,0.078444319,0.60406022,0.040858612
3,2109,0.98678068,0.077957482,0.60360772,0.040821312
3,2110,0.98678068,0.077957482,0.60360772,0.040821312
3,2111,0.98678068,0.077957482,0.60360772,0.040821312
3,2112,0.99018289,0.079001245,0.60146459,0.040743324
3,2113,0.99018289,0.079001245,0.60146459,0.040743324
3,2114,0.99018289,0.079001245,0.60146459,0.040743324
3,2115,0.99018289,0.079001245,0.60146459,0.040743324
3,2116,0.98692553,0.078155453,0.60181113,0.040730953
3,2117,0.98692553,0.078155453,0.60181113,0.040730953
3,2118,0.98692553,0.078155453,0.60181113,0.040730953
3,2119,0.98311129,0.078126081,0.60624241,0.040582083
3,2120,0.98311129,0.078126081,0.60624241,0.040582083
3,2121,0.98311129,0.078126081,0.60624241,0.040582083
3,2122,0.98311129,0.078126081,0.60624241,0.040582083
3,2123,0.98311129,0.078126081,0.60624241,0.040582083
3,2124,0.98706508,0.077945065,0.60488629,0.040614831
3,2125,0.99268552,0.078771498,0.60301623,0.040239142
3,2126,0.99268552,0.078771498,0.60301623,0.040239142
3,2127,0.98690083,0.07864137,0.59792267,0.040807855
3,2128,0.98690083,0.07864137,0.59792267,0.040807855
3,2129,0.98284622,0.078218669,0.60380427,0.040671543
3,2130,0.99129793,0.078379713,0.60119541,0.040884193
3,2131,0.99129793,0.078379713,0.60119541,0.040884193
3,2132,0.99039322,0.07846696,0.60364212,0.040542301
3,2133,0.99039322,0.07846696,0.60364212,0.040542301
3,2134,0.99039322,0.07846696,0.60364212,0.040542301
3,2135,0.99039322,0.07846696,0.60364212,0.040542301
3,2136,0.99039322,0.07846696,0.60364212,0.040542301
3,2137,0.99039322,0.07846696,0.60364212,0.040542301
3,2138,0.99039322,0.07846696,0.60364212,0.040542301
3,2139,0.99039322,0.07846696,0.60364212,0.040542301
3,2140,0.99338698,0.078677567,0.59899895,0.040336399
3,2141,0.99338698,0.078677567,0.59899895,0.040336399
3,2142,0.99338698,0.078677567,0.59899895,0.040336399
3,2143,0.99338698,0.078677567,0.59899895,0.040336399
3,2144,0.989838,0.078401507,0.59900159,0.040627026
3,2145,0.99133491,0.078266076,0.60152319,0.040592907
3,2146,0.98921047,0.078068928,0.60287811,0.040797819
3,2147,0.98467439,0.078239398,0.60385348,0.040952207
3,2148,0.98467439,0.078239398,0.60385348,0.040952207
3,2149,0.9862673,0.077740213,0.60271991,0.040863391
3,2150,0.9862673,0.077740213,0.60271991,0.040863391
3,2151,0.9862673,0.077740213,0.60271991,0.040863391
3,2152,0.98865427,0.077875198,0.60219653,0.040845762
3,2153,0.98917078,0.079138248,0.60223965,0.040664271
3,2154,0.98908358,0.07910718,0.59959107,0.040705222
3,2155,0.98757316,0.078841349,0.60128816,0.040498636
3,2156,0.98445023,0.079179221,0.60261276,0.04063293
3,2157,0.98445023,0.079179221,0.60261276,0.04063293
3,2158,0.99275221,0.078613633,0.60082859,0.040673917
3,2159,0.99275221,0.078613633,0.60082859,0.040673917
3,2160,0.99593742,0.078449956,0.5980949,0.040503211
3,2161,0.9990768,0.079175393,0.59880265,0.040264862
3,2162,0.9990768,0.079175393,0.59880265,0.040264862
3,2163,0.9990768,0.079175393,0.59880265,0.040264862
3,2164,1.0018045,0.079861442,0.59643924,0.040223588
3,2165,1.0006303,0.079602567,0.59721235,0.040132643
3,2166,1.0032376,0.079876902,0.59211364,0.039875413
3,2167,1.0060073,0.080459252,0.59518725,0.040025854
3,2168,1.0024954,0.079663643,0.59428243,0.040155269
3,2169,1.0020258,0.079305548,0.59498689,0.040084694
3,2170,1.0020258,0.079305548,0.59498689,0.040084694
3,2171,1.0020258,0.079305548,0.59498689,0.040084694
3,2172,1.0020258,0.079305548,0.59498689,0.040084694
3,2173,1.0020258,0.079305548,0.59498689,0.040084694
3,2174,0.9992923,0.079671928,0.59195911,0.040335348
3,2175,0.99836227,0.080489322,0.59332381,0.040758064
3,2176,0.99836227,0.080489322,0.59332381,0.040758064
3,2177,0.99836227,0.080489322,0.59332381,0.040758064
3,2178,0.99836227,0.080489322,0.59332381,0.040758064
3,2179,0.99836227,0.080489322,0.59332381,0.040758064
3,2180,0.99836227,0.080489322,0.59332381,0.040758064
3,2181,0.99836227,0.080489322,0.59332381,0.040758064
3,2182,0.99836227,0.080489322,0.59332381,0.040758064
3,2183,0.99954491,0.079316412,0.59622474,0.040058812
3,2184,0.99954491,0.079316412,0.59622474,0.040058812
3,2185,0.99954491,0.079316412,0.59622474,0.040058812
3,2186,0.9980927,0.079212653,0.59824847,0.040138144
3,2187,0.99304223,0.078674885,0.59762585,0.040396619
3,2188,0.99304223,0.078674885,0.59762585,0.040396619
3,2189,0.99536149,0.078911516,0.60020038,0.040356544
3,2190,0.99720872,0.078759853,0.59727107,0.040433384
3,2191,0.99471091,0.078839786,0.5978348,0.040434174
3,2192,0.99127261,0.079239375,0.59774314,0.040521353
3,2193,0.99780455,0.078764828,0.6002658,0.040556745
3,2194,0.98983953,0.079171384,0.60277785,0.040391789
3,2195,0.99275893,0.078934565,0.60072345,0.040308757
3,2196,0.99321676,0.078763528,0.60199961,0.040292437
3,2197,0.99321676,0.078763528,0.60199961,0.040292437
3,2198,0.99093965,0.079117951,0.60192012,0.040453687
3,2199,0.99093965,0.079117951,0.60192012,0.040453687
3,2200,0.99093965,0.079117951,0.60192012,0.040453687
3,2201,0.98879103,0.078960685,0.6002302,0.040672722
3,2202,0.98681627,0.079176481,0.60247621,0.040851393
3,2203,0.99360942,0.079685439,0.59987427,0.040581675
3,2204,0.9954161,0.079092331,0.59869749,0.040496746
3,2205,0.9954161,0.079092331,0.59869749,0.040496746
3,2206,0.9954161,0.079092331,0.59869749,0.040496746
3,2207,0.9954161,0.079092331,0.59869749,0.040496746
3,2208,0.9954161,0.079092331,0.59869749,0.040496746
3,2209,0.9954161,0.079092331,0.59869749,0.040496746
3,2210,0.9896821,0.079097463,0.60161213,0.040600071
3,2211,0.9896821,0.079097463,0.60161213,0.040600071
3,2212,0.9896821,0.079097463,0.60161213,0.040600071
3,2213,0.9896821,0.079097463,0.60161213,0.040600071
3,2214,0.9896821,0.079097463,0.60161213,0.040600071
3,2215,0.9896821,0.079097463,0.60161213,0.040600071
3,2216,0.99094886,0.079456029,0.60071836,0.040774468
3,2217,0.99094886,0.079456029,0.60071836,0.040774468
3,2218,0.99094886,0.079456029,0.60071836,0.040774468
3,2219,0.9837033,0.079047746,0.60484026,0.040520608
3,2220,0.98973162,0.078754116,0.60352097,0.04043895
3,2221,0.98973162,0.078754116,0.60352097,0.04043895
3,2222,0.98973162,0.078754116,0.60352097,0.04043895
3,2223,0.98973162,0.078754116,0.60352097,0.04043895
3,2224,0.98973162,0.078754116,0.60352097,0.04043895
3,2225,0.98973162,0.078754116,0.60352097,0.04043895
3,2226,0.98973162,0.078754116,0.60352097,0.04043895
3,2227,0.98973162,0.078754116,0.60352097,0.04043895
3,2228,0.98973162,0.078754116,0.60352097,0.04043895
3,2229,0.98973162,0.078754116,0.60352097,0.04043895
3,2230,0.98973162,0.078754116,0.60352097,0.04043895
3,2231,0.98975164,0.079145626,0.60239477,0.040656561
3,2232,0.98310702,0.078441347,0.60260705,0.040879359
3,2233,0.98310702,0.078441347,0.60260705,0.040879359
3,2234,0.98295096,0.077993524,0.60598162,0.040965029
3,2235,0.98295096,0.077993524,0.60598162,0.040965029
3,2236,0.98195631,0.07814048,0.60801117,0.040680039
3,2237,0.97823125,0.07775631,0.60728445,0.04082106
3,2238,0.98022474,0.077910064,0.60585254,0.0410217
3,2239,0.98022474,0.077910064,0.60585254,0.0410217
3,2240,0.98022474,0.077910064,0.60585254,0.0410217
3,2241,0.98022474,0.077910064,0.60585254,0.0410217
3,2242,0.9811703,0.078225452,0.60695549,0.040829811
3,2243,0.98155973,0.077940923,0.60293822,0.041123425
3,2244,0.98048058,0.077665617,0.60543043,0.041631632
3,2245,0.98048058,0.077665617,0.60543043,0.041631632
3,2246,0.98048058,0.077665617,0.60543043,0.041631632
3,2247,0.98565093,0.076761169,0.60422652,0.041212241
3,2248,0.98276612,0.078025749,0.60531902,0.040759099
3,2249,0.98276612,0.078025749,0.60531902,0.040759099
3,2250,0.98276612,0.078025749,0.60531902,0.040759099
3,2251,0.98276612,0.078025749,0.60531902,0.040759099
3,2252,0.97428854,0.078014448,0.61059938,0.040652976
3,2253,0.97428854,0.078014448,0.61059938,0.040652976
3,2254,0.97428854,0.078014448,0.61059938,0.040652976
3,2255,0.97428854,0.078014448,0.61059938,0.040652976
3,2256,0.96892133,0.077450204,0.61270261,0.041234367
3,2257,0.9703441,0.07723267,0.61078146,0.041235597
3,2258,0.96775603,0.076053567,0.61425342,0.041799199
3,2259,0.96775603,0.076053567,0.61425342,0.041799199
3,2260,0.97793339,0.076173756,0.61078791,0.041487742
3,2261,0.97692652,0.077184001,0.6117857,0.041070824
3,2262,0.9807772,0.077142401,0.60766888,0.04094058
3,2263,0.9807772,0.077142401,0.60766888,0.04094058
3,2264,0.98044449,0.077034348,0.60591141,0.040838074
3,2265,0.97935285,0.077800924,0.61092409,0.04067031
3,2266,0.97935285,0.077800924,0.61092409,0.04067031
3,2267,0.98853144,0.078203963,0.60483361,0.040683183
3,2268,0.98853144,0.078203963,0.60483361,0.040683183
3,2269,0.98286036,0.078090591,0.60716078,0.040927625
3,2270,0.98286036,0.078090591,0.60716078,0.040927625
3,2271,0.98286036,0.078090591,0.60716078,0.040927625
3,2272,0.9857492,0.078103747,0.60660979,0.040993977
3,2273,0.9857492,0.078103747,0.60660979,0.040993977
3,2274,0.9857492,0.078103747,0.60660979,0.040993977
3,2275,0.9857492,0.078103747,0.60660979,0.040993977
3,2276,0.98106761,0.078594992,0.6075232,0.04095546
3,2277,0.98106761,0.078594992,0.6075232,0.04095546
3,2278,0.97552374,0.078223041,0.6094995,0.041074017
3,2279,0.98496019,0.078534667,0.60867476,0.040890892
3,2280,0.98623346,0.078689702,0.60814527,0.040849698
3,2281,0.9753662,0.077571777,0.61053434,0.040925859
3,2282,0.9753662,0.077571777,0.61053434,0.040925859
3,2283,0.9753662,0.077571777,0.61053434,0.040925859
3,2284,0.97285704,0.07755057,0.60928289,0.041057367
3,2285,0.97285704,0.07755057,0.60928289,0.041057367
3,2286,0.97593052,0.076705887,0.61298349,0.041143438
3,2287,0.97593052,0.076705887,0.61298349,0.041143438
3,2288,0.97593052,0.076705887,0.61298349,0.041143438
3,2289,0.97593052,0.076705887,0.61298349,0.041143438
3,2290,0.97593052,0.076705887,0.61298349,0.041143438
3,2291,0.97593052,0.076705887,0.61298349,0.041143438
3,2292,0.97593052,0.076705887,0.61298349,0.041143438
3,2293,0.97593052,0.076705887,0.61298349,0.041143438
3,2294,0.97733078,0.076976045,0.61422105,0.040920073
3,2295,0.97733078,0.076976045,0.61422105,0.040920073
3,2296,0.98219859,0.078647537,0.60651743,0.040906618
3,2297,0.98182874,0.078443167,0.60624826,0.040984668
3,2298,0.98182874,0.078443167,0.60624826,0.040984668
3,2299,0.98182874,0.078443167,0.60624826,0.040984668
3,2300,0.98182874,0.078443167,0.60624826,0.040984668
3,2301,0.98182874,0.078443167,0.60624826,0.040984668
3,2302,0.98541968,0.079017873,0.60301481,0.040696497
3,2303,0.98541968,0.079017873,0.60301481,0.040696497
3,2304,0.98541968,0.079017873,0.60301481,0.040696497
3,2305,0.98541968,0.079017873,0.60301481,0.040696497
3,2306,0.99027552,0.078622441,0.60044769,0.040551436
3,2307,0.99027552,0.078622441,0.60044769,0.040551436
3,2308,0.99027552,0.078622441,0.60044769,0.040551436
3,2309,0.99027552,0.078622441,0.60044769,0.040551436
3,2310,0.98780091,0.078703554,0.60215048,0.040834335
3,2311,0.98780091,0.078703554,0.60215048,0.040834335
3,2312,0.98780091,0.078703554,0.60215048,0.040834335
3,2313,0.98344593,0.078807291,0.60147844,0.040829835
3,2314,0.98722583,0.078239931,0.60396492,0.04088447
3,2315,0.98507916,0.077896438,0.60416117,0.04088271
3,2316,0.98507916,0.077896438,0.60416117,0.04088271
3,2317,0.98507916,0.077896438,0.60416117,0.04088271
3,2318,0.98507916,0.077896438,0.60416117,0.04088271
3,2319,0.98359974,0.077931701,0.60645081,0.040906697
3,2320,0.98359974,0.077931701,0.60645081,0.040906697
3,2321,0.98359974,0.077931701,0.60645081,0.040906697
3,2322,0.98359974,0.077931701,0.60645081,0.040906697
3,2323,0.98359974,0.077931701,0.60645081,0.040906697
3,2324,0.98359974,0.077931701,0.60645081,0.040906697
3,2325,0.98849195,0.078092296,0.60376202,0.040969077
3,2326,0.98849195,0.078092296,0.60376202,0.040969077
3,2327,0.98801437,0.079155474,0.60276316,0.040581841
3,2328,0.99496513,0.078456975,0.60027342,0.040128266
3,2329,0.99496513,0.078456975,0.60027342,0.040128266
3,2330,0.99496513,0.078456975,0.60027342,0.040128266
3,2331,0.99496513,0.078456975,0.60027342,0.040128266
3,2332,0.99496513,0.078456975,0.60027342,0.040128266
3,2333,0.99193921,0.079310244,0.59972107,0.040468452
3,2334,0.99193921,0.079310244,0.59972107,0.040468452
3,2335,0.99193921,0.079310244,0.59972107,0.040468452
3,2336,0.99193921,0.079310244,0.59972107,0.040468452
3,2337,0.99193921,0.079310244,0.59972107,0.040468452
3,2338,0.99193921,0.079310244,0.59972107,0.040468452
3,2339,0.99193921,0.079310244,0.59972107,0.040468452
3,2340,0.98918455,0.079131011,0.59952562,0.040541666
3,2341,0.99380776,0.079131262,0.59837235,0.040640936
3,2342,0.99380776,0.079131262,0.59837235,0.040640936
3,2343,0.99729555,0.079213383,0.59558576,0.040393373
3,2344,0.99729555,0.079213383,0.59558576,0.040393373
3,2345,0.99729555,0.079213383,0.59558576,0.040393373
3,2346,0.99959368,0.079290113,0.5977907,0.040171521
3,2347,0.99959368,0.079290113,0.5977907,0.040171521
3,2348,1.0006024,0.079568814,0.59648984,0.039970064
3,2349,1.0006024,0.079568814,0.59648984,0.039970064
3,2350,1.0006024,0.079568814,0.59648984,0.039970064
3,2351,1.0006024,0.079568814,0.59648984,0.039970064
3,2352,1.0006024,0.079568814,0.59648984,0.039970064
3,2353,1.0000589,0.079682193,0.59771663,0.039983323
3,2354,1.0002377,0.079692773,0.59583613,0.040077448
3,2355,1.0000687,0.080474251,0.5923536,0.039993244
3,2356,1.0093221,0.079486144,0.59246061,0.039985725
3,2357,1.0093221,0.079486144,0.59246061,0.039985725
3,2358,1.0004796,0.079637329,0.59409309,0.040035164
3,2359,0.99554878,0.079439025,0.60143764,0.040178565
3,2360,0.9991954,0.079080003,0.59583921,0.040649108
3,2361,0.99258006,0.078628392,0.5969698,0.040843541
3,2362,0.99368639,0.079429743,0.59570227,0.040592755
3,2363,0.99368639,0.079429743,0.59570227,0.040592755
3,2364,0.99368639,0.079429743,0.59570227,0.040592755
3,2365,0.99368639,0.079429743,0.59570227,0.040592755
3,2366,0.99627346,0.079769781,0.59607725,0.040197923
3,2367,0.99627346,0.079769781,0.59607725,0.040197923
3,2368,0.99687293,0.079852751,0.59509516,0.04035611
3,2369,0.99836933,0.080233622,0.59321389,0.040593801
3,2370,1.0014611,0.080111233,0.59209056,0.040532249
3,2371,1.0014611,0.080111233,0.59209056,0.040532249
3,2372,1.0014611,0.080111233,0.59209056,0.040532249
3,2373,1.0014611,0.080111233,0.59209056,0.040532249
3,2374,0.99684575,0.080211095,0.59389209,0.040424407
3,2375,0.99684575,0.080211095,0.59389209,0.040424407
3,2376,0.99684575,0.080211095,0.59389209,0.040424407
3,2377,0.99684575,0.080211095,0.59389209,0.040424407
3,2378,0.99239189,0.079467098,0.59929788,0.040112005
3,2379,0.99239189,0.079467098,0.59929788,0.040112005
3,2380,0.99239189,0.079467098,0.59929788,0.040112005
3,2381,0.99794353,0.078894406,0.59770062,0.039923156
3,2382,1.0004181,0.079377057,0.59805721,0.039866208
3,2383,0.99398405,0.0791169,0.59939738,0.040062678
3,2384,0.99398405,0.0791169,0.59939738,0.040062678
3,2385,0.99794382,0.079455538,0.59484864,0.040142998
3,2386,0.99358866,0.079083182,0.598257,0.040485716
3,2387,0.99358866,0.079083182,0.598257,0.040485716
3,2388,0.99358866,0.079083182,0.598257,0.040485716
3,2389,0.99358866,0.079083182,0.598257,0.040485716
3,2390,0.99358866,0.079083182,0.598257,0.040485716
3,2391,0.99358866,0.079083182,0.598257,0.040485716
3,2392,0.99633348,0.078971686,0.59741736,0.040165136
3,2393,0.99633348,0.078971686,0.59741736,0.040165136
3,2394,0.9969268,0.079281931,0.59841599,0.040249662
3,2395,0.9969268,0.079281931,0.59841599,0.040249662
3,2396,0.99085379,0.07914753,0.59986142,0.040273538
3,2397,0.99085379,0.07914753,0.59986142,0.040273538
3,2398,0.99162385,0.079013494,0.59993127,0.040399978
3,2399,0.99162385,0.079013494,0.59993127,0.040399978
3,2400,0.99318922,0.079196778,0.60120141,0.040473496
3,2401,0.99063206,0.078611585,0.59976565,0.040709615
3,2402,0.98979542,0.079001352,0.60260292,0.040506018
3,2403,0.98979542,0.079001352,0.60260292,0.040506018
3,2404,0.98979542,0.079001352,0.60260292,0.040506018
3,2405,0.98979542,0.079001352,0.60260292,0.040506018
3,2406,0.99240197,0.079051131,0.59596611,0.040585191
3,2407,0.99585928,0.079443487,0.59886359,0.040698508
3,2408,0.99585928,0.079443487,0.59886359,0.040698508
3,2409,0.99516938,0.079576363,0.598618,0.040468633
3,2410,0.99516938,0.079576363,0.598618,0.040468633
3,2411,0.99516938,0.079576363,0.598618,0.040468633
3,2412,0.99516938,0.079576363,0.598618,0.040468633
3,2413,1.002873,0.080285144,0.59287959,0.040396306
3,2414,1.002873,0.080285144,0.59287959,0.040396306
3,2415,0.99810282,0.079979795,0.59208176,0.040034541
3,2416,1.0054929,0.079951535,0.59298102,0.040056748
3,2417,1.0054929,0.079951535,0.59298102,0.040056748
3,2418,1.0012121,0.079784318,0.59322518,0.040475254
3,2419,1.0012121,0.079784318,0.59322518,0.040475254
3,2420,0.99989366,0.079654366,0.59561899,0.040439658
3,2421,0.99409815,0.079377931,0.59894237,0.040489903
3,2422,0.99536126,0.079177063,0.5980943,0.040705119
3,2423,0.99313663,0.078916554,0.59716725,0.040542664
3,2424,0.99338997,0.079378146,0.59737292,0.040294777
3,2425,0.99396682,0.08008161,0.59421005,0.040421942
3,2426,0.99396682,0.08008161,0.59421005,0.040421942
3,2427,1.0092559,0.080117222,0.59221026,0.040042693
3,2428,1.0026312,0.079694103,0.59662189,0.040391804
3,2429,0.99749468,0.079830386,0.59595524,0.040086736
3,2430,0.99749468,0.079830386,0.59595524,0.040086736
3,2431,0.99841392,0.080199089,0.59607234,0.040254187
3,2432,1.0003111,0.07961583,0.59585165,0.040121604
3,2433,0.9957634,0.079545408,0.59838713,0.040028123
3,2434,0.98984033,0.079381346,0.60013878,0.040221535
3,2435,0.99303706,0.079276324,0.60133368,0.040295827
3,2436,0.99303706,0.079276324,0.60133368,0.040295827
3,2437,0.99086979,0.079617424,0.60199506,0.04040753
3,2438,0.99168907,0.079640671,0.59875577,0.040426429
3,2439,0.99117334,0.079818786,0.59986248,0.040718734
3,2440,0.99228474,0.079987221,0.60065059,0.040374134
3,2441,0.99074781,0.079787078,0.60004678,0.040500251
3,2442,0.99036434,0.079025757,0.60216118,0.040455572
3,2443,0.99036434,0.079025757,0.60216118,0.040455572
3,2444,0.99036434,0.079025757,0.60216118,0.040455572
3,2445,0.99753272,0.078981776,0.59699355,0.040205947
3,2446,0.99753272,0.078981776,0.59699355,0.040205947
3,2447,0.99753272,0.078981776,0.59699355,0.040205947
3,2448,0.99753272,0.078981776,0.59699355,0.040205947
3,2449,0.99753272,0.078981776,0.59699355,0.040205947
3,2450,0.98939966,0.078084616,0.60014727,0.04076195
3,2451,0.99426773,0.078007959,0.60038948,0.040429176
3,2452,1.0002896,0.079260508,0.59840097,0.040143777
3,2453,1.0002896,0.079260508,0.59840097,0.040143777
3,2454,1.0026438,0.079440805,0.59618583,0.039802029
3,2455,1.0105068,0.079771736,0.58846706,0.040258108
3,2456,1.0105068,0.079771736,0.58846706,0.040258108
3,2457,1.0105068,0.079771736,0.58846706,0.040258108
3,2458,1.0103115,0.080966614,0.59082142,0.040165813
3,2459,1.0084747,0.081296376,0.59124152,0.039968297
3,2460,1.0051469,0.080896262,0.58798916,0.040409942
3,2461,1.0051469,0.080896262,0.58798916,0.040409942
3,2462,1.0051469,0.080896262,0.58798916,0.040409942
3,2463,1.0051469,0.080896262,0.58798916,0.040409942
3,2464,1.0006951,0.080861277,0.58802582,0.0403518
3,2465,1.0032337,0.081523166,0.58805636,0.040376499
3,2466,1.0032488,0.081278377,0.58793133,0.040075425
3,2467,1.0125741,0.081049952,0.58742252,0.039602501
3,2468,1.0125741,0.081049952,0.58742252,0.039602501
3,2469,1.0125741,0.081049952,0.58742252,0.039602501
3,2470,1.0125741,0.081049952,0.58742252,0.039602501
3,2471,1.0164645,0.081750611,0.58828294,0.039160984
3,2472,1.0164645,0.081750611,0.58828294,0.039160984
3,2473,1.0164645,0.081750611,0.58828294,0.039160984
3,2474,1.0226807,0.082378073,0.58311202,0.039264776
3,2475,1.0197536,0.082666037,0.58382892,0.03946102
3,2476,1.0197536,0.082666037,0.58382892,0.03946102
3,2477,1.0197536,0.082666037,0.58382892,0.03946102
3,2478,1.0197536,0.082666037,0.58382892,0.03946102
3,2479,1.0197536,0.082666037,0.58382892,0.03946102
3,2480,1.0197536,0.082666037,0.58382892,0.03946102
3,2481,1.025169,0.082913978,0.58080506,0.03916881
3,2482,1.0235009,0.082005856,0.58079262,0.039204279
3,2483,1.0207969,0.082302371,0.58126805,0.039101787
3,2484,1.0243619,0.082402214,0.58235881,0.039254481
3,2485,1.0243753,0.081879751,0.57893859,0.039326366
3,2486,1.0243753,0.081879751,0.57893859,0.039326366
3,2487,1.025841,0.082076164,0.57991281,0.039129969
3,2488,1.0238792,0.082249783,0.58157037,0.039212855
3,2489,1.0238792,0.082249783,0.58157037,0.039212855
3,2490,1.0273138,0.082739614,0.57998693,0.038978116
3,2491,1.0218516,0.083400667,0.58029081,0.039034408
3,2492,1.0218516,0.083400667,0.58029081,0.039034408
3,2493,1.0163616,0.082454797,0.58285313,0.039083836
3,2494,1.0163616,0.082454797,0.58285313,0.039083836
3,2495,1.0254071,0.082381388,0.58288514,0.039184724
3,2496,1.0193412,0.082360822,0.58313687,0.039609931
3,2497,1.0134782,0.081256137,0.58507781,0.039697533
3,2498,1.0134782,0.081256137,0.58507781,0.039697533
3,2499,1.0134782,0.081256137,0.58507781,0.039697533
