chain,iter,alpha,beta,gamma,delta
0,0,0.99625231,0.079631938,0.59540439,0.04026476
0,1,0.99625231,0.079631938,0.59540439,0.04026476
0,2,0.99625231,0.079631938,0.59540439,0.04026476
0,3,0.99625231,0.079631938,0.59540439,0.04026476
0,4,0.99573114,0.079716778,0.59941249,0.039908043
0,5,0.99573114,0.079716778,0.59941249,0.039908043
0,6,0.99390468,0.079549052,0.59870579,0.040056399
0,7,0.99390468,0.079549052,0.59870579,0.040056399
0,8,0.99390468,0.079549052,0.59870579,0.040056399
0,9,0.99390468,0.079549052,0.59870579,0.040056399
0,10,0.99175468,0.078973873,0.59870021,0.04004954
0,11,0.99476204,0.078362098,0.59974293,0.040335068
0,12,0.98981405,0.079210135,0.6000055,0.040256917
0,13,0.98981405,0.079210135,0.6000055,0.040256917
0,14,0.98952627,0.078863761,0.60451858,0.040661807
0,15,0.98952627,0.078863761,0.60451858,0.040661807
0,16,0.98952627,0.078863761,0.60451858,0.040661807
0,17,0.99223418,0.079263514,0.60177665,0.040554458
0,18,0.99092351,0.078631382,0.59994218,0.040691582
0,19,0.99092351,0.078631382,0.59994218,0.040691582
0,20,0.99428802,0.078521866,0.60122121,0.040118528
0,21,0.99428802,0.078521866,0.60122121,0.040118528
0,22,0.99428802,0.078521866,0.60122121,0.040118528
0,23,0.99428802,0.078521866,0.60122121,0.040118528
0,24,0.99428802,0.078521866,0.60122121,0.040118528
0,25,0.99428802,0.078521866,0.60122121,0.040118528
0,26,0.99428802,0.078521866,0.60122121,0.040118528
0,27,0.99522258,0.078860176,0.60237072,0.040318498
0,28,0.99694303,0.078621836,0.60152643,0.040077405
0,29,0.99247958,0.078399478,0.6039956,0.040046044
0,30,0.9893207,0.078765088,0.6038752,0.040144823
0,31,0.9893207,0.078765088,0.6038752,0.040144823
0,32,0.9893207,0.078765088,0.6038752,0.040144823
0,33,0.99819702,0.079406528,0.60140112,0.039947934
0,34,0.99819702,0.079406528,0.60140112,0.039947934
0,35,0.99819702,0.079406528,0.60140112,0.039947934
0,36,0.99819702,0.079406528,0.60140112,0.039947934
0,37,0.99819702,0.079406528,0.60140112,0.039947934
0,38,0.99819702,0.079406528,0.60140112,0.039947934
0,39,0.98748433,0.078828757,0.60141615,0.040194152
0,40,0.98748433,0.078828757,0.60141615,0.040194152
0,41,0.98748433,0.078828757,0.60141615,0.040194152
0,42,0.98832976,0.078600141,0.60383568,0.040149499
0,43,0.98832976,0.078600141,0.60383568,0.040149499
0,44,0.98832976,0.078600141,0.60383568,0.040149499
0,45,0.9909114,0.078648173,0.60329172,0.040478503
0,46,0.9909114,0.078648173,0.60329172,0.040478503
0,47,0.9909114,0.078648173,0.60329172,0.040478503
0,48,0.9909114,0.078648173,0.60329172,0.040478503
0,49,0.98520303,0.078921314,0.6041196,0.040547163
0,50,0.98520303,0.078921314,0.6041196,0.040547163
0,51,0.98637991,0.078936825,0.60357318,0.040751349
0,52,0.98925577,0.078860373,0.60448028,0.04017216
0,53,0.98925577,0.078860373,0.60448028,0.04017216
0,54,0.98925577,0.078860373,0.60448028,0.04017216
0,55,0.99061492,0.079485532,0.60710564,0.040104793
0,56,0.99162869,0.079254098,0.60170087,0.040289764
0,57,0.99162869,0.079254098,0.60170087,0.040289764
0,58,0.99162869,0.079254098,0.60170087,0.040289764
0,59,0.99162869,0.079254098,0.60170087,0.040289764
0,60,0.99162869,0.079254098,0.60170087,0.040289764
0,61,0.99162869,0.079254098,0.60170087,0.040289764
0,62,0.99162869,0.079254098,0.60170087,0.040289764
0,63,0.99162869,0.079254098,0.60170087,0.040289764
0,64,0.99162869,0.079254098,0.60170087,0.040289764
0,65,0.99504539,0.079136278,0.59956227,0.040472146
0,66,0.99802239,0.079215862,0.59902164,0.040490936
0,67,0.995902,0.078917948,0.59870515,0.040222205
0,68,0.995902,0.078917948,0.59870515,0.040222205
0,69,0.99811923,0.080150734,0.59634202,0.039642808
0,70,0.99811923,0.080150734,0.59634202,0.039642808
0,71,1.0027946,0.079827594,0.5941662,0.039713186
0,72,0.99857956,0.079705635,0.59647799,0.040102916
0,73,0.99955628,0.079638076,0.59821473,0.040338907
0,74,0.99955628,0.079638076,0.59821473,0.040338907
0,75,0.99955628,0.079638076,0.59821473,0.040338907
0,76,1.0039119,0.0796213,0.5940288,0.040018771
0,77,1.0039119,0.0796213,0.5940288,0.040018771
0,78,1.0032734,0.080716832,0.5936825,0.040194474
0,79,1.0032734,0.080716832,0.5936825,0.040194474
0,80,1.0032734,0.080716832,0.5936825,0.040194474
0,81,1.0082196,0.080427803,0.59341418,0.040000523
0,82,1.0060658,0.080693966,0.59303041,0.039942915
0,83,0.99997741,0.080050724,0.59436902,0.039954386
0,84,0.99997741,0.080050724,0.59436902,0.039954386
0,85,0.99997741,0.080050724,0.59436902,0.039954386
0,86,0.99997741,0.080050724,0.59436902,0.039954386
0,87,0.99997741,0.080050724,0.59436902,0.039954386
0,88,0.99997741,0.080050724,0.59436902,0.039954386
0,89,0.99997741,0.080050724,0.59436902,0.039954386
0,90,0.99908825,0.080487926,0.59490915,0.039793941
0,91,0.99908825,0.080487926,0.59490915,0.039793941
0,92,0.99908825,0.080487926,0.59490915,0.039793941
0,93,1.0097071,0.080066401,0.5905343,0.040208897
0,94,1.0086554,0.079557223,0.59176729,0.040111189
0,95,1.0086554,0.079557223,0.59176729,0.040111189
0,96,1.0089366,0.080070475,0.59263761,0.040317883
0,97,1.0089366,0.080070475,0.59263761,0.040317883
0,98,1.0089366,0.080070475,0.59263761,0.040317883
0,99,1.0051449,0.080023587,0.59763919,0.040056295
0,100,1.0051449,0.080023587,0.59763919,0.040056295
0,101,1.0016775,0.0800284,0.59394333,0.03967619
0,102,1.0058364,0.080519372,0.59601694,0.039733407
0,103,1.0025515,0.080285483,0.59168058,0.039842162
0,104,1.0025515,0.080285483,0.59168058,0.039842162
0,105,1.0025515,0.080285483,0.59168058,0.039842162
0,106,1.0025515,0.080285483,0.59168058,0.039842162
0,107,0.99905855,0.080553316,0.59397486,0.04001686
0,108,0.99905855,0.080553316,0.59397486,0.04001686
0,109,0.99905855,0.080553316,0.59397486,0.04001686
0,110,0.99905855,0.080553316,0.59397486,0.04001686
0,111,0.99905855,0.080553316,0.59397486,0.04001686
0,112,0.99503532,0.080076072,0.59828894,0.040299339
0,113,0.99503532,0.080076072,0.59828894,0.040299339
0,114,0.99503532,0.080076072,0.59828894,0.040299339
0,115,0.99716628,0.080267409,0.59648317,0.040105811
0,116,0.99716628,0.080267409,0.59648317,0.040105811
0,117,0.99716628,0.080267409,0.59648317,0.040105811
0,118,0.99613228,0.079898322,0.60142311,0.040253715
0,119,0.99613228,0.079898322,0.60142311,0.040253715
0,120,0.99613228,0.079898322,0.60142311,0.040253715
0,121,1.0040557,0.07897653,0.59527349,0.040133891
0,122,1.0026179,0.078714918,0.59674663,0.040160894
0,123,0.99863552,0.078661336,0.60075541,0.040271181
0,124,0.99863552,0.078661336,0.60075541,0.040271181
0,125,0.99644569,0.078641219,0.60191565,0.040345507
0,126,0.9941474,0.078559542,0.60692596,0.040361744
0,127,0.9941474,0.078559542,0.60692596,0.040361744
0,128,0.99016361,0.079552748,0.605116,0.040571182
0,129,0.99016361,0.079552748,0.605116,0.040571182
0,130,0.99016361,0.079552748,0.605116,0.040571182
0,131,0.99016361,0.079552748,0.605116,0.040571182
0,132,0.99016361,0.079552748,0.605116,0.040571182
0,133,0.99016361,0.079552748,0.605116,0.040571182
0,134,0.98668075,0.079589881,0.60402773,0.040487574
0,135,0.98637252,0.079497416,0.60624802,0.04035018
0,136,0.97973887,0.078578374,0.6064593,0.040528684
0,137,0.97973887,0.078578374,0.6064593,0.040528684
0,138,0.9877719,0.078544586,0.60603502,0.040351596
0,139,0.9877719,0.078544586,0.60603502,0.040351596
0,140,0.9877719,0.078544586,0.60603502,0.040351596
0,141,0.9877719,0.078544586,0.60603502,0.040351596
0,142,0.9877719,0.078544586,0.60603502,0.040351596
0,143,0.9877719,0.078544586,0.60603502,0.040351596
0,144,0.9877719,0.078544586,0.60603502,0.040351596
0,145,0.9877719,0.078544586,0.60603502,0.040351596
0,146,0.9877719,0.078544586,0.60603502,0.040351596
0,147,0.9877719,0.078544586,0.60603502,0.040351596
0,148,0.98769055,0.078354508,0.60363418,0.04072142
0,149,0.98769055,0.078354508,0.60363418,0.04072142
0,150,0.98769055,0.078354508,0.60363418,0.04072142
0,151,0.98769055,0.078354508,0.60363418,0.04072142
0,152,0.98829377,0.078674933,0.60515897,0.040622006
0,153,0.9866134,0.078982259,0.60358064,0.040653516
0,154,0.9866134,0.078982259,0.60358064,0.040653516
0,155,0.98601662,0.078689619,0.60352193,0.040708773
0,156,0.98601662,0.078689619,0.60352193,0.040708773
0,157,0.98601662,0.078689619,0.60352193,0.040708773
0,158,0.98601662,0.078689619,0.60352193,0.040708773
0,159,0.98601662,0.078689619,0.60352193,0.040708773
0,160,0.98601662,0.078689619,0.60352193,0.040708773
0,161,0.98601662,0.078689619,0.60352193,0.040708773
0,162,0.98601662,0.078689619,0.60352193,0.040708773
0,163,0.98601662,0.078689619,0.60352193,0.040708773
0,164,0.98601662,0.078689619,0.60352193,0.040708773
0,165,0.98601662,0.078689619,0.60352193,0.040708773
0,166,0.98838666,0.079081831,0.59954682,0.040758557
0,167,0.98838666,0.079081831,0.59954682,0.040758557
0,168,0.98838666,0.079081831,0.59954682,0.040758557
0,169,0.98838666,0.079081831,0.59954682,0.040758557
0,170,0.98743216,0.078941591,0.60008191,0.040403503
0,171,0.98977129,0.079156401,0.60125351,0.040565136
0,172,0.98977129,0.079156401,0.60125351,0.040565136
0,173,0.9869022,0.079281579,0.60291743,0.040524141
0,174,0.9869022,0.079281579,0.60291743,0.040524141
0,175,0.9869022,0.079281579,0.60291743,0.040524141
0,176,0.9869022,0.079281579,0.60291743,0.040524141
0,177,0.9869022,0.079281579,0.60291743,0.040524141
0,178,0.9869022,0.079281579,0.60291743,0.040524141
0,179,0.9869022,0.079281579,0.60291743,0.040524141
0,180,0.9869022,0.079281579,0.60291743,0.040524141
0,181,0.9869022,0.079281579,0.60291743,0.040524141
0,182,0.9869022,0.079281579,0.60291743,0.040524141
0,183,0.9869022,0.079281579,0.60291743,0.040524141
0,184,0.9869022,0.079281579,0.60291743,0.040524141
0,185,0.99165622,0.078832002,0.5987536,0.040571263
0,186,0.99165622,0.078832002,0.5987536,0.040571263
0,187,0.99165622,0.078832002,0.5987536,0.040571263
0,188,0.9874215,0.079504163,0.60270183,0.04036562
0,189,0.9874215,0.079504163,0.60270183,0.04036562
0,190,0.9874215,0.079504163,0.60270183,0.04036562
0,191,0.9874215,0.079504163,0.60270183,0.04036562
0,192,0.9874215,0.079504163,0.60270183,0.04036562
0,193,0.98408435,0.07908644,0.607144,0.04052511
0,194,0.98694264,0.078709403,0.60486564,0.040677304
0,195,0.98694264,0.078709403,0.60486564,0.040677304
0,196,0.98694264,0.078709403,0.60486564,0.040677304
0,197,0.98694264,0.078709403,0.60486564,0.040677304
0,198,0.98730805,0.078531772,0.60367865,0.04055536
0,199,0.98696947,0.078715445,0.60609023,0.040497805
0,200,0.98696947,0.078715445,0.60609023,0.040497805
0,201,0.98696947,0.078715445,0.60609023,0.040497805
0,202,0.99607089,0.079455046,0.59750891,0.040121424
0,203,0.99607089,0.079455046,0.59750891,0.040121424
0,204,1.0064824,0.079703343,0.59300903,0.040326931
0,205,1.005636,0.079992796,0.59137486,0.039998894
0,206,1.005636,0.079992796,0.59137486,0.039998894
0,207,1.005636,0.079992796,0.59137486,0.039998894
0,208,1.005636,0.079992796,0.59137486,0.039998894
0,209,0.99891939,0.080177062,0.59555569,0.039861196
0,210,0.99891939,0.080177062,0.59555569,0.039861196
0,211,0.99891939,0.080177062,0.59555569,0.039861196
0,212,0.99891939,0.080177062,0.59555569,0.039861196
0,213,0.99891939,0.080177062,0.59555569,0.039861196
0,214,0.99780855,0.079888039,0.59641109,0.04000291
0,215,1.0021014,0.079845002,0.59748787,0.039973192
0,216,1.0021014,0.079845002,0.59748787,0.039973192
0,217,1.0021014,0.079845002,0.59748787,0.039973192
0,218,1.0021014,0.079845002,0.59748787,0.039973192
0,219,1.0021014,0.079845002,0.59748787,0.039973192
0,220,1.0021014,0.079845002,0.59748787,0.039973192
0,221,1.0021014,0.079845002,0.59748787,0.039973192
0,222,1.0021014,0.079845002,0.59748787,0.039973192
0,223,0.99368022,0.078773818,0.5993735,0.040179091
0,224,0.99368022,0.078773818,0.5993735,0.040179091
0,225,0.99368022,0.078773818,0.5993735,0.040179091
0,226,0.99449982,0.079289923,0.60183763,0.040323079
0,227,0.99449982,0.079289923,0.60183763,0.040323079
0,228,0.99449982,0.079289923,0.60183763,0.040323079
0,229,0.99124031,0.079436592,0.60231018,0.040372433
0,230,0.99124031,0.079436592,0.60231018,0.040372433
0,231,0.98979144,0.079616323,0.60448093,0.040399894
0,232,0.98979144,0.079616323,0.60448093,0.040399894
0,233,0.9939363,0.078791224,0.60214133,0.040535917
0,234,0.9939363,0.078791224,0.60214133,0.040535917
0,235,0.9939363,0.078791224,0.60214133,0.040535917
0,236,0.9939363,0.078791224,0.60214133,0.040535917
0,237,0.9939363,0.078791224,0.60214133,0.040535917
0,238,0.99224193,0.078336688,0.60325883,0.040463871
0,239,0.9934902,0.079028421,0.60022785,0.040337334
0,240,0.9934902,0.079028421,0.60022785,0.040337334
0,241,0.9934902,0.079028421,0.60022785,0.040337334
0,242,0.9934902,0.079028421,0.60022785,0.040337334
0,243,0.9934902,0.079028421,0.60022785,0.040337334
0,244,0.99424876,0.079265663,0.60011022,0.040186461
0,245,0.99424876,0.079265663,0.60011022,0.040186461
0,246,0.99424876,0.079265663,0.60011022,0.040186461
0,247,0.99424876,0.079265663,0.60011022,0.040186461
0,248,0.99424876,0.079265663,0.60011022,0.040186461
0,249,0.99163628,0.07973888,0.6023707,0.040082733
0,250,0.99163628,0.07973888,0.6023707,0.040082733
0,251,0.99163628,0.07973888,0.6023707,0.040082733
0,252,0.99163628,0.07973888,0.6023707,0.040082733
0,253,0.99998524,0.080150606,0.59573136,0.039788924
0,254,0.99998524,0.080150606,0.59573136,0.039788924
0,255,1.0051186,0.079287551,0.59481104,0.039891558
0,256,1.0002173,0.079582359,0.59548214,0.039792276
0,257,1.0002173,0.079582359,0.59548214,0.039792276
0,258,1.0033002,0.079909486,0.59786442,0.040021709
0,259,1.0033002,0.079909486,0.59786442,0.040021709
0,260,1.0053008,0.080477628,0.59380998,0.039853112
0,261,1.0042044,0.080874516,0.59305513,0.040147063
0,262,1.0049751,0.080807259,0.5918437,0.039922363
0,263,0.99774923,0.080080644,0.5955079,0.040087692
0,264,0.99774923,0.080080644,0.5955079,0.040087692
0,265,0.99774923,0.080080644,0.5955079,0.040087692
0,266,0.99031156,0.079585093,0.59998331,0.040371089
0,267,0.99245663,0.079233735,0.60138671,0.040588226
0,268,0.99216288,0.078574345,0.59866865,0.040377941
0,269,0.99216288,0.078574345,0.59866865,0.040377941
0,270,0.9910673,0.078756038,0.59865286,0.040456156
0,271,0.98854828,0.079339075,0.60315354,0.040390839
0,272,0.98854828,0.079339075,0.60315354,0.040390839
0,273,0.98980839,0.079473574,0.60442,0.04057237
0,274,0.98980839,0.079473574,0.60442,0.04057237
0,275,0.98980839,0.079473574,0.60442,0.04057237
0,276,0.98980839,0.079473574,0.60442,0.04057237
0,277,0.98900671,0.078872608,0.60030247,0.040593533
0,278,0.98647179,0.078836831,0.60239128,0.040662577
0,279,0.98647179,0.078836831,0.60239128,0.040662577
0,280,0.98647179,0.078836831,0.60239128,0.040662577
0,281,0.98647179,0.078836831,0.60239128,0.040662577
0,282,0.98647179,0.078836831,0.60239128,0.040662577
0,283,0.98647179,0.078836831,0.60239128,0.040662577
0,284,0.98779194,0.079315765,0.60225186,0.040820391
0,285,0.98779194,0.079315765,0.60225186,0.040820391
0,286,0.98779194,0.079315765,0.60225186,0.040820391
0,287,0.98779194,0.079315765,0.60225186,0.040820391
0,288,0.99082952,0.07938215,0.60139651,0.040441114
0,289,0.99082952,0.07938215,0.60139651,0.040441114
0,290,0.99082952,0.07938215,0.60139651,0.040441114
0,291,0.99082952,0.07938215,0.60139651,0.040441114
0,292,0.99682085,0.080318917,0.59692691,0.0403508
0,293,0.99682085,0.080318917,0.59692691,0.0403508
0,294,0.99682085,0.080318917,0.59692691,0.0403508
0,295,1.0001157,0.080222233,0.59949243,0.040169289
0,296,1.0040285,0.080356083,0.59389118,0.040444006
0,297,1.0040285,0.080356083,0.59389118,0.040444006
0,298,1.0040285,0.080356083,0.59389118,0.040444006
0,299,1.0001305,0.079893727,0.59227708,0.040145232
0,300,1.0029793,0.080575919,0.5908303,0.040243621
0,301,1.0019887,0.079813418,0.59162975,0.040298442
0,302,1.0019887,0.079813418,0.59162975,0.040298442
0,303,0.99735233,0.079625328,0.59886585,0.040252918
0,304,0.99706788,0.07969646,0.59700141,0.040175286
0,305,0.99706788,0.07969646,0.59700141,0.040175286
0,306,0.99419276,0.079753551,0.5981577,0.040503427
0,307,0.99419276,0.079753551,0.5981577,0.040503427
0,308,0.99419276,0.079753551,0.5981577,0.040503427
0,309,0.99419276,0.079753551,0.5981577,0.040503427
0,310,0.99054959,0.079303853,0.60320915,0.040541326
0,311,0.99054959,0.079303853,0.60320915,0.040541326
0,312,0.99091129,0.079044827,0.59979428,0.040259461
0,313,0.99091129,0.079044827,0.59979428,0.040259461
0,314,0.99091129,0.079044827,0.59979428,0.040259461
0,315,0.99091129,0.079044827,0.59979428,0.040259461
0,316,0.99091129,0.079044827,0.59979428,0.040259461
0,317,0.99089655,0.079506938,0.60256045,0.040391435
0,318,0.99089655,0.079506938,0.60256045,0.040391435
0,319,0.99089655,0.079506938,0.60256045,0.040391435
0,320,0.99463901,0.079429598,0.59708047,0.040432977
0,321,0.99474814,0.078873641,0.59847428,0.04037813
0,322,0.99324382,0.079308817,0.60079671,0.040499938
0,323,0.99324382,0.079308817,0.60079671,0.040499938
0,324,0.99324382,0.079308817,0.60079671,0.040499938
0,325,0.99324382,0.079308817,0.60079671,0.040499938
0,326,0.99055401,0.078879343,0.60080456,0.04060921
0,327,0.99055401,0.078879343,0.60080456,0.04060921
0,328,0.99055401,0.078879343,0.60080456,0.04060921
0,329,0.99055401,0.078879343,0.60080456,0.04060921
0,330,0.99224602,0.078616104,0.6012148,0.040288065
0,331,0.99224602,0.078616104,0.6012148,0.040288065
0,332,0.99562405,0.078541556,0.60027715,0.040500128
0,333,0.99562405,0.078541556,0.60027715,0.040500128
0,334,0.99562405,0.078541556,0.60027715,0.040500128
0,335,0.99562405,0.078541556,0.60027715,0.040500128
0,336,0.99177441,0.078331358,0.60034091,0.040908063
0,337,0.99177441,0.078331358,0.60034091,0.040908063
0,338,0.99261305,0.078300462,0.60498202,0.040448171
0,339,0.99261305,0.078300462,0.60498202,0.040448171
0,340,0.99078962,0.078361541,0.60652006,0.040354353
0,341,0.99078962,0.078361541,0.60652006,0.040354353
0,342,0.99078962,0.078361541,0.60652006,0.040354353
0,343,0.9863626,0.077950083,0.60612834,0.040836121
0,344,0.97959545,0.078144227,0.60711327,0.040674779
0,345,0.97959545,0.078144227,0.60711327,0.040674779
0,346,0.97959545,0.078144227,0.60711327,0.040674779
0,347,0.98933112,0.077447773,0.60251706,0.04081408
0,348,0.98933112,0.077447773,0.60251706,0.04081408
0,349,0.98806313,0.078873412,0.59965888,0.040813755
0,350,0.98806313,0.078873412,0.59965888,0.040813755
0,351,0.99011147,0.078894532,0.60202052,0.040618083
0,352,0.99011147,0.078894532,0.60202052,0.040618083
0,353,0.99011147,0.078894532,0.60202052,0.040618083
0,354,0.99011147,0.078894532,0.60202052,0.040618083
0,355,0.99011147,0.078894532,0.60202052,0.040618083
0,356,0.99215179,0.07899809,0.60163218,0.040565169
0,357,0.99215179,0.07899809,0.60163218,0.040565169
0,358,0.99215179,0.07899809,0.60163218,0.040565169
0,359,0.99215179,0.07899809,0.60163218,0.040565169
0,360,0.99215179,0.07899809,0.60163218,0.040565169
0,361,0.99300217,0.079264081,0.5999109,0.0404773
0,362,0.99300217,0.079264081,0.5999109,0.0404773
0,363,0.99033351,0.078555179,0.60399406,0.040642764
0,364,0.99406461,0.077786012,0.60053486,0.040727291
0,365,0.99406461,0.077786012,0.60053486,0.040727291
0,366,0.99406461,0.077786012,0.60053486,0.040727291
0,367,0.99095452,0.077456538,0.60185738,0.04060256
0,368,0.98370871,0.077605596,0.60346949,0.040744835
0,369,0.98370871,0.077605596,0.60346949,0.040744835
0,370,0.98962714,0.077590373,0.60375353,0.04063258
0,371,0.98962714,0.077590373,0.60375353,0.04063258
0,372,0.98962714,0.077590373,0.60375353,0.04063258
0,373,0.98984305,0.078019146,0.60197463,0.040429477
0,374,0.98984305,0.078019146,0.60197463,0.040429477
0,375,0.99067993,0.078731914,0.60019645,0.040499938
0,376,0.99067993,0.078731914,0.60019645,0.040499938
0,377,0.99067993,0.078731914,0.60019645,0.040499938
0,378,0.99918162,0.078357434,0.59769864,0.040323874
0,379,0.99918162,0.078357434,0.59769864,0.040323874
0,380,0.9870814,0.078902697,0.60475525,0.040106569
0,381,0.9870814,0.078902697,0.60475525,0.040106569
0,382,0.9870814,0.078902697,0.60475525,0.040106569
0,383,0.9870814,0.078902697,0.60475525,0.040106569
0,384,0.9870814,0.078902697,0.60475525,0.040106569
0,385,0.9870814,0.078902697,0.60475525,0.040106569
0,386,0.9870814,0.078902697,0.60475525,0.040106569
0,387,0.98862197,0.079208883,0.60484222,0.040107169
0,388,0.98862197,0.079208883,0.60484222,0.040107169
0,389,0.98862197,0.079208883,0.60484222,0.040107169
0,390,0.98862197,0.079208883,0.60484222,0.040107169
0,391,0.98862197,0.079208883,0.60484222,0.040107169
0,392,0.98862197,0.079208883,0.60484222,0.040107169
0,393,0.98862197,0.079208883,0.60484222,0.040107169
0,394,0.98491676,0.078746582,0.60438418,0.040624891
0,395,0.98491676,0.078746582,0.60438418,0.040624891
0,396,0.98657073,0.077999887,0.60411141,0.040611984
0,397,0.98657073,0.077999887,0.60411141,0.040611984
0,398,0.98657073,0.077999887,0.60411141,0.040611984
0,399,0.98657073,0.077999887,0.60411141,0.040611984
0,400,0.98657073,0.077999887,0.60411141,0.040611984
0,401,0.98858686,0.078532395,0.60583518,0.040511206
0,402,0.98858686,0.078532395,0.60583518,0.040511206
0,403,0.98858686,0.078532395,0.60583518,0.040511206
0,404,0.98858686,0.078532395,0.60583518,0.040511206
0,405,0.99247836,0.078233554,0.60361139,0.040424446
0,406,0.99247836,0.078233554,0.60361139,0.040424446
0,407,0.98786321,0.078973181,0.60501887,0.040464743
0,408,0.98786321,0.078973181,0.60501887,0.040464743
0,409,0.98786321,0.078973181,0.60501887,0.040464743
0,410,0.98786321,0.078973181,0.60501887,0.040464743
0,411,0.98786321,0.078973181,0.60501887,0.040464743
0,412,0.98786321,0.078973181,0.60501887,0.040464743
0,413,0.98668969,0.078561997,0.60373734,0.040577424
0,414,0.98668969,0.078561997,0.60373734,0.040577424
0,415,0.98668969,0.078561997,0.60373734,0.040577424
0,416,0.98668969,0.078561997,0.60373734,0.040577424
0,417,0.99352099,0.078265846,0.60179789,0.040371119
0,418,0.99383128,0.078468766,0.60230171,0.040294804
0,419,0.99383128,0.078468766,0.60230171,0.040294804
0,420,0.99079632,0.078412854,0.60638292,0.040528615
0,421,0.99079632,0.078412854,0.60638292,0.040528615
0,422,0.98471264,0.078131553,0.6093079,0.040839948
0,423,0.97704577,0.077351912,0.6109493,0.040643833
0,424,0.97279266,0.077340522,0.61163036,0.040966262
0,425,0.97279266,0.077340522,0.61163036,0.040966262
0,426,0.97279266,0.077340522,0.61163036,0.040966262
0,427,0.97279266,0.077340522,0.61163036,0.040966262
0,428,0.97793914,0.077066565,0.61153812,0.040957428
0,429,0.97793914,0.077066565,0.61153812,0.040957428
0,430,0.98012856,0.076721444,0.6099444,0.041349621
0,431,0.98012856,0.076721444,0.6099444,0.041349621
0,432,0.98012856,0.076721444,0.6099444,0.041349621
0,433,0.98012856,0.076721444,0.6099444,0.041349621
0,434,0.98012856,0.076721444,0.6099444,0.041349621
0,435,0.98012856,0.076721444,0.6099444,0.041349621
0,436,0.98012856,0.076721444,0.6099444,0.041349621
0,437,0.98012856,0.076721444,0.6099444,0.041349621
0,438,0.98012856,0.076721444,0.6099444,0.041349621
0,439,0.98012856,0.076721444,0.6099444,0.041349621
0,440,0.98099003,0.076988123,0.60725861,0.041050244
0,441,0.98444103,0.077224307,0.60702412,0.040780197
0,442,0.98444103,0.077224307,0.60702412,0.040780197
0,443,0.98444103,0.077224307,0.60702412,0.040780197
0,444,0.98052959,0.077587247,0.60778321,0.041034077
0,445,0.98052959,0.077587247,0.60778321,0.041034077
0,446,0.98052959,0.077587247,0.60778321,0.041034077
0,447,0.98052959,0.077587247,0.60778321,0.041034077
0,448,0.98246773,0.078141794,0.60868534,0.040572371
0,449,0.97942638,0.077446706,0.60909271,0.041051729
0,450,0.97942638,0.077446706,0.60909271,0.041051729
0,451,0.97942638,0.077446706,0.60909271,0.041051729
0,452,0.97942638,0.077446706,0.60909271,0.041051729
0,453,0.97961895,0.077480375,0.60894142,0.040732808
0,454,0.97961895,0.077480375,0.60894142,0.040732808
0,455,0.97961895,0.077480375,0.60894142,0.040732808
0,456,0.97961895,0.077480375,0.60894142,0.040732808
0,457,0.97961895,0.077480375,0.60894142,0.040732808
0,458,0.97961895,0.077480375,0.60894142,0.040732808
0,459,0.97961895,0.077480375,0.60894142,0.040732808
0,460,0.98213016,0.077441847,0.60583262,0.040783067
0,461,0.98263141,0.078433581,0.60780055,0.040811531
0,462,0.98263141,0.078433581,0.60780055,0.040811531
0,463,0.98263141,0.078433581,0.60780055,0.040811531
0,464,0.98930836,0.077890836,0.60602097,0.040415485
0,465,0.98884547,0.078037867,0.60654348,0.040512661
0,466,0.98752488,0.078669501,0.60605312,0.040282459
0,467,0.98752488,0.078669501,0.60605312,0.040282459
0,468,0.98884189,0.078898465,0.60565808,0.04024594
0,469,0.98884189,0.078898465,0.60565808,0.04024594
0,470,0.98884189,0.078898465,0.60565808,0.04024594
0,471,0.98884189,0.078898465,0.60565808,0.04024594
0,472,0.98520347,0.079502269,0.60373178,0.040388375
0,473,0.99233861,0.079383756,0.60473916,0.039811863
0,474,0.99685302,0.079364768,0.60278735,0.039969498
0,475,0.99545031,0.079633526,0.60288608,0.040338441
0,476,0.99757234,0.080145947,0.60260747,0.039977805
0,477,0.99757234,0.080145947,0.60260747,0.039977805
0,478,0.99368995,0.079763638,0.60269954,0.040217654
0,479,0.99368995,0.079763638,0.60269954,0.040217654
0,480,0.99498553,0.07880472,0.60332807,0.039988634
0,481,0.99498553,0.07880472,0.60332807,0.039988634
0,482,0.99498553,0.07880472,0.60332807,0.039988634
0,483,0.99498553,0.07880472,0.60332807,0.039988634
0,484,0.99498553,0.07880472,0.60332807,0.039988634
0,485,0.98287596,0.078647247,0.60704844,0.04023306
0,486,0.98287596,0.078647247,0.60704844,0.04023306
0,487,0.98287596,0.078647247,0.60704844,0.04023306
0,488,0.98287596,0.078647247,0.60704844,0.04023306
0,489,0.98287596,0.078647247,0.60704844,0.04023306
0,490,0.98287596,0.078647247,0.60704844,0.04023306
0,491,0.98287596,0.078647247,0.60704844,0.04023306
0,492,0.98677122,0.079068101,0.6076296,0.040367709
0,493,0.9926826,0.079211828,0.60402561,0.040307404
0,494,0.99086067,0.079777713,0.60698814,0.040178505
0,495,0.99086067,0.079777713,0.60698814,0.040178505
0,496,0.99317797,0.079094439,0.60580437,0.03991684
0,497,0.98749862,0.078218022,0.60695054,0.040014356
0,498,0.98749862,0.078218022,0.60695054,0.040014356
0,499,0.98749862,0.078218022,0.60695054,0.040014356
0,500,0.98749862,0.078218022,0.60695054,0.040014356
0,501,0.98749862,0.078218022,0.60695054,0.040014356
0,502,0.98362542,0.078694615,0.60449208,0.040503109
0,503,0.98362542,0.078694615,0.60449208,0.040503109
0,504,0.98714805,0.078544107,0.60446494,0.040581068
0,505,0.98714805,0.078544107,0.60446494,0.040581068
0,506,0.98714805,0.078544107,0.60446494,0.040581068
0,507,0.98714805,0.078544107,0.60446494,0.040581068
0,508,0.98714805,0.078544107,0.60446494,0.040581068
0,509,0.98714805,0.078544107,0.60446494,0.040581068
0,510,0.98714805,0.078544107,0.60446494,0.040581068
0,511,0.98820943,0.078134073,0.60607784,0.040438399
0,512,0.98820943,0.078134073,0.60607784,0.040438399
0,513,0.98783627,0.078807896,0.60639121,0.04058094
0,514,0.9825175,0.077996741,0.60401663,0.040719238
0,515,0.9825175,0.077996741,0.60401663,0.040719238
0,516,0.9825175,0.077996741,0.60401663,0.040719238
0,517,0.9825175,0.077996741,0.60401663,0.040719238
0,518,0.98342202,0.07786985,0.60295497,0.040718646
0,519,0.99075435,0.077683217,0.60542409,0.040378224
0,520,0.99075435,0.077683217,0.60542409,0.040378224
0,521,0.99176641,0.078177418,0.60563692,0.040360429
0,522,0.98252234,0.078031788,0.61059365,0.040623858
0,523,0.98507599,0.0778886,0.61058756,0.040899978
0,524,0.98858604,0.078140742,0.60273933,0.040768443
0,525,0.98858604,0.078140742,0.60273933,0.040768443
0,526,0.98858604,0.078140742,0.60273933,0.040768443
0,527,0.98801491,0.07767074,0.60364059,0.040696494
0,528,0.98801491,0.07767074,0.60364059,0.040696494
0,529,0.98801491,0.07767074,0.60364059,0.040696494
0,530,0.97940387,0.077810029,0.6079276,0.040890421
0,531,0.97940387,0.077810029,0.6079276,0.040890421
0,532,0.97940387,0.077810029,0.6079276,0.040890421
0,533,0.97940387,0.077810029,0.6079276,0.040890421
0,534,0.97940387,0.077810029,0.6079276,0.040890421
0,535,0.98540067,0.077965265,0.60644513,0.040401086
0,536,0.98540067,0.077965265,0.60644513,0.040401086
0,537,0.99114235,0.07819458,0.60357171,0.040295816
0,538,0.98935018,0.07873718,0.60675222,0.040685827
0,539,0.98935018,0.07873718,0.60675222,0.040685827
0,540,0.98935018,0.07873718,0.60675222,0.040685827
0,541,0.99328532,0.07880836,0.60456654,0.040308421
0,542,0.99328532,0.07880836,0.60456654,0.040308421
0,543,0.99328532,0.07880836,0.60456654,0.040308421
0,544,0.98892044,0.078444569,0.60496893,0.040396537
0,545,0.98892044,0.078444569,0.60496893,0.040396537
0,546,0.98892044,0.078444569,0.60496893,0.040396537
0,547,0.98860385,0.07807563,0.60168134,0.040949035
0,548,0.98860385,0.07807563,0.60168134,0.040949035
0,549,0.98860385,0.07807563,0.60168134,0.040949035
0,550,0.98860385,0.07807563,0.60168134,0.040949035
0,551,0.98927048,0.078445146,0.60223939,0.041043402
0,552,0.98927048,0.078445146,0.60223939,0.041043402
0,553,0.98829195,0.078345146,0.60520336,0.040713053
0,554,0.99019422,0.078540218,0.59991671,0.040689822
0,555,0.98834729,0.077450362,0.60219739,0.040755873
0,556,0.98904828,0.077776037,0.60690996,0.040945968
0,557,0.98904828,0.077776037,0.60690996,0.040945968
0,558,0.98904828,0.077776037,0.60690996,0.040945968
0,559,0.98817911,0.077665132,0.60512689,0.040494746
0,560,0.98817911,0.077665132,0.60512689,0.040494746
0,561,0.98911298,0.077632324,0.60571919,0.040577547
0,562,0.98781034,0.077478544,0.60803943,0.040412043
0,563,0.98781034,0.077478544,0.60803943,0.040412043
0,564,0.97888891,0.078651956,0.61042108,0.040760434
0,565,0.97888891,0.078651956,0.61042108,0.040760434
0,566,0.97881582,0.078025062,0.60690836,0.040794297
0,567,0.97881582,0.078025062,0.60690836,0.040794297
0,568,0.98502352,0.079076036,0.60392445,0.041018359
0,569,0.98816206,0.078662101,0.60251438,0.041071181
0,570,0.98816206,0.078662101,0.60251438,0.041071181
0,571,0.98245824,0.078568351,0.60448324,0.040925558
0,572,0.98337864,0.078179082,0.60783789,0.040452067
0,573,0.98337864,0.078179082,0.60783789,0.040452067
0,574,0.98314715,0.07891871,0.6070686,0.040578788
0,575,0.98314715,0.07891871,0.6070686,0.040578788
0,576,0.98367784,0.078955551,0.60635878,0.040358318
0,577,0.98367784,0.078955551,0.60635878,0.040358318
0,578,0.98367784,0.078955551,0.60635878,0.040358318
0,579,0.98367784,0.078955551,0.60635878,0.040358318
0,580,0.98367784,0.078955551,0.60635878,0.040358318
0,581,0.98367784,0.078955551,0.60635878,0.040358318
0,582,0.98229459,0.078507771,0.60838074,0.040507654
0,583,0.98561675,0.079145542,0.60678962,0.04083294
0,584,0.98561675,0.079145542,0.60678962,0.04083294
0,585,0.98494707,0.078767813,0.60168991,0.041067054
0,586,0.98494707,0.078767813,0.60168991,0.041067054
0,587,0.99072731,0.078571835,0.59854606,0.040787772
0,588,0.99125915,0.078675084,0.60017324,0.040844068
0,589,0.99125915,0.078675084,0.60017324,0.040844068
0,590,0.98146308,0.078363137,0.60440935,0.040871528
0,591,0.98146308,0.078363137,0.60440935,0.040871528
0,592,0.98655954,0.078591644,0.60372532,0.040486467
0,593,0.99282369,0.077740018,0.60475596,0.040405046
0,594,0.99324435,0.077926531,0.59909485,0.040363936
0,595,1.000115,0.078634703,0.60125494,0.040224444
0,596,0.9977628,0.079027436,0.60161798,0.03997351
0,597,0.99304318,0.079735066,0.60137438,0.040121396
0,598,0.99566115,0.079241588,0.5992127,0.040299079
0,599,0.99566115,0.079241588,0.5992127,0.040299079
0,600,0.99566115,0.079241588,0.5992127,0.040299079
0,601,0.99566115,0.079241588,0.5992127,0.040299079
0,602,0.99566115,0.079241588,0.5992127,0.040299079
0,603,1.0029343,0.079974763,0.59675482,0.040302884
0,604,1.0022582,0.080629378,0.58824766,0.04019129
0,605,1.0027746,0.081482414,0.59051628,0.039968231
0,606,1.0027746,0.081482414,0.59051628,0.039968231
0,607,1.0027746,0.081482414,0.59051628,0.039968231
0,608,1.0054205,0.080879786,0.58831665,0.04016505
0,609,1.0043945,0.08035775,0.5895984,0.040252618
0,610,1.0043945,0.08035775,0.5895984,0.040252618
0,611,1.0043945,0.08035775,0.5895984,0.040252618
0,612,1.0043945,0.08035775,0.5895984,0.040252618
0,613,0.99903749,0.078948333,0.59503454,0.040338395
0,614,0.99903749,0.078948333,0.59503454,0.040338395
0,615,0.99871763,0.079410939,0.59593361,0.040542935
0,616,0.99871763,0.079410939,0.59593361,0.040542935
0,617,0.99871763,0.079410939,0.59593361,0.040542935
0,618,0.99871763,0.079410939,0.59593361,0.040542935
0,619,0.99871763,0.079410939,0.59593361,0.040542935
0,620,0.99700952,0.080068081,0.59511588,0.040298554
0,621,0.99700952,0.080068081,0.59511588,0.040298554
0,622,0.99700952,0.080068081,0.59511588,0.040298554
0,623,0.99700952,0.080068081,0.59511588,0.040298554
0,624,1.0005306,0.079578395,0.59477765,0.040311354
0,625,1.0007233,0.079759123,0.59469822,0.040257247
0,626,1.0007233,0.079759123,0.59469822,0.040257247
0,627,1.0007233,0.079759123,0.59469822,0.040257247
0,628,0.99966489,0.080288736,0.59553824,0.040144324
0,629,0.99966489,0.080288736,0.59553824,0.040144324
0,630,0.99966489,0.080288736,0.59553824,0.040144324
0,631,0.99966489,0.080288736,0.59553824,0.040144324
0,632,0.99966489,0.080288736,0.59553824,0.040144324
0,633,0.99966489,0.080288736,0.59553824,0.040144324
0,634,0.99966489,0.080288736,0.59553824,0.040144324
0,635,1.0041562,0.080363442,0.59297979,0.039872996
0,636,1.0041562,0.080363442,0.59297979,0.039872996
0,637,1.0041562,0.080363442,0.59297979,0.039872996
0,638,1.0041562,0.080363442,0.59297979,0.039872996
0,639,1.0041562,0.080363442,0.59297979,0.039872996
0,640,1.0041562,0.080363442,0.59297979,0.039872996
0,641,1.0070472,0.080470949,0.59383214,0.039789422
0,642,1.0070472,0.080470949,0.59383214,0.039789422
0,643,1.0070472,0.080470949,0.59383214,0.039789422
0,644,1.0070472,0.080470949,0.59383214,0.039789422
0,645,1.0070472,0.080470949,0.59383214,0.039789422
0,646,1.0046736,0.080542275,0.59607627,0.039619695
0,647,1.0075662,0.080811854,0.59457118,0.03972313
0,648,1.0100667,0.080304033,0.59273566,0.039585232
0,649,1.0088699,0.080026544,0.59436438,0.039806377
0,650,1.0088699,0.080026544,0.59436438,0.039806377
0,651,1.0091357,0.080439401,0.59242367,0.039810895
0,652,1.0091357,0.080439401,0.59242367,0.039810895
0,653,1.0020275,0.080099205,0.59488099,0.040290242
0,654,1.0051043,0.079816142,0.5935525,0.04001169
0,655,1.0051043,0.079816142,0.5935525,0.04001169
0,656,1.0051043,0.079816142,0.5935525,0.04001169
0,657,1.0026747,0.079489663,0.59452749,0.040227245
0,658,1.0026747,0.079489663,0.59452749,0.040227245
0,659,1.0026747,0.079489663,0.59452749,0.040227245
0,660,0.99869941,0.079861803,0.59601296,0.040063278
0,661,0.99869941,0.079861803,0.59601296,0.040063278
0,662,0.99869941,0.079861803,0.59601296,0.040063278
0,663,0.99909243,0.08046455,0.59538863,0.04005068
0,664,0.99909243,0.08046455,0.59538863,0.04005068
0,665,0.99909243,0.08046455,0.59538863,0.04005068
0,666,0.99909243,0.08046455,0.59538863,0.04005068
0,667,0.99909243,0.08046455,0.59538863,0.04005068
0,668,1.0002197,0.079974723,0.59696873,0.03985098
0,669,1.0002197,0.079974723,0.59696873,0.03985098
0,670,0.99543715,0.080066403,0.59908075,0.040133104
0,671,0.99543715,0.080066403,0.59908075,0.040133104
0,672,0.99543715,0.080066403,0.59908075,0.040133104
0,673,0.99393588,0.079797553,0.59726621,0.040447217
0,674,0.99393588,0.079797553,0.59726621,0.040447217
0,675,0.997436,0.08006724,0.59720163,0.04006025
0,676,1.0005957,0.079847779,0.59474712,0.040148648
0,677,0.99932966,0.080116785,0.5955684,0.040060453
0,678,0.99932966,0.080116785,0.5955684,0.040060453
0,679,0.99932966,0.080116785,0.5955684,0.040060453
0,680,0.99932966,0.080116785,0.5955684,0.040060453
0,681,1.0042365,0.080967117,0.59206285,0.039895422
0,682,1.0027332,0.080775538,0.59178219,0.039917409
0,683,1.0027332,0.080775538,0.59178219,0.039917409
0,684,1.0056952,0.080503998,0.59258826,0.040038921
0,685,1.0054027,0.079709478,0.59129758,0.039989846
0,686,1.0034095,0.080211419,0.59327165,0.039817821
0,687,1.0034095,0.080211419,0.59327165,0.039817821
0,688,1.0034095,0.080211419,0.59327165,0.039817821
0,689,1.0034095,0.080211419,0.59327165,0.039817821
0,690,1.0034095,0.080211419,0.59327165,0.039817821
0,691,0.9963176,0.079815115,0.5981883,0.040242691
0,692,0.9963176,0.079815115,0.5981883,0.040242691
0,693,1.0016699,0.079140636,0.59591957,0.04025895
0,694,0.99400513,0.079506062,0.59890622,0.039867713
0,695,0.99407693,0.078985408,0.60242782,0.03995219
0,696,0.991961,0.079090575,0.60492315,0.040026599
0,697,0.9905367,0.079311673,0.60353919,0.040238185
0,698,0.9905367,0.079311673,0.60353919,0.040238185
0,699,0.99497464,0.079512231,0.60091884,0.040346726
0,700,0.99497464,0.079512231,0.60091884,0.040346726
0,701,0.99823889,0.078957242,0.59670511,0.040134826
0,702,0.99823889,0.078957242,0.59670511,0.040134826
0,703,0.99823889,0.078957242,0.59670511,0.040134826
0,704,0.99991102,0.079220161,0.59554065,0.04023349
0,705,1.0012138,0.080001977,0.59537628,0.040282655
0,706,1.0012138,0.080001977,0.59537628,0.040282655
0,707,0.9964399,0.080253489,0.59624541,0.040347635
0,708,0.9964399,0.080253489,0.59624541,0.040347635
0,709,0.9964399,0.080253489,0.59624541,0.040347635
0,710,0.9964399,0.080253489,0.59624541,0.040347635
0,711,0.9964399,0.080253489,0.59624541,0.040347635
0,712,0.99969798,0.080134907,0.59185894,0.040187784
0,713,0.99908899,0.080070817,0.59292057,0.039895479
0,714,0.99908899,0.080070817,0.59292057,0.039895479
0,715,0.99908899,0.080070817,0.59292057,0.039895479
0,716,0.99908899,0.080070817,0.59292057,0.039895479
0,717,1.0029875,0.080962503,0.59419749,0.040039303
0,718,0.99864497,0.080533591,0.5977955,0.040021359
0,719,0.99864497,0.080533591,0.5977955,0.040021359
0,720,0.99864497,0.080533591,0.5977955,0.040021359
0,721,0.99881869,0.080455069,0.59688091,0.040237964
0,722,0.99881869,0.080455069,0.59688091,0.040237964
0,723,0.99881869,0.080455069,0.59688091,0.040237964
0,724,1.0041885,0.079816022,0.59349563,0.04012313
0,725,1.0045481,0.080013336,0.59652537,0.039944341
0,726,1.0045481,0.080013336,0.59652537,0.039944341
0,727,1.0045481,0.080013336,0.59652537,0.039944341
0,728,1.0045481,0.080013336,0.59652537,0.039944341
0,729,1.0094909,0.080387123,0.5933403,0.039770738
0,730,1.0075917,0.081039455,0.58961356,0.039808254
0,731,1.0075917,0.081039455,0.58961356,0.039808254
0,732,1.0108048,0.080598807,0.59212352,0.039432656
0,733,1.0108048,0.080598807,0.59212352,0.039432656
0,734,1.01149,0.081084475,0.59128516,0.039448509
0,735,1.01149,0.081084475,0.59128516,0.039448509
0,736,1.01149,0.081084475,0.59128516,0.039448509
0,737,1.0183261,0.081446227,0.58723468,0.039617229
0,738,1.0193376,0.081994518,0.58615276,0.039530107
0,739,1.0163262,0.081351414,0.58868938,0.03934018
0,740,1.0163262,0.081351414,0.58868938,0.03934018
0,741,1.0163262,0.081351414,0.58868938,0.03934018
0,742,1.0163262,0.081351414,0.58868938,0.03934018
0,743,1.0163262,0.081351414,0.58868938,0.03934018
0,744,1.0163262,0.081351414,0.58868938,0.03934018
0,745,1.0163262,0.081351414,0.58868938,0.03934018
0,746,1.0163262,0.081351414,0.58868938,0.03934018
0,747,1.0151072,0.08130796,0.58455745,0.039631911
0,748,1.0151072,0.08130796,0.58455745,0.039631911
0,749,1.0148044,0.081510084,0.5862618,0.039920415
0,750,1.0148044,0.081510084,0.5862618,0.039920415
0,751,1.0148044,0.081510084,0.5862618,0.039920415
0,752,1.0148044,0.081510084,0.5862618,0.039920415
0,753,1.0148044,0.081510084,0.5862618,0.039920415
0,754,1.0148044,0.081510084,0.5862618,0.039920415
0,755,1.0148044,0.081510084,0.5862618,0.039920415
0,756,1.0148044,0.081510084,0.5862618,0.039920415
0,757,1.0148044,0.081510084,0.5862618,0.039920415
0,758,1.0148044,0.081510084,0.5862618,0.039920415
0,759,1.0084356,0.082242609,0.58746296,0.03967845
0,760,1.0084356,0.082242609,0.58746296,0.03967845
0,761,1.0095939,0.082599574,0.58738436,0.039649338
0,762,1.0095939,0.082599574,0.58738436,0.039649338
0,763,1.0093771,0.082806507,0.58917893,0.039324196
0,764,1.0093771,0.082806507,0.58917893,0.039324196
0,765,1.0123132,0.082747176,0.58784551,0.039637378
0,766,1.0123132,0.082747176,0.58784551,0.039637378
0,767,1.0128763,0.082259134,0.58731548,0.039779718
0,768,1.0115051,0.082554255,0.58700123,0.03962827
0,769,1.0151388,0.081503083,0.58390205,0.039736743
0,770,1.014494,0.081653409,0.58560088,0.039376468
0,771,1.014494,0.081653409,0.58560088,0.039376468
0,772,1.014494,0.081653409,0.58560088,0.039376468
0,773,1.014494,0.081653409,0.58560088,0.039376468
0,774,1.0143935,0.08158253,0.58709432,0.039009309
0,775,1.0143935,0.08158253,0.58709432,0.039009309
0,776,1.0143935,0.08158253,0.58709432,0.039009309
0,777,1.0143935,0.08158253,0.58709432,0.039009309
0,778,1.0143935,0.08158253,0.58709432,0.039009309
0,779,1.0143935,0.08158253,0.58709432,0.039009309
0,780,1.0143935,0.08158253,0.58709432,0.039009309
0,781,1.011443,0.082244564,0.5905199,0.039579202
0,782,1.0051437,0.080932553,0.59055197,0.039609832
0,783,1.0051437,0.080932553,0.59055197,0.039609832
0,784,1.0051437,0.080932553,0.59055197,0.039609832
0,785,1.0051437,0.080932553,0.59055197,0.039609832
0,786,1.0051437,0.080932553,0.59055197,0.039609832
0,787,1.0051437,0.080932553,0.59055197,0.039609832
0,788,1.0051437,0.080932553,0.59055197,0.039609832
0,789,1.0051437,0.080932553,0.59055197,0.039609832
0,790,1.0051437,0.080932553,0.59055197,0.039609832
0,791,1.009684,0.080879338,0.59033514,0.039422628
0,792,1.009684,0.080879338,0.59033514,0.039422628
0,793,1.0117638,0.080765932,0.5919284,0.039191138
0,794,1.0117638,0.080765932,0.5919284,0.039191138
0,795,1.0117638,0.080765932,0.5919284,0.039191138
0,796,1.0117638,0.080765932,0.5919284,0.039191138
0,797,1.0117638,0.080765932,0.5919284,0.039191138
0,798,1.0145716,0.080967434,0.58956461,0.039246757
0,799,1.0100208,0.080995673,0.59038602,0.03945091
0,800,1.0100208,0.080995673,0.59038602,0.03945091
0,801,1.0042942,0.080279579,0.59156153,0.039476105
0,802,1.0068033,0.080431308,0.59762158,0.039635259
0,803,1.0056194,0.080332007,0.59046813,0.039806923
0,804,1.0056194,0.080332007,0.59046813,0.039806923
0,805,1.0056194,0.080332007,0.59046813,0.039806923
0,806,1.0056194,0.080332007,0.59046813,0.039806923
0,807,1.0056194,0.080332007,0.59046813,0.039806923
0,808,0.99929068,0.079897491,0.592954,0.039891441
0,809,0.99558086,0.079405148,0.59684407,0.039921837
0,810,0.99558086,0.079405148,0.59684407,0.039921837
0,811,0.99884855,0.079638644,0.59546234,0.040036053
0,812,0.99397568,0.080016148,0.59500742,0.040008368
0,813,0.99397568,0.080016148,0.59500742,0.040008368
0,814,0.99698784,0.080585611,0.59188939,0.040335336
0,815,1.0092621,0.081405484,0.5920331,0.040236589
0,816,1.0034347,0.080786154,0.59023921,0.040332445
0,817,1.0034347,0.080786154,0.59023921,0.040332445
0,818,1.0032519,0.0810448,0.58904558,0.039840534
0,819,1.0032519,0.0810448,0.58904558,0.039840534
0,820,1.0032519,0.0810448,0.58904558,0.039840534
0,821,1.0032519,0.0810448,0.58904558,0.039840534
0,822,1.0013279,0.080484715,0.59478701,0.039340215
0,823,1.0044426,0.080140619,0.59703102,0.03983915
0,824,1.002678,0.080092503,0.59886503,0.039604446
0,825,1.0052556,0.080763903,0.5978903,0.039549145
0,826,1.0062533,0.081087371,0.59327001,0.039787701
0,827,1.0062533,0.081087371,0.59327001,0.039787701
0,828,1.003831,0.08045728,0.59020474,0.040158872
0,829,1.003831,0.08045728,0.59020474,0.040158872
0,830,0.99988902,0.080327308,0.59337385,0.040033603
0,831,0.99890236,0.080405721,0.59498759,0.040131724
0,832,1.0040815,0.079736601,0.59298649,0.040082278
0,833,1.0019131,0.079753162,0.59208613,0.039803321
0,834,1.0072576,0.080674028,0.58886015,0.039771415
0,835,1.0072576,0.080674028,0.58886015,0.039771415
0,836,1.0072576,0.080674028,0.58886015,0.039771415
0,837,1.0072576,0.080674028,0.58886015,0.039771415
0,838,1.013763,0.080555971,0.5873215,0.039797492
0,839,1.0062827,0.081472637,0.59051041,0.039838245
0,840,1.0062827,0.081472637,0.59051041,0.039838245
0,841,1.0094455,0.081046467,0.59275375,0.039651381
0,842,1.0075726,0.08075832,0.59025553,0.039977817
0,843,1.0075726,0.08075832,0.59025553,0.039977817
0,844,1.0075726,0.08075832,0.59025553,0.039977817
0,845,1.0075726,0.08075832,0.59025553,0.039977817
0,846,1.0075726,0.08075832,0.59025553,0.039977817
0,847,1.0075726,0.08075832,0.59025553,0.039977817
0,848,1.0075726,0.08075832,0.59025553,0.039977817
0,849,1.0075726,0.08075832,0.59025553,0.039977817
0,850,1.0075726,0.08075832,0.59025553,0.039977817
0,851,1.0075726,0.08075832,0.59025553,0.039977817
0,852,1.0075726,0.08075832,0.59025553,0.039977817
0,853,1.0075726,0.08075832,0.59025553,0.039977817
0,854,1.0075726,0.08075832,0.59025553,0.039977817
0,855,1.0014131,0.080806574,0.59454106,0.039989832
0,856,1.0036226,0.080192697,0.59591931,0.039950217
0,857,1.0036226,0.080192697,0.59591931,0.039950217
0,858,1.0036226,0.080192697,0.59591931,0.039950217
0,859,1.0036226,0.080192697,0.59591931,0.039950217
0,860,0.99824911,0.080519865,0.59572999,0.040095335
0,861,1.0067056,0.079937505,0.5926706,0.039864703
0,862,0.99808986,0.079743657,0.59764355,0.039688931
0,863,0.99808986,0.079743657,0.59764355,0.039688931
0,864,0.99836315,0.080523379,0.59540895,0.039980419
0,865,0.99836315,0.080523379,0.59540895,0.039980419
0,866,1.0104628,0.07979855,0.59174889,0.040027613
0,867,1.0054456,0.079920433,0.59267025,0.040300497
0,868,1.0054456,0.079920433,0.59267025,0.040300497
0,869,0.99842499,0.079765626,0.5925161,0.040177173
0,870,0.99842499,0.079765626,0.5925161,0.040177173
0,871,1.0010032,0.079468937,0.59744906,0.040098375
0,872,1.0010032,0.079468937,0.59744906,0.040098375
0,873,1.0010032,0.079468937,0.59744906,0.040098375
0,874,0.99992018,0.080775073,0.59701924,0.039905022
0,875,1.0030887,0.080529402,0.59120794,0.03955726
0,876,1.0030887,0.080529402,0.59120794,0.03955726
0,877,1.0042377,0.081096285,0.58849273,0.03978809
0,878,1.001371,0.081289154,0.58982452,0.040182109
0,879,1.0012729,0.081231856,0.59111331,0.040267795
0,880,1.002444,0.081333397,0.59132277,0.040061071
0,881,1.002444,0.081333397,0.59132277,0.040061071
0,882,1.002444,0.081333397,0.59132277,0.040061071
0,883,1.002444,0.081333397,0.59132277,0.040061071
0,884,1.002444,0.081333397,0.59132277,0.040061071
0,885,1.0105069,0.080030279,0.59164904,0.039951348
0,886,1.0105069,0.080030279,0.59164904,0.039951348
0,887,1.0105069,0.080030279,0.59164904,0.039951348
0,888,1.0105069,0.080030279,0.59164904,0.039951348
0,889,1.0105069,0.080030279,0.59164904,0.039951348
0,890,1.0001574,0.080282438,0.59569575,0.040234952
0,891,1.0001574,0.080282438,0.59569575,0.040234952
0,892,1.0001574,0.080282438,0.59569575,0.040234952
0,893,1.0001574,0.080282438,0.59569575,0.040234952
0,894,1.0001574,0.080282438,0.59569575,0.040234952
0,895,1.0001574,0.080282438,0.59569575,0.040234952
0,896,1.0001574,0.080282438,0.59569575,0.040234952
0,897,1.0001574,0.080282438,0.59569575,0.040234952
0,898,1.0001574,0.080282438,0.59569575,0.040234952
0,899,1.0001574,0.080282438,0.59569575,0.040234952
0,900,1.0006082,0.079205584,0.59286761,0.040235987
0,901,1.0006082,0.079205584,0.59286761,0.040235987
0,902,1.0006082,0.079205584,0.59286761,0.040235987
0,903,1.0026506,0.079774353,0.59354029,0.040573814
0,904,1.0011414,0.079711483,0.59103681,0.040299626
0,905,0.99914137,0.079637552,0.59495458,0.040569205
0,906,0.99415164,0.079085515,0.59600586,0.040284192
0,907,0.99547362,0.079485722,0.59397627,0.040286157
0,908,0.99629985,0.079208808,0.59504595,0.040237364
0,909,0.99470517,0.079339933,0.59973781,0.040201306
0,910,0.99470517,0.079339933,0.59973781,0.040201306
0,911,0.99487705,0.079449009,0.60249414,0.040321977
0,912,0.99353202,0.079282935,0.59953578,0.040038574
0,913,0.99353202,0.079282935,0.59953578,0.040038574
0,914,0.99353202,0.079282935,0.59953578,0.040038574
0,915,1.0000727,0.079639855,0.5956638,0.03977863
0,916,1.0000727,0.079639855,0.5956638,0.03977863
0,917,1.0019309,0.079742207,0.59509446,0.039934597
0,918,0.99971858,0.080140423,0.59746029,0.039992444
0,919,1.0010538,0.079261609,0.5959781,0.040159443
0,920,1.0010538,0.079261609,0.5959781,0.040159443
0,921,1.0010538,0.079261609,0.5959781,0.040159443
0,922,0.99743162,0.078809275,0.59683502,0.040282087
0,923,0.99743162,0.078809275,0.59683502,0.040282087
0,924,0.99801709,0.078855564,0.59843139,0.040425953
0,925,0.99801709,0.078855564,0.59843139,0.040425953
0,926,0.99801709,0.078855564,0.59843139,0.040425953
0,927,0.99801709,0.078855564,0.59843139,0.040425953
0,928,0.99801709,0.078855564,0.59843139,0.040425953
0,929,1.0011642,0.079070966,0.59919761,0.040155216
0,930,0.99088884,0.079906002,0.60303488,0.040288934
0,931,0.98885414,0.079865649,0.60171,0.040293745
0,932,0.98885414,0.079865649,0.60171,0.040293745
0,933,0.99398703,0.079532649,0.59795987,0.040486248
0,934,0.99235289,0.078911602,0.59746768,0.040586183
0,935,0.98788457,0.078491061,0.60276231,0.040580233
0,936,0.98731046,0.07891073,0.60533313,0.040469475
0,937,0.98731046,0.07891073,0.60533313,0.040469475
0,938,0.98731046,0.07891073,0.60533313,0.040469475
0,939,0.98793976,0.079232024,0.60417322,0.040515037
0,940,0.98793976,0.079232024,0.60417322,0.040515037
0,941,0.98793976,0.079232024,0.60417322,0.040515037
0,942,0.98793976,0.079232024,0.60417322,0.040515037
0,943,0.98793976,0.079232024,0.60417322,0.040515037
0,944,0.98868983,0.079290404,0.6015871,0.040635257
0,945,0.99095597,0.07922919,0.59814499,0.040566118
0,946,0.99095597,0.07922919,0.59814499,0.040566118
0,947,0.99095597,0.07922919,0.59814499,0.040566118
0,948,0.99095597,0.07922919,0.59814499,0.040566118
0,949,0.99573227,0.078988112,0.59913193,0.040183274
0,950,0.99573227,0.078988112,0.59913193,0.040183274
0,951,0.99573227,0.078988112,0.59913193,0.040183274
0,952,0.99458849,0.079344469,0.60030995,0.040281034
0,953,0.99458849,0.079344469,0.60030995,0.040281034
0,954,0.99458849,0.079344469,0.60030995,0.040281034
0,955,0.99458849,0.079344469,0.60030995,0.040281034
0,956,0.99458849,0.079344469,0.60030995,0.040281034
0,957,0.99458849,0.079344469,0.60030995,0.040281034
0,958,0.99458849,0.079344469,0.60030995,0.040281034
0,959,0.99458849,0.079344469,0.60030995,0.040281034
0,960,0.99924774,0.079731734,0.59596126,0.040259643
0,961,0.99974765,0.080350899,0.59686034,0.04030275
0,962,0.99713372,0.08051378,0.5962592,0.040040073
0,963,1.0061326,0.080317152,0.59561425,0.040057538
0,964,1.0093646,0.080673831,0.59096724,0.040087181
0,965,1.0093646,0.080673831,0.59096724,0.040087181
0,966,1.0093646,0.080673831,0.59096724,0.040087181
0,967,1.0093646,0.080673831,0.59096724,0.040087181
0,968,1.0093646,0.080673831,0.59096724,0.040087181
0,969,1.0083482,0.080781872,0.58781966,0.03995213
0,970,1.0116397,0.080731009,0.58961305,0.040033375
0,971,1.0097649,0.081172096,0.58951011,0.039825303
0,972,1.0097649,0.081172096,0.58951011,0.039825303
0,973,1.0097649,0.081172096,0.58951011,0.039825303
0,974,1.0097649,0.081172096,0.58951011,0.039825303
0,975,1.0097649,0.081172096,0.58951011,0.039825303
0,976,1.0097649,0.081172096,0.58951011,0.039825303
0,977,1.0097649,0.081172096,0.58951011,0.039825303
0,978,1.0097649,0.081172096,0.58951011,0.039825303
0,979,1.0097649,0.081172096,0.58951011,0.039825303
0,980,1.0066612,0.080336715,0.59055606,0.039700543
0,981,1.0066612,0.080336715,0.59055606,0.039700543
0,982,1.0066612,0.080336715,0.59055606,0.039700543
0,983,1.0045151,0.080608789,0.59248549,0.039652862
0,984,1.0045151,0.080608789,0.59248549,0.039652862
0,985,1.0045151,0.080608789,0.59248549,0.039652862
0,986,1.0045151,0.080608789,0.59248549,0.039652862
0,987,1.0022784,0.080643785,0.59283604,0.039889863
0,988,1.0029929,0.080201414,0.59234952,0.040163211
0,989,1.0029929,0.080201414,0.59234952,0.040163211
0,990,1.0029929,0.080201414,0.59234952,0.040163211
0,991,0.99968215,0.080853842,0.59293418,0.039907396
0,992,1.0010957,0.079644117,0.59873177,0.039866009
0,993,0.99791113,0.079394045,0.595816,0.039831956
0,994,0.99674304,0.079222341,0.60061126,0.039734114
0,995,0.9984159,0.078774857,0.60151923,0.040092266
0,996,0.9984159,0.078774857,0.60151923,0.040092266
0,997,0.9984159,0.078774857,0.60151923,0.040092266
0,998,1.0000913,0.078427295,0.60148321,0.039972226
0,999,1.0000913,0.078427295,0.60148321,0.039972226
1,0,1.0020746,0.079781756,0.59065228,0.040071865
1,1,1.0020746,0.079781756,0.59065228,0.040071865
1,2,1.0020746,0.079781756,0.59065228,0.040071865
1,3,1.0007686,0.080852831,0.59444948,0.039708798
1,4,1.0007686,0.080852831,0.59444948,0.039708798
1,5,1.0007686,0.080852831,0.59444948,0.039708798
1,6,1.0007686,0.080852831,0.59444948,0.039708798
1,7,1.0083427,0.080941765,0.59515383,0.039745189
1,8,1.0033621,0.080850373,0.59497401,0.039841894
1,9,1.0033621,0.080850373,0.59497401,0.039841894
1,10,1.0033621,0.080850373,0.59497401,0.039841894
1,11,1.0033621,0.080850373,0.59497401,0.039841894
1,12,1.0081947,0.08078603,0.59111155,0.039780139
1,13,1.0081947,0.08078603,0.59111155,0.039780139
1,14,1.0081947,0.08078603,0.59111155,0.039780139
1,15,1.0081947,0.08078603,0.59111155,0.039780139
1,16,1.0081947,0.08078603,0.59111155,0.039780139
1,17,1.0023038,0.079962264,0.59444061,0.039781597
1,18,1.0023038,0.079962264,0.59444061,0.039781597
1,19,1.0023038,0.079962264,0.59444061,0.039781597
1,20,1.0023038,0.079962264,0.59444061,0.039781597
1,21,1.0023038,0.079962264,0.59444061,0.039781597
1,22,1.0023038,0.079962264,0.59444061,0.039781597
1,23,0.9986125,0.079904828,0.59510477,0.040154017
1,24,0.99856318,0.079507014,0.59689955,0.040221433
1,25,0.99856318,0.079507014,0.59689955,0.040221433
1,26,0.99856318,0.079507014,0.59689955,0.040221433
1,27,0.99856318,0.079507014,0.59689955,0.040221433
1,28,0.99856318,0.079507014,0.59689955,0.040221433
1,29,0.99856318,0.079507014,0.59689955,0.040221433
1,30,0.99856318,0.079507014,0.59689955,0.040221433
1,31,0.99856318,0.079507014,0.59689955,0.040221433
1,32,0.99856318,0.079507014,0.59689955,0.040221433
1,33,0.99310689,0.079483745,0.59888399,0.040286397
1,34,0.99310689,0.079483745,0.59888399,0.040286397
1,35,0.99428956,0.079843758,0.59691758,0.040494258
1,36,0.99428956,0.079843758,0.59691758,0.040494258
1,37,0.99221464,0.079871155,0.60104332,0.040557061
1,38,0.99221464,0.079871155,0.60104332,0.040557061
1,39,0.99221464,0.079871155,0.60104332,0.040557061
1,40,0.9910507,0.080093709,0.60119278,0.040398336
1,41,0.9910507,0.080093709,0.60119278,0.040398336
1,42,0.99163678,0.079931688,0.60275312,0.040062035
1,43,0.99163678,0.079931688,0.60275312,0.040062035
1,44,0.99163678,0.079931688,0.60275312,0.040062035
1,45,0.99150345,0.079820933,0.6014756,0.040363893
1,46,0.99616475,0.080134649,0.60039995,0.040083201
1,47,0.99970737,0.079864979,0.59938103,0.039848254
1,48,0.99970737,0.079864979,0.59938103,0.039848254
1,49,0.99970737,0.079864979,0.59938103,0.039848254
1,50,0.99918295,0.079420978,0.59985612,0.040153349
1,51,1.0010063,0.078931297,0.59923998,0.040243921
1,52,0.99561825,0.079433569,0.5988569,0.040014194
1,53,0.99561825,0.079433569,0.5988569,0.040014194
1,54,0.99561825,0.079433569,0.5988569,0.040014194
1,55,0.99561825,0.079433569,0.5988569,0.040014194
1,56,0.99561825,0.079433569,0.5988569,0.040014194
1,57,0.99561825,0.079433569,0.5988569,0.040014194
1,58,0.99561825,0.079433569,0.5988569,0.040014194
1,59,0.99561825,0.079433569,0.5988569,0.040014194
1,60,0.99583244,0.079349352,0.60034306,0.040518387
1,61,0.99583244,0.079349352,0.60034306,0.040518387
1,62,0.99583244,0.079349352,0.60034306,0.040518387
1,63,0.99583244,0.079349352,0.60034306,0.040518387
1,64,0.99583244,0.079349352,0.60034306,0.040518387
1,65,0.99864519,0.079542436,0.59584996,0.040248141
1,66,0.99864519,0.079542436,0.59584996,0.040248141
1,67,0.99864519,0.079542436,0.59584996,0.040248141
1,68,0.99864519,0.079542436,0.59584996,0.040248141
1,69,0.99864519,0.079542436,0.59584996,0.040248141
1,70,0.99864519,0.079542436,0.59584996,0.040248141
1,71,0.99864519,0.079542436,0.59584996,0.040248141
1,72,0.99864519,0.079542436,0.59584996,0.040248141
1,73,0.99864519,0.079542436,0.59584996,0.040248141
1,74,0.99864519,0.079542436,0.59584996,0.040248141
1,75,0.99864519,0.079542436,0.59584996,0.040248141
1,76,0.99864519,0.079542436,0.59584996,0.040248141
1,77,0.99864519,0.079542436,0.59584996,0.040248141
1,78,0.99734715,0.079463681,0.59686301,0.040037991
1,79,0.99734715,0.079463681,0.59686301,0.040037991
1,80,0.99734715,0.079463681,0.59686301,0.040037991
1,81,0.99734715,0.079463681,0.59686301,0.040037991
1,82,1.0017445,0.079534525,0.59612129,0.04005283
1,83,1.0017445,0.079534525,0.59612129,0.04005283
1,84,1.0017445,0.079534525,0.59612129,0.04005283
1,85,1.0017445,0.079534525,0.59612129,0.04005283
1,86,0.99461031,0.079566047,0.59557637,0.040441509
1,87,0.99976787,0.078723713,0.59572746,0.040420807
1,88,0.99334183,0.079259998,0.59884627,0.040217797
1,89,0.99334183,0.079259998,0.59884627,0.040217797
1,90,0.99238848,0.07941098,0.60227942,0.040403645
1,91,0.99238848,0.07941098,0.60227942,0.040403645
1,92,0.99588793,0.080247267,0.59827004,0.040126575
1,93,0.99588793,0.080247267,0.59827004,0.040126575
1,94,0.99679402,0.079181947,0.60126958,0.040174487
1,95,0.99172184,0.078962535,0.60290591,0.040163272
1,96,0.99172184,0.078962535,0.60290591,0.040163272
1,97,0.99172184,0.078962535,0.60290591,0.040163272
1,98,0.99592503,0.078956602,0.6027376,0.040256901
1,99,0.99589355,0.079475787,0.60328974,0.040527537
1,100,0.994632,0.079181381,0.59815164,0.040950105
1,101,0.994632,0.079181381,0.59815164,0.040950105
1,102,0.9930131,0.079734776,0.59662825,0.040806994
1,103,0.9930131,0.079734776,0.59662825,0.040806994
1,104,0.9930131,0.079734776,0.59662825,0.040806994
1,105,0.9930131,0.079734776,0.59662825,0.040806994
1,106,0.9930131,0.079734776,0.59662825,0.040806994
1,107,0.9890022,0.079126438,0.59956627,0.040983745
1,108,0.9890022,0.079126438,0.59956627,0.040983745
1,109,0.98845644,0.07918686,0.59777312,0.040933733
1,110,0.98845644,0.07918686,0.59777312,0.040933733
1,111,0.99186987,0.079295439,0.60151753,0.040732786
1,112,0.99691142,0.078989286,0.59859915,0.040601103
1,113,0.99691142,0.078989286,0.59859915,0.040601103
1,114,0.99691142,0.078989286,0.59859915,0.040601103
1,115,0.99667194,0.079146936,0.5980115,0.040375739
1,116,0.99667194,0.079146936,0.5980115,0.040375739
1,117,0.99667194,0.079146936,0.5980115,0.040375739
1,118,0.99667194,0.079146936,0.5980115,0.040375739
1,119,0.99829553,0.07903741,0.60037825,0.040368068
1,120,0.99829553,0.07903741,0.60037825,0.040368068
1,121,0.99644249,0.079562101,0.59746496,0.040401914
1,122,0.99544801,0.07961863,0.59738718,0.040104425
1,123,0.99544801,0.07961863,0.59738718,0.040104425
1,124,0.99544801,0.07961863,0.59738718,0.040104425
1,125,0.99765124,0.080051577,0.5959217,0.040311252
1,126,0.99765124,0.080051577,0.5959217,0.040311252
1,127,0.99765124,0.080051577,0.5959217,0.040311252
1,128,0.99719881,0.079986507,0.59721783,0.04025919
1,129,0.99719881,0.079986507,0.59721783,0.04025919
1,130,1.0006967,0.079725109,0.5979564,0.04025021
1,131,1.0006967,0.079725109,0.5979564,0.04025021
1,132,1.0006967,0.079725109,0.5979564,0.04025021
1,133,1.0006967,0.079725109,0.5979564,0.04025021
1,134,1.0042203,0.079632161,0.5978816,0.03964284
1,135,1.0042203,0.079632161,0.5978816,0.03964284
1,136,1.0038757,0.080363082,0.5942485,0.039530715
1,137,0.99846157,0.080422252,0.59654346,0.03986285
1,138,0.99903733,0.080754335,0.59562989,0.039880185
1,139,1.0071094,0.080337932,0.58950874,0.040263355
1,140,1.0071094,0.080337932,0.58950874,0.040263355
1,141,1.0026287,0.080902292,0.59155575,0.040300721
1,142,1.0026287,0.080902292,0.59155575,0.040300721
1,143,1.0026287,0.080902292,0.59155575,0.040300721
1,144,1.0072747,0.080974937,0.59247487,0.039741695
1,145,1.0072747,0.080974937,0.59247487,0.039741695
1,146,1.0067409,0.080496485,0.59075394,0.039644921
1,147,1.0073237,0.080541844,0.59439149,0.039590246
1,148,1.0073237,0.080541844,0.59439149,0.039590246
1,149,1.0073237,0.080541844,0.59439149,0.039590246
1,150,1.0073237,0.080541844,0.59439149,0.039590246
1,151,1.0073237,0.080541844,0.59439149,0.039590246
1,152,1.0080037,0.08025892,0.59284309,0.039613562
1,153,1.0080037,0.08025892,0.59284309,0.039613562
1,154,1.0080037,0.08025892,0.59284309,0.039613562
1,155,1.0080037,0.08025892,0.59284309,0.039613562
1,156,1.0080037,0.08025892,0.59284309,0.039613562
1,157,1.0080037,0.08025892,0.59284309,0.039613562
1,158,1.0100449,0.080029728,0.59099379,0.039554505
1,159,1.0100449,0.080029728,0.59099379,0.039554505
1,160,1.0092033,0.080042395,0.59218967,0.039503432
1,161,1.0092033,0.080042395,0.59218967,0.039503432
1,162,1.0150352,0.08060647,0.59076257,0.039460354
1,163,1.0082324,0.080928442,0.58900248,0.039779595
1,164,1.0082324,0.080928442,0.58900248,0.039779595
1,165,1.0082324,0.080928442,0.58900248,0.039779595
1,166,1.0077772,0.081250568,0.5895341,0.039769606
1,167,1.0119025,0.081446936,0.58958775,0.03971005
1,168,1.0119025,0.081446936,0.58958775,0.03971005
1,169,1.0119025,0.081446936,0.58958775,0.03971005
1,170,1.0119025,0.081446936,0.58958775,0.03971005
1,171,1.0155249,0.080901402,0.58897237,0.039511864
1,172,1.0155249,0.080901402,0.58897237,0.039511864
1,173,1.0155249,0.080901402,0.58897237,0.039511864
1,174,1.0155249,0.080901402,0.58897237,0.039511864
1,175,1.0158042,0.081166826,0.58587869,0.039529656
1,176,1.0121291,0.081755117,0.58753741,0.039628625
1,177,1.0087285,0.081284441,0.58807312,0.039981496
1,178,1.0166957,0.081357013,0.58989143,0.039837703
1,179,1.0123682,0.081121721,0.58951841,0.0395546
1,180,1.008194,0.081156381,0.58962315,0.039698723
1,181,1.008194,0.081156381,0.58962315,0.039698723
1,182,1.0096523,0.080498373,0.58940891,0.039607859
1,183,1.0096523,0.080498373,0.58940891,0.039607859
1,184,1.0096523,0.080498373,0.58940891,0.039607859
1,185,1.0092332,0.080558288,0.59339173,0.039629716
1,186,1.0058697,0.080156105,0.5948375,0.03978157
1,187,1.0058697,0.080156105,0.5948375,0.03978157
1,188,1.003614,0.080148081,0.59668721,0.039727561
1,189,1.0007254,0.080123675,0.59853872,0.039692415
1,190,1.0045374,0.080012671,0.59281784,0.039682925
1,191,1.0093499,0.080461225,0.5921738,0.039888504
1,192,1.0093499,0.080461225,0.5921738,0.039888504
1,193,1.0093499,0.080461225,0.5921738,0.039888504
1,194,1.0043581,0.079950697,0.59130564,0.040036759
1,195,1.0043581,0.079950697,0.59130564,0.040036759
1,196,1.0043581,0.079950697,0.59130564,0.040036759
1,197,1.0043581,0.079950697,0.59130564,0.040036759
1,198,1.0043581,0.079950697,0.59130564,0.040036759
1,199,1.0043581,0.079950697,0.59130564,0.040036759
1,200,1.0040124,0.079927841,0.59517722,0.040304879
1,201,1.0040124,0.079927841,0.59517722,0.040304879
1,202,1.0021586,0.08022993,0.59661679,0.040168756
1,203,1.0021586,0.08022993,0.59661679,0.040168756
1,204,1.0021586,0.08022993,0.59661679,0.040168756
1,205,1.0021586,0.08022993,0.59661679,0.040168756
1,206,1.0021586,0.08022993,0.59661679,0.040168756
1,207,1.0021586,0.08022993,0.59661679,0.040168756
1,208,1.0021586,0.08022993,0.59661679,0.040168756
1,209,1.0021586,0.08022993,0.59661679,0.040168756
1,210,1.0021586,0.08022993,0.59661679,0.040168756
1,211,1.0021586,0.08022993,0.59661679,0.040168756
1,212,1.0009222,0.080493349,0.5922735,0.040257378
1,213,0.99962553,0.080236222,0.59307539,0.040252548
1,214,0.99962553,0.080236222,0.59307539,0.040252548
1,215,1.0097979,0.080124784,0.59259387,0.039894159
1,216,0.99497355,0.079664487,0.59773927,0.040180567
1,217,0.99497355,0.079664487,0.59773927,0.040180567
1,218,0.99497355,0.079664487,0.59773927,0.040180567
1,219,0.99497355,0.079664487,0.59773927,0.040180567
1,220,0.9952184,0.07988663,0.59855199,0.040035542
1,221,0.9952184,0.07988663,0.59855199,0.040035542
1,222,0.9952184,0.07988663,0.59855199,0.040035542
1,223,0.9952184,0.07988663,0.59855199,0.040035542
1,224,0.9952184,0.07988663,0.59855199,0.040035542
1,225,0.99987387,0.079621624,0.59605987,0.039789649
1,226,0.99987387,0.079621624,0.59605987,0.039789649
1,227,0.99987387,0.079621624,0.59605987,0.039789649
1,228,0.99987387,0.079621624,0.59605987,0.039789649
1,229,0.99987387,0.079621624,0.59605987,0.039789649
1,230,0.99684033,0.079663779,0.59934489,0.039709193
1,231,0.99684033,0.079663779,0.59934489,0.039709193
1,232,0.99993871,0.080637693,0.59720144,0.040024464
1,233,0.99993871,0.080637693,0.59720144,0.040024464
1,234,0.99993871,0.080637693,0.59720144,0.040024464
1,235,1.0010326,0.080013473,0.5968878,0.039632003
1,236,1.0010326,0.080013473,0.5968878,0.039632003
1,237,1.0043049,0.080441394,0.59569355,0.040043581
1,238,1.0052088,0.080361191,0.59546261,0.040077351
1,239,1.0052088,0.080361191,0.59546261,0.040077351
1,240,1.0052088,0.080361191,0.59546261,0.040077351
1,241,1.0052088,0.080361191,0.59546261,0.040077351
1,242,1.0052088,0.080361191,0.59546261,0.040077351
1,243,1.0052088,0.080361191,0.59546261,0.040077351
1,244,1.0052088,0.080361191,0.59546261,0.040077351
1,245,1.0052088,0.080361191,0.59546261,0.040077351
1,246,1.0052088,0.080361191,0.59546261,0.040077351
1,247,0.98940523,0.079089098,0.59844962,0.040460353
1,248,0.98940523,0.079089098,0.59844962,0.040460353
1,249,0.9926782,0.079204201,0.59763159,0.040250329
1,250,0.99200004,0.079872075,0.59632969,0.040445568
1,251,0.99200004,0.079872075,0.59632969,0.040445568
1,252,0.98750591,0.079147218,0.60447905,0.040641303
1,253,0.98898878,0.078545689,0.60700892,0.040230807
1,254,0.98456891,0.078735128,0.60784632,0.040179915
1,255,0.98456891,0.078735128,0.60784632,0.040179915
1,256,0.98706084,0.07816377,0.60917066,0.04019165
1,257,0.98706084,0.07816377,0.60917066,0.04019165
1,258,0.98706084,0.07816377,0.60917066,0.04019165
1,259,0.99006156,0.078653564,0.60519215,0.040369987
1,260,0.99006156,0.078653564,0.60519215,0.040369987
1,261,0.99006156,0.078653564,0.60519215,0.040369987
1,262,0.98811939,0.079169037,0.60366474,0.040393833
1,263,0.99343059,0.078907901,0.60229794,0.040199232
1,264,0.99679906,0.079483859,0.59723201,0.040214423
1,265,0.99669588,0.079971624,0.59282065,0.040635747
1,266,0.99669588,0.079971624,0.59282065,0.040635747
1,267,0.99836145,0.079820932,0.59553907,0.040814122
1,268,1.0014182,0.079802908,0.59643817,0.040778373
1,269,0.99870916,0.079293868,0.59568746,0.040816395
1,270,0.9981977,0.079175518,0.59923235,0.040644295
1,271,1.0043785,0.080055833,0.59766608,0.040185595
1,272,1.0043785,0.080055833,0.59766608,0.040185595
1,273,1.0043785,0.080055833,0.59766608,0.040185595
1,274,1.0043785,0.080055833,0.59766608,0.040185595
1,275,1.0053304,0.080185687,0.59494813,0.039835037
1,276,1.0053304,0.080185687,0.59494813,0.039835037
1,277,1.0053304,0.080185687,0.59494813,0.039835037
1,278,1.0053304,0.080185687,0.59494813,0.039835037
1,279,1.0053304,0.080185687,0.59494813,0.039835037
1,280,1.0016082,0.080165048,0.59682037,0.040153792
1,281,1.0016082,0.080165048,0.59682037,0.040153792
1,282,1.0016082,0.080165048,0.59682037,0.040153792
1,283,1.0016082,0.080165048,0.59682037,0.040153792
1,284,0.99790994,0.080142813,0.59679481,0.040038707
1,285,0.99790994,0.080142813,0.59679481,0.040038707
1,286,0.99790994,0.080142813,0.59679481,0.040038707
1,287,1.0031022,0.080264665,0.59658834,0.039921586
1,288,1.0031022,0.080264665,0.59658834,0.039921586
1,289,1.0006223,0.080215701,0.59603412,0.040043792
1,290,1.0006223,0.080215701,0.59603412,0.040043792
1,291,1.0006223,0.080215701,0.59603412,0.040043792
1,292,1.0006223,0.080215701,0.59603412,0.040043792
1,293,1.0006223,0.080215701,0.59603412,0.040043792
1,294,1.0006223,0.080215701,0.59603412,0.040043792
1,295,1.0006223,0.080215701,0.59603412,0.040043792
1,296,0.99390063,0.079291025,0.59695077,0.040370246
1,297,0.99390063,0.079291025,0.59695077,0.040370246
1,298,0.99390063,0.079291025,0.59695077,0.040370246
1,299,0.99390063,0.079291025,0.59695077,0.040370246
1,300,0.99390063,0.079291025,0.59695077,0.040370246
1,301,0.99221461,0.079650857,0.60112911,0.040650832
1,302,0.98940797,0.079629795,0.60067545,0.040662101
1,303,0.98940797,0.079629795,0.60067545,0.040662101
1,304,0.98940797,0.079629795,0.60067545,0.040662101
1,305,0.98844995,0.079646785,0.60364989,0.040524349
1,306,0.98844995,0.079646785,0.60364989,0.040524349
1,307,0.99352955,0.079979869,0.59704212,0.040586242
1,308,0.99352955,0.079979869,0.59704212,0.040586242
1,309,0.98769956,0.079266433,0.60254374,0.040367771
1,310,0.99429524,0.078857526,0.59993895,0.040127011
1,311,0.9956766,0.07914011,0.5978624,0.040270968
1,312,0.9956766,0.07914011,0.5978624,0.040270968
1,313,0.99422022,0.07954781,0.59824536,0.040232153
1,314,0.99978696,0.079367047,0.59721438,0.040337757
1,315,0.99447223,0.079245863,0.59759222,0.040756524
1,316,0.99447223,0.079245863,0.59759222,0.040756524
1,317,0.99503001,0.079324616,0.59751816,0.040660382
1,318,0.99503001,0.079324616,0.59751816,0.040660382
1,319,0.99503001,0.079324616,0.59751816,0.040660382
1,320,0.99171821,0.079339274,0.5989411,0.040625435
1,321,0.99171821,0.079339274,0.5989411,0.040625435
1,322,0.99171821,0.079339274,0.5989411,0.040625435
1,323,0.99171821,0.079339274,0.5989411,0.040625435
1,324,0.99384353,0.079227792,0.60306868,0.04007034
1,325,0.99384353,0.079227792,0.60306868,0.04007034
1,326,0.99171557,0.078865283,0.60028574,0.040271978
1,327,0.99548682,0.079206696,0.59851085,0.04013731
1,328,0.99548682,0.079206696,0.59851085,0.04013731
1,329,0.99548682,0.079206696,0.59851085,0.04013731
1,330,0.99988333,0.079207047,0.59929593,0.040196396
1,331,0.99988333,0.079207047,0.59929593,0.040196396
1,332,0.985716,0.079162567,0.60533563,0.040126523
1,333,0.985716,0.079162567,0.60533563,0.040126523
1,334,0.985716,0.079162567,0.60533563,0.040126523
1,335,0.98508969,0.079018125,0.60659845,0.040126898
1,336,0.98593447,0.078601156,0.60466735,0.040097972
1,337,0.98593447,0.078601156,0.60466735,0.040097972
1,338,0.99118243,0.078750247,0.59941139,0.03999988
1,339,0.99118243,0.078750247,0.59941139,0.03999988
1,340,0.99118243,0.078750247,0.59941139,0.03999988
1,341,0.98963714,0.078907722,0.6006217,0.040653293
1,342,0.98963714,0.078907722,0.6006217,0.040653293
1,343,0.98897092,0.078490422,0.60115067,0.040500475
1,344,0.98897092,0.078490422,0.60115067,0.040500475
1,345,0.99012863,0.078376723,0.60375326,0.040620748
1,346,0.99012863,0.078376723,0.60375326,0.040620748
1,347,0.9858933,0.079109303,0.60391126,0.040446493
1,348,0.99095909,0.079405346,0.60149418,0.040295047
1,349,0.99095909,0.079405346,0.60149418,0.040295047
1,350,0.99095909,0.079405346,0.60149418,0.040295047
1,351,0.99095909,0.079405346,0.60149418,0.040295047
1,352,0.99095909,0.079405346,0.60149418,0.040295047
1,353,1.0001358,0.080423477,0.59765988,0.040046892
1,354,1.0092128,0.080307154,0.58966225,0.039932562
1,355,1.0092128,0.080307154,0.58966225,0.039932562
1,356,1.0045866,0.079812533,0.59152733,0.039965432
1,357,1.0045866,0.079812533,0.59152733,0.039965432
1,358,1.0045866,0.079812533,0.59152733,0.039965432
1,359,1.0045866,0.079812533,0.59152733,0.039965432
1,360,1.0045866,0.079812533,0.59152733,0.039965432
1,361,0.9990148,0.079887198,0.59320217,0.040064338
1,362,1.0070773,0.08021614,0.59689642,0.039868337
1,363,1.0070773,0.08021614,0.59689642,0.039868337
1,364,1.0070773,0.08021614,0.59689642,0.039868337
1,365,1.0070773,0.08021614,0.59689642,0.039868337
1,366,0.99692818,0.080208695,0.59918707,0.039753975
1,367,0.99692818,0.080208695,0.59918707,0.039753975
1,368,0.99692818,0.080208695,0.59918707,0.039753975
1,369,0.99692818,0.080208695,0.59918707,0.039753975
1,370,1.0027823,0.080156735,0.59926793,0.039775815
1,371,0.99551014,0.080001941,0.59883641,0.039613439
1,372,1.0014064,0.079214965,0.59904699,0.039868386
1,373,0.99782276,0.079850283,0.59890176,0.03973104
1,374,0.99594208,0.079953929,0.60145732,0.039869199
1,375,0.99861193,0.080216928,0.59553603,0.040218107
1,376,1.0043511,0.07983188,0.59645431,0.040194792
1,377,1.0043511,0.07983188,0.59645431,0.040194792
1,378,1.001276,0.079631176,0.59949197,0.040007143
1,379,0.99822535,0.079319737,0.59523222,0.0402184
1,380,0.99822535,0.079319737,0.59523222,0.0402184
1,381,0.99673759,0.079042679,0.59651001,0.04039582
1,382,0.99673759,0.079042679,0.59651001,0.04039582
1,383,0.99673759,0.079042679,0.59651001,0.04039582
1,384,0.99673759,0.079042679,0.59651001,0.04039582
1,385,1.0007495,0.078959989,0.59647333,0.040249261
1,386,1.0040203,0.079280125,0.59867195,0.040071869
1,387,0.99490106,0.079690844,0.60183319,0.04002151
1,388,0.99506109,0.079816519,0.60106332,0.039987688
1,389,0.99500108,0.079099644,0.6019208,0.040114522
1,390,0.99500108,0.079099644,0.6019208,0.040114522
1,391,0.99500108,0.079099644,0.6019208,0.040114522
1,392,0.99500108,0.079099644,0.6019208,0.040114522
1,393,0.99500108,0.079099644,0.6019208,0.040114522
1,394,0.99500108,0.079099644,0.6019208,0.040114522
1,395,0.99917956,0.078989838,0.59944036,0.040207822
1,396,0.99728029,0.079255725,0.59937609,0.04036657
1,397,0.99728029,0.079255725,0.59937609,0.04036657
1,398,0.99728029,0.079255725,0.59937609,0.04036657
1,399,0.99728029,0.079255725,0.59937609,0.04036657
1,400,0.99728029,0.079255725,0.59937609,0.04036657
1,401,0.99728029,0.079255725,0.59937609,0.04036657
1,402,0.99728029,0.079255725,0.59937609,0.04036657
1,403,0.99728029,0.079255725,0.59937609,0.04036657
1,404,0.99728029,0.079255725,0.59937609,0.04036657
1,405,0.99575616,0.079630827,0.60037749,0.040382275
1,406,0.99575616,0.079630827,0.60037749,0.040382275
1,407,0.99314809,0.078999737,0.60340661,0.04041198
1,408,0.98909469,0.078976572,0.59912473,0.040432819
1,409,0.98909469,0.078976572,0.59912473,0.040432819
1,410,0.98939444,0.079235667,0.60043723,0.040341488
1,411,0.99164291,0.079115445,0.599601,0.040641916
1,412,0.99635617,0.079558372,0.59825889,0.040368493
1,413,0.99635617,0.079558372,0.59825889,0.040368493
1,414,0.99635617,0.079558372,0.59825889,0.040368493
1,415,0.99635617,0.079558372,0.59825889,0.040368493
1,416,0.99693527,0.07951285,0.59637311,0.040321088
1,417,0.99530789,0.079290904,0.60080237,0.040061703
1,418,0.99530789,0.079290904,0.60080237,0.040061703
1,419,0.99181764,0.079066824,0.60278301,0.040229158
1,420,0.99181764,0.079066824,0.60278301,0.040229158
1,421,0.99181764,0.079066824,0.60278301,0.040229158
1,422,0.99181764,0.079066824,0.60278301,0.040229158
1,423,0.99181764,0.079066824,0.60278301,0.040229158
1,424,0.99181764,0.079066824,0.60278301,0.040229158
1,425,0.99181764,0.079066824,0.60278301,0.040229158
1,426,0.99181764,0.079066824,0.60278301,0.040229158
1,427,0.99181764,0.079066824,0.60278301,0.040229158
1,428,0.99181764,0.079066824,0.60278301,0.040229158
1,429,0.99181764,0.079066824,0.60278301,0.040229158
1,430,0.99938124,0.0790393,0.59798631,0.040023538
1,431,0.99627288,0.079780918,0.60043568,0.039980918
1,432,0.99627288,0.079780918,0.60043568,0.039980918
1,433,0.99627288,0.079780918,0.60043568,0.039980918
1,434,0.99627288,0.079780918,0.60043568,0.039980918
1,435,0.99627288,0.079780918,0.60043568,0.039980918
1,436,0.99563148,0.07961768,0.59939895,0.039924684
1,437,1.0031646,0.080321367,0.59532077,0.039963551
1,438,1.0031646,0.080321367,0.59532077,0.039963551
1,439,1.0031646,0.080321367,0.59532077,0.039963551
1,440,1.0021871,0.080207751,0.59350091,0.039895909
1,441,1.009133,0.080536627,0.5913502,0.039748595
1,442,1.0108688,0.08069276,0.59055392,0.039613992
1,443,1.0108688,0.08069276,0.59055392,0.039613992
1,444,1.0108688,0.08069276,0.59055392,0.039613992
1,445,1.0108688,0.08069276,0.59055392,0.039613992
1,446,1.0108688,0.08069276,0.59055392,0.039613992
1,447,1.0113334,0.080871191,0.58940373,0.039285005
1,448,1.0113334,0.080871191,0.58940373,0.039285005
1,449,1.0028491,0.080352111,0.59304923,0.03977131
1,450,1.0028491,0.080352111,0.59304923,0.03977131
1,451,1.0028491,0.080352111,0.59304923,0.03977131
1,452,1.0028491,0.080352111,0.59304923,0.03977131
1,453,1.0028491,0.080352111,0.59304923,0.03977131
1,454,0.99795679,0.080688787,0.59731141,0.040006537
1,455,0.99795679,0.080688787,0.59731141,0.040006537
1,456,0.99795679,0.080688787,0.59731141,0.040006537
1,457,1.0041567,0.080677936,0.59542053,0.040043215
1,458,1.0045948,0.080823421,0.59407216,0.039788402
1,459,1.0043955,0.080087527,0.59369186,0.039801206
1,460,1.0019348,0.080215387,0.59540915,0.040007156
1,461,1.0019348,0.080215387,0.59540915,0.040007156
1,462,1.0019348,0.080215387,0.59540915,0.040007156
1,463,1.0019348,0.080215387,0.59540915,0.040007156
1,464,1.0019348,0.080215387,0.59540915,0.040007156
1,465,1.0019348,0.080215387,0.59540915,0.040007156
1,466,1.0019348,0.080215387,0.59540915,0.040007156
1,467,1.0019348,0.080215387,0.59540915,0.040007156
1,468,1.0019348,0.080215387,0.59540915,0.040007156
1,469,0.99836297,0.079526262,0.59400609,0.040052945
1,470,0.99836297,0.079526262,0.59400609,0.040052945
1,471,0.99836297,0.079526262,0.59400609,0.040052945
1,472,0.99836297,0.079526262,0.59400609,0.040052945
1,473,0.99793178,0.078901703,0.60099838,0.03976296
1,474,0.99793178,0.078901703,0.60099838,0.03976296
1,475,0.99295676,0.078494873,0.59716521,0.040268152
1,476,0.99295676,0.078494873,0.59716521,0.040268152
1,477,0.9926912,0.07846733,0.59930553,0.04039953
1,478,0.9926912,0.07846733,0.59930553,0.04039953
1,479,0.9926912,0.07846733,0.59930553,0.04039953
1,480,1.0005575,0.078498968,0.59679915,0.040317629
1,481,0.99595641,0.078785649,0.59628622,0.040128204
1,482,0.99595641,0.078785649,0.59628622,0.040128204
1,483,0.9977374,0.079937212,0.59151977,0.040121396
1,484,0.99818361,0.080165379,0.59372592,0.040198101
1,485,1.0018167,0.080096028,0.59290411,0.039935764
1,486,1.0018167,0.080096028,0.59290411,0.039935764
1,487,1.0018167,0.080096028,0.59290411,0.039935764
1,488,1.0018167,0.080096028,0.59290411,0.039935764
1,489,1.0018167,0.080096028,0.59290411,0.039935764
1,490,1.0018167,0.080096028,0.59290411,0.039935764
1,491,1.0012399,0.080355303,0.59656152,0.04004131
1,492,1.0012399,0.080355303,0.59656152,0.04004131
1,493,1.0012399,0.080355303,0.59656152,0.04004131
1,494,1.0012399,0.080355303,0.59656152,0.04004131
1,495,1.0012399,0.080355303,0.59656152,0.04004131
1,496,0.99987788,0.080158047,0.59527696,0.039979141
1,497,0.99987788,0.080158047,0.59527696,0.039979141
1,498,0.99987788,0.080158047,0.59527696,0.039979141
1,499,0.99987788,0.080158047,0.59527696,0.039979141
1,500,0.99987788,0.080158047,0.59527696,0.039979141
1,501,0.99987788,0.080158047,0.59527696,0.039979141
1,502,0.99987788,0.080158047,0.59527696,0.039979141
1,503,0.99987788,0.080158047,0.59527696,0.039979141
1,504,0.99987788,0.080158047,0.59527696,0.039979141
1,505,0.99987788,0.080158047,0.59527696,0.039979141
1,506,0.99643362,0.080147747,0.59706317,0.040144249
1,507,0.99721447,0.079297903,0.59581361,0.040220326
1,508,0.99721447,0.079297903,0.59581361,0.040220326
1,509,0.99724157,0.079857745,0.59609288,0.039975798
1,510,0.99724157,0.079857745,0.59609288,0.039975798
1,511,0.99724157,0.079857745,0.59609288,0.039975798
1,512,0.99724157,0.079857745,0.59609288,0.039975798
1,513,0.99724157,0.079857745,0.59609288,0.039975798
1,514,0.99724157,0.079857745,0.59609288,0.039975798
1,515,1.0015349,0.07948411,0.59590785,0.039924267
1,516,1.0015349,0.07948411,0.59590785,0.039924267
1,517,1.0015349,0.07948411,0.59590785,0.039924267
1,518,1.0015349,0.07948411,0.59590785,0.039924267
1,519,1.0015349,0.07948411,0.59590785,0.039924267
1,520,1.0015349,0.07948411,0.59590785,0.039924267
1,521,1.0030467,0.079596705,0.59303097,0.040183077
1,522,1.0030467,0.079596705,0.59303097,0.040183077
1,523,1.0030467,0.079596705,0.59303097,0.040183077
1,524,1.0030467,0.079596705,0.59303097,0.040183077
1,525,1.0030467,0.079596705,0.59303097,0.040183077
1,526,1.0030467,0.079596705,0.59303097,0.040183077
1,527,1.0030467,0.079596705,0.59303097,0.040183077
1,528,1.0073778,0.080371006,0.59252542,0.040071744
1,529,1.0111042,0.08017066,0.59092517,0.040086209
1,530,1.0116553,0.080447748,0.59112512,0.040132654
1,531,1.0116553,0.080447748,0.59112512,0.040132654
1,532,1.0035282,0.079630009,0.59021918,0.040357924
1,533,1.0035282,0.079630009,0.59021918,0.040357924
1,534,1.0082824,0.080189261,0.59090096,0.039878086
1,535,1.0082824,0.080189261,0.59090096,0.039878086
1,536,1.0082824,0.080189261,0.59090096,0.039878086
1,537,1.0056287,0.079664686,0.59118261,0.039901271
1,538,1.0056287,0.079664686,0.59118261,0.039901271
1,539,1.0056287,0.079664686,0.59118261,0.039901271
1,540,1.0056287,0.079664686,0.59118261,0.039901271
1,541,1.0056287,0.079664686,0.59118261,0.039901271
1,542,1.0050924,0.080166754,0.59119822,0.039853573
1,543,1.0050924,0.080166754,0.59119822,0.039853573
1,544,1.0050924,0.080166754,0.59119822,0.039853573
1,545,1.0050924,0.080166754,0.59119822,0.039853573
1,546,1.0107225,0.08050886,0.59271768,0.039492699
1,547,1.0107225,0.08050886,0.59271768,0.039492699
1,548,1.0107225,0.08050886,0.59271768,0.039492699
1,549,1.0049487,0.08037822,0.59280826,0.039519637
1,550,1.0099167,0.080082635,0.59241412,0.039848288
1,551,1.0099167,0.080082635,0.59241412,0.039848288
1,552,1.0099167,0.080082635,0.59241412,0.039848288
1,553,1.0099768,0.080281934,0.59123144,0.039723875
1,554,1.0039112,0.080000697,0.59274515,0.040191723
1,555,1.0039112,0.080000697,0.59274515,0.040191723
1,556,1.0047627,0.080328845,0.59268679,0.039886182
1,557,1.0047627,0.080328845,0.59268679,0.039886182
1,558,1.0047627,0.080328845,0.59268679,0.039886182
1,559,1.0077322,0.079986162,0.59560189,0.039782648
1,560,1.00119,0.079538345,0.59918049,0.039995381
1,561,1.0041301,0.080824558,0.59358907,0.039580621
1,562,1.0083374,0.080494081,0.59091058,0.039506633
1,563,1.0026372,0.079639589,0.59386019,0.039965721
1,564,1.0018422,0.079368731,0.59591755,0.039969832
1,565,1.0018422,0.079368731,0.59591755,0.039969832
1,566,1.0018422,0.079368731,0.59591755,0.039969832
1,567,1.006684,0.080101759,0.59481378,0.039632559
1,568,1.0023798,0.080088825,0.5929382,0.039919799
1,569,1.0023798,0.080088825,0.5929382,0.039919799
1,570,1.0023798,0.080088825,0.5929382,0.039919799
1,571,1.0006133,0.080011345,0.59451075,0.039930853
1,572,1.0006133,0.080011345,0.59451075,0.039930853
1,573,1.0006133,0.080011345,0.59451075,0.039930853
1,574,1.0006133,0.080011345,0.59451075,0.039930853
1,575,1.0052077,0.080159141,0.59397197,0.040045416
1,576,1.0018794,0.079607473,0.5943644,0.040225757
1,577,1.0018794,0.079607473,0.5943644,0.040225757
1,578,1.0042015,0.079552993,0.59651677,0.040161264
1,579,1.0005441,0.080135194,0.5926568,0.040399638
1,580,1.0061604,0.080027158,0.59262369,0.040205312
1,581,1.0061604,0.080027158,0.59262369,0.040205312
1,582,1.0046779,0.079800031,0.59203995,0.039798468
1,583,1.0084183,0.080912661,0.59414253,0.039872037
1,584,1.0070012,0.081047588,0.59058348,0.039960578
1,585,1.0096439,0.081491605,0.59414307,0.039799181
1,586,1.0096439,0.081491605,0.59414307,0.039799181
1,587,1.0126659,0.08135519,0.59005544,0.039732011
1,588,1.0126659,0.08135519,0.59005544,0.039732011
1,589,1.0126659,0.08135519,0.59005544,0.039732011
1,590,1.0126659,0.08135519,0.59005544,0.039732011
1,591,1.0102781,0.081918976,0.58726476,0.039545576
1,592,1.0152748,0.081417709,0.58735668,0.039573648
1,593,1.0123881,0.08169936,0.58552349,0.039704148
1,594,1.0123881,0.08169936,0.58552349,0.039704148
1,595,1.0123881,0.08169936,0.58552349,0.039704148
1,596,1.0123881,0.08169936,0.58552349,0.039704148
1,597,1.0123881,0.08169936,0.58552349,0.039704148
1,598,1.0123881,0.08169936,0.58552349,0.039704148
1,599,1.0106385,0.081732021,0.58972741,0.039529367
1,600,0.99821196,0.080737269,0.59515214,0.040174157
1,601,0.99821196,0.080737269,0.59515214,0.040174157
1,602,0.99821196,0.080737269,0.59515214,0.040174157
1,603,0.99918661,0.08045179,0.59338808,0.0400759
1,604,0.99918661,0.08045179,0.59338808,0.0400759
1,605,1.0050853,0.080909143,0.59284801,0.039699088
1,606,1.0050853,0.080909143,0.59284801,0.039699088
1,607,1.0050853,0.080909143,0.59284801,0.039699088
1,608,1.0045984,0.081183805,0.59015192,0.039450189
1,609,1.0030764,0.081197344,0.59281457,0.0396642
1,610,1.0045744,0.081174821,0.59176806,0.039579349
1,611,1.0055647,0.081303623,0.59069441,0.039769989
1,612,1.0055647,0.081303623,0.59069441,0.039769989
1,613,1.0034338,0.08046117,0.59261541,0.039798182
1,614,1.0034338,0.08046117,0.59261541,0.039798182
1,615,1.0034338,0.08046117,0.59261541,0.039798182
1,616,1.0034338,0.08046117,0.59261541,0.039798182
1,617,1.0013236,0.080125391,0.592339,0.040120427
1,618,1.0013236,0.080125391,0.592339,0.040120427
1,619,1.0027031,0.080193924,0.59490307,0.039668322
1,620,1.0009228,0.080291111,0.59450293,0.039780994
1,621,1.0009228,0.080291111,0.59450293,0.039780994
1,622,1.0009228,0.080291111,0.59450293,0.039780994
1,623,1.000779,0.079739993,0.59659634,0.039903356
1,624,1.000779,0.079739993,0.59659634,0.039903356
1,625,1.000779,0.079739993,0.59659634,0.039903356
1,626,1.000779,0.079739993,0.59659634,0.039903356
1,627,1.000779,0.079739993,0.59659634,0.039903356
1,628,1.0012903,0.079786161,0.59593204,0.040091671
1,629,1.0049104,0.079469252,0.59616626,0.040054212
1,630,1.002947,0.080096479,0.5948789,0.040059307
1,631,1.002947,0.080096479,0.5948789,0.040059307
1,632,1.002947,0.080096479,0.5948789,0.040059307
1,633,1.002947,0.080096479,0.5948789,0.040059307
1,634,1.0066087,0.080496988,0.59197627,0.039871326
1,635,1.0066087,0.080496988,0.59197627,0.039871326
1,636,1.0066087,0.080496988,0.59197627,0.039871326
1,637,1.0066087,0.080496988,0.59197627,0.039871326
1,638,1.0040675,0.08076142,0.59386189,0.039834083
1,639,1.0054587,0.080706329,0.59361227,0.040128889
1,640,1.0079428,0.080777746,0.59272675,0.039597577
1,641,1.0079428,0.080777746,0.59272675,0.039597577
1,642,1.0079428,0.080777746,0.59272675,0.039597577
1,643,1.0116488,0.081367434,0.58967498,0.039579441
1,644,1.0116488,0.081367434,0.58967498,0.039579441
1,645,1.0116488,0.081367434,0.58967498,0.039579441
1,646,1.0116488,0.081367434,0.58967498,0.039579441
1,647,1.0116488,0.081367434,0.58967498,0.039579441
1,648,1.0118754,0.081747689,0.58922198,0.039371772
1,649,1.0118754,0.081747689,0.58922198,0.039371772
1,650,1.0118754,0.081747689,0.58922198,0.039371772
1,651,1.0154509,0.081300325,0.58594968,0.039512709
1,652,1.0154509,0.081300325,0.58594968,0.039512709
1,653,1.0154509,0.081300325,0.58594968,0.039512709
1,654,1.0154509,0.081300325,0.58594968,0.039512709
1,655,1.0154509,0.081300325,0.58594968,0.039512709
1,656,1.0160949,0.08197049,0.58510459,0.039583327
1,657,1.0160949,0.08197049,0.58510459,0.039583327
1,658,1.0160949,0.08197049,0.58510459,0.039583327
1,659,1.0143934,0.081911432,0.58861542,0.039548806
1,660,1.0143934,0.081911432,0.58861542,0.039548806
1,661,1.0120265,0.081302735,0.58778152,0.03963198
1,662,1.0120265,0.081302735,0.58778152,0.03963198
1,663,1.0120265,0.081302735,0.58778152,0.03963198
1,664,1.0120265,0.081302735,0.58778152,0.03963198
1,665,1.015602,0.080784869,0.5865846,0.039573232
1,666,1.015602,0.080784869,0.5865846,0.039573232
1,667,1.015602,0.080784869,0.5865846,0.039573232
1,668,1.015602,0.080784869,0.5865846,0.039573232
1,669,1.015602,0.080784869,0.5865846,0.039573232
1,670,1.015602,0.080784869,0.5865846,0.039573232
1,671,1.015602,0.080784869,0.5865846,0.039573232
1,672,1.015602,0.080784869,0.5865846,0.039573232
1,673,1.015602,0.080784869,0.5865846,0.039573232
1,674,1.015602,0.080784869,0.5865846,0.039573232
1,675,1.015602,0.080784869,0.5865846,0.039573232
1,676,1.015602,0.080784869,0.5865846,0.039573232
1,677,1.0098541,0.080797339,0.59236797,0.039706032
1,678,1.0049053,0.080373991,0.59205766,0.039814538
1,679,1.0049053,0.080373991,0.59205766,0.039814538
1,680,1.0049053,0.080373991,0.59205766,0.039814538
1,681,1.0049053,0.080373991,0.59205766,0.039814538
1,682,1.0049053,0.080373991,0.59205766,0.039814538
1,683,0.9989585,0.080388952,0.59492372,0.040185462
1,684,0.9989585,0.080388952,0.59492372,0.040185462
1,685,1.0059854,0.080353854,0.59353413,0.039958766
1,686,1.006367,0.079946817,0.59405459,0.039820765
1,687,1.006367,0.079946817,0.59405459,0.039820765
1,688,1.006367,0.079946817,0.59405459,0.039820765
1,689,1.006367,0.079946817,0.59405459,0.039820765
1,690,1.006367,0.079946817,0.59405459,0.039820765
1,691,1.0053474,0.080218158,0.59373161,0.039613893
1,692,1.0053474,0.080218158,0.59373161,0.039613893
1,693,1.0117043,0.08086343,0.59151745,0.039723577
1,694,1.0117043,0.08086343,0.59151745,0.039723577
1,695,1.0083476,0.081076948,0.59470258,0.039655869
1,696,1.0083476,0.081076948,0.59470258,0.039655869
1,697,1.0083476,0.081076948,0.59470258,0.039655869
1,698,1.0083476,0.081076948,0.59470258,0.039655869
1,699,1.0110545,0.081668545,0.59152129,0.039480038
1,700,1.0097979,0.081033986,0.59094735,0.039449906
1,701,1.0148169,0.081428305,0.59130226,0.03984901
1,702,1.0117894,0.081423202,0.58769803,0.039382879
1,703,1.0117894,0.081423202,0.58769803,0.039382879
1,704,1.0117894,0.081423202,0.58769803,0.039382879
1,705,1.0117894,0.081423202,0.58769803,0.039382879
1,706,1.0126265,0.081628751,0.58906695,0.039317201
1,707,1.0095722,0.080938386,0.59100201,0.039406255
1,708,1.0095722,0.080938386,0.59100201,0.039406255
1,709,1.0095722,0.080938386,0.59100201,0.039406255
1,710,1.0095722,0.080938386,0.59100201,0.039406255
1,711,1.0095722,0.080938386,0.59100201,0.039406255
1,712,1.0095722,0.080938386,0.59100201,0.039406255
1,713,1.0095722,0.080938386,0.59100201,0.039406255
1,714,1.0095722,0.080938386,0.59100201,0.039406255
1,715,1.0095722,0.080938386,0.59100201,0.039406255
1,716,1.0095722,0.080938386,0.59100201,0.039406255
1,717,1.0095722,0.080938386,0.59100201,0.039406255
1,718,1.0095722,0.080938386,0.59100201,0.039406255
1,719,1.0095722,0.080938386,0.59100201,0.039406255
1,720,1.0129056,0.080728349,0.59020076,0.039777111
1,721,1.0129056,0.080728349,0.59020076,0.039777111
1,722,1.0129056,0.080728349,0.59020076,0.039777111
1,723,1.0129056,0.080728349,0.59020076,0.039777111
1,724,1.0011711,0.080598522,0.59202383,0.04046368
1,725,1.0011711,0.080598522,0.59202383,0.04046368
1,726,1.0011711,0.080598522,0.59202383,0.04046368
1,727,1.002862,0.080952915,0.59235075,0.039909408
1,728,1.002862,0.080952915,0.59235075,0.039909408
1,729,1.002862,0.080952915,0.59235075,0.039909408
1,730,1.0131981,0.08082239,0.58793038,0.039729238
1,731,1.0131981,0.08082239,0.58793038,0.039729238
1,732,1.008988,0.080970561,0.59197046,0.03983443
1,733,1.008988,0.080970561,0.59197046,0.03983443
1,734,1.0079993,0.081152099,0.59063812,0.039775472
1,735,1.0079993,0.081152099,0.59063812,0.039775472
1,736,1.0075111,0.079934953,0.59326239,0.039914323
1,737,1.0075111,0.079934953,0.59326239,0.039914323
1,738,1.0075111,0.079934953,0.59326239,0.039914323
1,739,1.0075111,0.079934953,0.59326239,0.039914323
1,740,1.0005299,0.08068483,0.59394984,0.039623838
1,741,1.0005299,0.08068483,0.59394984,0.039623838
1,742,1.0003968,0.080449155,0.59476353,0.03987292
1,743,1.0025052,0.080205129,0.59318326,0.039834767
1,744,1.0025052,0.080205129,0.59318326,0.039834767
1,745,1.0025052,0.080205129,0.59318326,0.039834767
1,746,1.0025052,0.080205129,0.59318326,0.039834767
1,747,1.0025052,0.080205129,0.59318326,0.039834767
1,748,1.0025052,0.080205129,0.59318326,0.039834767
1,749,1.0025052,0.080205129,0.59318326,0.039834767
1,750,1.0025052,0.080205129,0.59318326,0.039834767
1,751,1.0025052,0.080205129,0.59318326,0.039834767
1,752,1.0077242,0.079843594,0.59257629,0.04002
1,753,1.0077242,0.079843594,0.59257629,0.04002
1,754,1.0091935,0.080156013,0.59343325,0.039400336
1,755,1.0091935,0.080156013,0.59343325,0.039400336
1,756,1.0091935,0.080156013,0.59343325,0.039400336
1,757,1.0091935,0.080156013,0.59343325,0.039400336
1,758,1.0091935,0.080156013,0.59343325,0.039400336
1,759,1.0120691,0.081619082,0.59040663,0.039796033
1,760,1.006238,0.081491302,0.59062502,0.039681896
1,761,1.0021463,0.080608497,0.59258929,0.039834319
1,762,1.0011453,0.080493819,0.59279545,0.040163942
1,763,1.0011453,0.080493819,0.59279545,0.040163942
1,764,1.0011453,0.080493819,0.59279545,0.040163942
1,765,1.0004343,0.080229239,0.59286433,0.039914141
1,766,1.0004343,0.080229239,0.59286433,0.039914141
1,767,1.0004343,0.080229239,0.59286433,0.039914141
1,768,0.99538431,0.080130123,0.59901975,0.040026957
1,769,0.99538431,0.080130123,0.59901975,0.040026957
1,770,0.99538431,0.080130123,0.59901975,0.040026957
1,771,0.99538431,0.080130123,0.59901975,0.040026957
1,772,1.0027734,0.079967687,0.5956439,0.040256166
1,773,1.0027734,0.079967687,0.5956439,0.040256166
1,774,1.0027734,0.079967687,0.5956439,0.040256166
1,775,1.0027734,0.079967687,0.5956439,0.040256166
1,776,0.99526761,0.079641213,0.59617927,0.040311071
1,777,0.9968165,0.079719886,0.59395897,0.040157088
1,778,0.9968165,0.079719886,0.59395897,0.040157088
1,779,0.9968165,0.079719886,0.59395897,0.040157088
1,780,0.99698358,0.079918705,0.59572528,0.039930689
1,781,1.0005421,0.080165655,0.5973474,0.040075115
1,782,1.0001449,0.08099791,0.59329798,0.040058977
1,783,0.99724853,0.080700216,0.59459248,0.040168544
1,784,0.99930367,0.079980492,0.59219667,0.040422672
1,785,1.0049225,0.079737355,0.59651557,0.040375277
1,786,0.99978783,0.079481698,0.59297933,0.040512748
1,787,0.99978783,0.079481698,0.59297933,0.040512748
1,788,0.99925297,0.079232625,0.59411089,0.040058744
1,789,0.99925297,0.079232625,0.59411089,0.040058744
1,790,0.99987257,0.079632654,0.59604718,0.039937118
1,791,1.0012508,0.079635928,0.5967824,0.039708931
1,792,1.0012508,0.079635928,0.5967824,0.039708931
1,793,1.0021881,0.0800241,0.59427659,0.039624462
1,794,1.0086254,0.080486512,0.59412935,0.039980604
1,795,1.0086254,0.080486512,0.59412935,0.039980604
1,796,1.0057027,0.080567037,0.59232485,0.03992346
1,797,1.0057027,0.080567037,0.59232485,0.03992346
1,798,1.0057027,0.080567037,0.59232485,0.03992346
1,799,1.0057027,0.080567037,0.59232485,0.03992346
1,800,1.008701,0.080698698,0.59215401,0.039900543
1,801,1.0068045,0.080498768,0.59550654,0.040013418
1,802,1.0068045,0.080498768,0.59550654,0.040013418
1,803,1.0068045,0.080498768,0.59550654,0.040013418
1,804,1.0068045,0.080498768,0.59550654,0.040013418
1,805,1.0068045,0.080498768,0.59550654,0.040013418
1,806,1.0068045,0.080498768,0.59550654,0.040013418
1,807,0.99774096,0.079992095,0.59629355,0.04009512
1,808,0.99774096,0.079992095,0.59629355,0.04009512
1,809,0.99774096,0.079992095,0.59629355,0.04009512
1,810,0.99755333,0.080467334,0.59515709,0.040098623
1,811,0.99755333,0.080467334,0.59515709,0.040098623
1,812,0.99755333,0.080467334,0.59515709,0.040098623
1,813,0.99755333,0.080467334,0.59515709,0.040098623
1,814,0.99755333,0.080467334,0.59515709,0.040098623
1,815,0.99755333,0.080467334,0.59515709,0.040098623
1,816,0.99755333,0.080467334,0.59515709,0.040098623
1,817,1.0007075,0.080264979,0.59505057,0.039820985
1,818,1.0007075,0.080264979,0.59505057,0.039820985
1,819,1.0007075,0.080264979,0.59505057,0.039820985
1,820,1.0007075,0.080264979,0.59505057,0.039820985
1,821,1.0056821,0.081268411,0.5920089,0.039865655
1,822,1.0056821,0.081268411,0.5920089,0.039865655
1,823,1.0030272,0.080553851,0.59613825,0.04034169
1,824,1.0024615,0.080722279,0.59430669,0.04010616
1,825,1.0024615,0.080722279,0.59430669,0.04010616
1,826,1.0024615,0.080722279,0.59430669,0.04010616
1,827,1.0024615,0.080722279,0.59430669,0.04010616
1,828,1.0036922,0.079399954,0.59558999,0.040293188
1,829,1.0036922,0.079399954,0.59558999,0.040293188
1,830,0.99886456,0.078695329,0.59730657,0.040153894
1,831,0.99886456,0.078695329,0.59730657,0.040153894
1,832,0.99886456,0.078695329,0.59730657,0.040153894
1,833,0.99886456,0.078695329,0.59730657,0.040153894
1,834,0.99886456,0.078695329,0.59730657,0.040153894
1,835,0.99383402,0.080151557,0.59699787,0.040313479
1,836,0.9939279,0.079464442,0.59652796,0.040595801
1,837,0.9939279,0.079464442,0.59652796,0.040595801
1,838,0.9939279,0.079464442,0.59652796,0.040595801
1,839,0.9939279,0.079464442,0.59652796,0.040595801
1,840,0.99397169,0.07947062,0.59758367,0.040543445
1,841,0.9929797,0.078454335,0.60069747,0.040362362
1,842,0.99205259,0.079380378,0.60086447,0.040322392
1,843,0.99205259,0.079380378,0.60086447,0.040322392
1,844,0.99503275,0.079186715,0.60006528,0.040479934
1,845,0.99503275,0.079186715,0.60006528,0.040479934
1,846,0.99444853,0.079213218,0.60071568,0.040220331
1,847,0.99112272,0.078915472,0.60130486,0.040117972
1,848,0.99112272,0.078915472,0.60130486,0.040117972
1,849,0.99112272,0.078915472,0.60130486,0.040117972
1,850,0.99112272,0.078915472,0.60130486,0.040117972
1,851,0.99014409,0.078612378,0.60312373,0.040066382
1,852,0.99014409,0.078612378,0.60312373,0.040066382
1,853,0.99014409,0.078612378,0.60312373,0.040066382
1,854,0.98934925,0.078688444,0.59935771,0.040252532
1,855,0.98934925,0.078688444,0.59935771,0.040252532
1,856,0.99823137,0.077937541,0.59918299,0.040155307
1,857,0.9980875,0.078211712,0.59669951,0.04043185
1,858,0.9995019,0.078571242,0.59743636,0.039861232
1,859,0.99357159,0.079467036,0.60082954,0.039619287
1,860,1.0007579,0.080471143,0.59499082,0.040089838
1,861,1.0007579,0.080471143,0.59499082,0.040089838
1,862,1.0007579,0.080471143,0.59499082,0.040089838
1,863,1.0032255,0.080640287,0.59248152,0.040138479
1,864,1.0032255,0.080640287,0.59248152,0.040138479
1,865,1.0032255,0.080640287,0.59248152,0.040138479
1,866,1.0032255,0.080640287,0.59248152,0.040138479
1,867,1.0020792,0.081072451,0.59209272,0.040103578
1,868,1.0020792,0.081072451,0.59209272,0.040103578
1,869,1.0086589,0.081080823,0.59285321,0.039980867
1,870,1.0086589,0.081080823,0.59285321,0.039980867
1,871,1.0090645,0.081466482,0.59243996,0.039768816
1,872,1.0096,0.080633132,0.58925046,0.039916315
1,873,1.0096,0.080633132,0.58925046,0.039916315
1,874,1.0096,0.080633132,0.58925046,0.039916315
1,875,1.0096,0.080633132,0.58925046,0.039916315
1,876,1.0096,0.080633132,0.58925046,0.039916315
1,877,1.0096,0.080633132,0.58925046,0.039916315
1,878,1.0096,0.080633132,0.58925046,0.039916315
1,879,1.0118496,0.080437447,0.59034479,0.03986194
1,880,1.0105405,0.081051567,0.58900137,0.039734328
1,881,1.0105405,0.081051567,0.58900137,0.039734328
1,882,1.0105405,0.081051567,0.58900137,0.039734328
1,883,1.0105405,0.081051567,0.58900137,0.039734328
1,884,1.0105405,0.081051567,0.58900137,0.039734328
1,885,1.0092136,0.080851128,0.58982305,0.040112166
1,886,1.0092136,0.080851128,0.58982305,0.040112166
1,887,1.0054193,0.08061393,0.59006481,0.039885176
1,888,1.0066132,0.080456913,0.58989606,0.039754451
1,889,1.0071336,0.081578257,0.58982986,0.03963773
1,890,1.0071336,0.081578257,0.58982986,0.03963773
1,891,1.0071336,0.081578257,0.58982986,0.03963773
1,892,1.0071336,0.081578257,0.58982986,0.03963773
1,893,1.0071336,0.081578257,0.58982986,0.03963773
1,894,1.0031362,0.080276204,0.59090764,0.039815912
1,895,1.0070687,0.080954837,0.59129724,0.039904532
1,896,1.0059181,0.08079164,0.59120671,0.039743495
1,897,1.0035928,0.080606459,0.59529043,0.040116673
1,898,1.0025611,0.079432788,0.59288522,0.040083074
1,899,1.0025611,0.079432788,0.59288522,0.040083074
1,900,1.0025611,0.079432788,0.59288522,0.040083074
1,901,1.0025611,0.079432788,0.59288522,0.040083074
1,902,1.0025611,0.079432788,0.59288522,0.040083074
1,903,1.0000836,0.079910062,0.59528077,0.039743695
1,904,1.0000836,0.079910062,0.59528077,0.039743695
1,905,1.0041622,0.080071164,0.5951114,0.040086881
1,906,1.0041622,0.080071164,0.5951114,0.040086881
1,907,1.0041622,0.080071164,0.5951114,0.040086881
1,908,1.0047882,0.080547845,0.59423762,0.039952774
1,909,1.0041222,0.080354936,0.5938311,0.039940635
1,910,1.0041222,0.080354936,0.5938311,0.039940635
1,911,1.0041222,0.080354936,0.5938311,0.039940635
1,912,1.0041222,0.080354936,0.5938311,0.039940635
1,913,1.0027686,0.080778269,0.59446641,0.039880751
1,914,1.0027686,0.080778269,0.59446641,0.039880751
1,915,1.0027686,0.080778269,0.59446641,0.039880751
1,916,1.0050763,0.081039101,0.59510008,0.039705823
1,917,1.0030424,0.080636647,0.59558413,0.039814388
1,918,0.99999289,0.08026288,0.59600717,0.039753283
1,919,0.99999289,0.08026288,0.59600717,0.039753283
1,920,0.99999289,0.08026288,0.59600717,0.039753283
1,921,1.003848,0.079848251,0.59521259,0.039764762
1,922,1.003848,0.079848251,0.59521259,0.039764762
1,923,1.003848,0.079848251,0.59521259,0.039764762
1,924,1.003848,0.079848251,0.59521259,0.039764762
1,925,1.003848,0.079848251,0.59521259,0.039764762
1,926,1.003848,0.079848251,0.59521259,0.039764762
1,927,1.003848,0.079848251,0.59521259,0.039764762
1,928,1.003848,0.079848251,0.59521259,0.039764762
1,929,1.0056846,0.079711571,0.59326777,0.039932684
1,930,1.0056846,0.079711571,0.59326777,0.039932684
1,931,0.9976227,0.079105784,0.59362464,0.040355969
1,932,0.9976227,0.079105784,0.59362464,0.040355969
1,933,1.002371,0.078767535,0.5964672,0.04021931
1,934,0.99751312,0.078947219,0.60062579,0.040597707
1,935,0.99751312,0.078947219,0.60062579,0.040597707
1,936,0.99751312,0.078947219,0.60062579,0.040597707
1,937,0.99501768,0.078562296,0.60120261,0.040228106
1,938,0.99501768,0.078562296,0.60120261,0.040228106
1,939,0.99501768,0.078562296,0.60120261,0.040228106
1,940,0.99584312,0.078698996,0.60056728,0.040261737
1,941,0.99584312,0.078698996,0.60056728,0.040261737
1,942,0.99584312,0.078698996,0.60056728,0.040261737
1,943,0.98854081,0.078377706,0.60195194,0.040500081
1,944,0.98854081,0.078377706,0.60195194,0.040500081
1,945,0.98854081,0.078377706,0.60195194,0.040500081
1,946,0.99281275,0.078519099,0.60300209,0.040334664
1,947,0.99281275,0.078519099,0.60300209,0.040334664
1,948,0.9942087,0.07904179,0.60163075,0.040446785
1,949,0.9942087,0.07904179,0.60163075,0.040446785
1,950,0.99348681,0.07920193,0.59983518,0.040195007
1,951,0.99348681,0.07920193,0.59983518,0.040195007
1,952,0.99348681,0.07920193,0.59983518,0.040195007
1,953,0.99656314,0.078972106,0.59748772,0.040190221
1,954,0.99485355,0.079219193,0.59663905,0.040326855
1,955,0.99485355,0.079219193,0.59663905,0.040326855
1,956,0.99829267,0.079302649,0.59803184,0.040272426
1,957,0.99812035,0.079543237,0.59527478,0.040291394
1,958,0.99560977,0.079475075,0.595669,0.040341445
1,959,0.99560977,0.079475075,0.595669,0.040341445
1,960,0.99560977,0.079475075,0.595669,0.040341445
1,961,0.99560977,0.079475075,0.595669,0.040341445
1,962,0.99560977,0.079475075,0.595669,0.040341445
1,963,0.99560977,0.079475075,0.595669,0.040341445
1,964,0.99560977,0.079475075,0.595669,0.040341445
1,965,0.99560977,0.079475075,0.595669,0.040341445
1,966,0.99560977,0.079475075,0.595669,0.040341445
1,967,0.99560977,0.079475075,0.595669,0.040341445
1,968,0.99560977,0.079475075,0.595669,0.040341445
1,969,0.99919961,0.080314596,0.59585209,0.040194265
1,970,1.0037202,0.079936595,0.59520516,0.039968576
1,971,1.0037202,0.079936595,0.59520516,0.039968576
1,972,1.0037202,0.079936595,0.59520516,0.039968576
1,973,1.0037202,0.079936595,0.59520516,0.039968576
1,974,1.0037202,0.079936595,0.59520516,0.039968576
1,975,1.0037202,0.079936595,0.59520516,0.039968576
1,976,1.0037202,0.079936595,0.59520516,0.039968576
1,977,1.0037202,0.079936595,0.59520516,0.039968576
1,978,1.0037202,0.079936595,0.59520516,0.039968576
1,979,1.0037202,0.079936595,0.59520516,0.039968576
1,980,1.0037202,0.079936595,0.59520516,0.039968576
1,981,1.0037202,0.079936595,0.59520516,0.039968576
1,982,1.0037202,0.079936595,0.59520516,0.039968576
1,983,1.0037202,0.079936595,0.59520516,0.039968576
1,984,1.0037202,0.079936595,0.59520516,0.039968576
1,985,1.0037202,0.079936595,0.59520516,0.039968576
1,986,1.0037202,0.079936595,0.59520516,0.039968576
1,987,1.0037202,0.079936595,0.59520516,0.039968576
1,988,1.0037202,0.079936595,0.59520516,0.039968576
1,989,1.0073606,0.080254775,0.59521134,0.039930858
1,990,1.0073606,0.080254775,0.59521134,0.039930858
1,991,1.0071974,0.079826871,0.59269595,0.039987056
1,992,1.0071974,0.079826871,0.59269595,0.039987056
1,993,1.0071974,0.079826871,0.59269595,0.039987056
1,994,1.0071974,0.079826871,0.59269595,0.039987056
1,995,1.0071974,0.079826871,0.59269595,0.039987056
1,996,1.0071974,0.079826871,0.59269595,0.039987056
1,997,1.0068665,0.080014505,0.58982148,0.039935986
1,998,1.0041883,0.080665819,0.59155085,0.039952699
1,999,1.0041883,0.080665819,0.59155085,0.039952699
